{"textures":{"0":"modelengine:entity/wolf_main","1":"modelengine:entity/wolf_extra"},"elements":[{"from":[6.857143,4.137098,4.882516],"to":[8.571428,6.4228125,9.453945],"rotation":{"angle":-45.0,"axis":"x","origin":[8.571428,5.279955,5.4539447]},"faces":{"east":{"uv":[12.0,2.875,13.0,3.375],"rotation":0,"texture":"#0","tintindex":0},"south":{"uv":[4.75,13.25,5.125,13.75],"rotation":0,"texture":"#0","tintindex":0},"north":{"uv":[13.25,3.875,13.625,4.375],"rotation":0,"texture":"#0","tintindex":0},"west":{"uv":[0.625,12.125,1.625,12.625],"rotation":0,"texture":"#0","tintindex":0},"up":{"uv":[10.375,9.625,10.0,8.625],"rotation":0,"texture":"#0","tintindex":0},"down":{"uv":[3.375,10.625,3.0,11.625],"rotation":0,"texture":"#0","tintindex":0}}},{"from":[6.285714,3.733037,2.7641692],"to":[9.142858,6.018751,5.621312],"rotation":{"angle":0.0,"axis":"y","origin":[8.571428,4.875894,3.9070263]},"faces":{"east":{"uv":[12.375,12.625,13.0,13.125],"rotation":0,"texture":"#0","tintindex":0},"south":{"uv":[0.0,12.75,0.625,13.25],"rotation":0,"texture":"#0","tintindex":0},"north":{"uv":[10.5,8.125,11.125,8.625],"rotation":0,"texture":"#0","tintindex":0},"west":{"uv":[12.75,4.375,13.375,4.875],"rotation":0,"texture":"#0","tintindex":0},"up":{"uv":[4.0,10.125,3.375,9.5],"rotation":0,"texture":"#0","tintindex":0},"down":{"uv":[7.875,12.5,7.25,13.125],"rotation":0,"texture":"#0","tintindex":0}}},{"from":[6.2799997,3.3826795,1.5742311],"to":[9.148571,5.668393,3.288517],"rotation":{"angle":-22.5,"axis":"x","origin":[8.571428,4.5255365,2.1456594]},"faces":{"east":{"uv":[13.25,8.875,13.625,9.375],"rotation":0,"texture":"#0","tintindex":0},"south":{"uv":[6.625,12.875,7.25,13.375],"rotation":0,"texture":"#0","tintindex":0},"north":{"uv":[4.75,12.75,5.375,13.25],"rotation":0,"texture":"#0","tintindex":0},"west":{"uv":[13.25,10.625,13.625,11.125],"rotation":0,"texture":"#0","tintindex":0},"up":{"uv":[7.5,1.375,6.875,1.0],"rotation":0,"texture":"#0","tintindex":0},"down":{"uv":[8.125,2.25,7.5,2.625],"rotation":0,"texture":"#0","tintindex":0}}},{"from":[6.285714,3.4285712,0.0],"to":[9.142858,5.142857,0.0],"rotation":{"angle":22.5,"axis":"x","origin":[8.0,2.2857141,1.1428566]},"faces":{"east":{"uv":[0.0,0.0,0.0,0.6],"rotation":0,"texture":"#1","tintindex":0},"south":{"uv":[14.0,9.2,15.0,9.8],"rotation":0,"texture":"#1","tintindex":0},"north":{"uv":[14.0,8.6,15.0,9.2],"rotation":0,"texture":"#1","tintindex":0},"west":{"uv":[0.0,0.0,0.0,0.6],"rotation":0,"texture":"#1","tintindex":0},"up":{"uv":[1.0,0.0,0.0,0.0],"rotation":0,"texture":"#1","tintindex":0},"down":{"uv":[1.0,0.0,0.0,0.0],"rotation":0,"texture":"#1","tintindex":0}}}],"display":{"head":{"translation":[0.0,-6.4,0.0],"scale":[4.0,4.0,4.0]}}}