{"textures":{"0":"modelengine:entity/elitemobs_craftenmine_sanctum_texture"},"elements":[{"from":[7.6502714,6.80298,5.833458],"to":[8.4233,7.235876,6.838395],"rotation":{"angle":-22.5,"axis":"x","origin":[7.8939285,6.4438276,5.050212]},"faces":{"east":{"uv":[8.34375,1.875,8.125,1.96875],"rotation":0,"texture":"#0","tintindex":0},"south":{"uv":[9.40625,3.875,9.25,3.96875],"rotation":0,"texture":"#0","tintindex":0},"north":{"uv":[9.40625,3.0,9.25,3.09375],"rotation":0,"texture":"#0","tintindex":0},"west":{"uv":[6.21875,8.0,6.0,8.09375],"rotation":0,"texture":"#0","tintindex":0},"up":{"uv":[5.125,9.34375,5.28125,9.125],"rotation":0,"texture":"#0","tintindex":0},"down":{"uv":[9.125,5.125,9.28125,5.34375],"rotation":0,"texture":"#0","tintindex":0}}},{"from":[7.8435287,6.029951,6.0267153],"to":[8.230042,6.8493614,6.645138],"rotation":{"angle":-22.5,"axis":"x","origin":[7.8939285,6.4438276,5.050212]},"faces":{"east":{"uv":[4.625,5.25,4.5,5.4375],"rotation":0,"texture":"#0","tintindex":0},"south":{"uv":[9.34375,8.25,9.25,8.4375],"rotation":0,"texture":"#0","tintindex":0},"north":{"uv":[8.34375,9.25,8.25,9.4375],"rotation":0,"texture":"#0","tintindex":0},"west":{"uv":[4.625,5.0,4.5,5.1875],"rotation":0,"texture":"#0","tintindex":0},"up":{"uv":[5.5,8.0,5.59375,7.875],"rotation":0,"texture":"#0","tintindex":0},"down":{"uv":[8.0,0.375,8.09375,0.5],"rotation":0,"texture":"#0","tintindex":0}}},{"from":[6.8775287,6.8626766,5.82137],"to":[9.113186,7.6523905,8.760342],"rotation":{"angle":-22.5,"axis":"x","origin":[7.9882145,6.848837,8.030567]},"faces":{"east":{"uv":[8.375,5.75,9.09375,5.9375],"rotation":0,"texture":"#0","tintindex":0},"south":{"uv":[8.75,1.25,9.25,1.4375],"rotation":0,"texture":"#0","tintindex":0},"north":{"uv":[8.75,1.0,9.25,1.1875],"rotation":0,"texture":"#0","tintindex":0},"west":{"uv":[8.375,7.25,9.09375,7.4375],"rotation":0,"texture":"#0","tintindex":0},"up":{"uv":[1.0,7.59375,0.5,6.875],"rotation":0,"texture":"#0","tintindex":0},"down":{"uv":[4.5,6.875,4.0,7.59375],"rotation":0,"texture":"#0","tintindex":0}}},{"from":[6.591814,5.9716854,5.4077487],"to":[9.3989,6.732828,10.003863],"rotation":{"angle":0.0,"axis":"y","origin":[7.9882145,6.848837,8.030567]},"faces":{"east":{"uv":[7.0,8.125,8.0,8.28125],"rotation":0,"texture":"#0","tintindex":0},"south":{"uv":[8.625,7.875,9.25,8.03125],"rotation":0,"texture":"#0","tintindex":0},"north":{"uv":[8.625,6.0,9.25,6.15625],"rotation":0,"texture":"#0","tintindex":0},"west":{"uv":[8.125,7.625,9.125,7.78125],"rotation":0,"texture":"#0","tintindex":0},"up":{"uv":[2.125,5.5,1.5,4.5],"rotation":0,"texture":"#0","tintindex":0},"down":{"uv":[5.125,2.0,4.5,3.0],"rotation":0,"texture":"#0","tintindex":0}}},{"from":[7.0203857,6.3777013,8.012547],"to":[8.970328,9.710273,9.522946],"rotation":{"angle":-22.5,"axis":"x","origin":[7.9882145,7.4764276,8.767055]},"faces":{"east":{"uv":[6.75,8.75,7.09375,9.0],"rotation":0,"texture":"#0","tintindex":0},"south":{"uv":[5.5,8.5,5.9375,8.75],"rotation":0,"texture":"#0","tintindex":0},"north":{"uv":[0.0,7.375,0.4375,7.625],"rotation":0,"texture":"#0","tintindex":0},"west":{"uv":[8.75,6.75,9.09375,7.0],"rotation":0,"texture":"#0","tintindex":0},"up":{"uv":[8.4375,8.59375,8.0,8.25],"rotation":0,"texture":"#0","tintindex":0},"down":{"uv":[0.8125,8.375,0.375,8.71875],"rotation":0,"texture":"#0","tintindex":0}}},{"from":[7.2203856,6.814011,7.325448],"to":[8.741757,9.432297,9.635848],"rotation":{"angle":-22.5,"axis":"x","origin":[7.9882145,7.4764276,8.767055]},"faces":{"east":{"uv":[7.875,7.25,8.375,7.625],"rotation":0,"texture":"#0","tintindex":0},"south":{"uv":[7.625,8.375,7.96875,8.75],"rotation":0,"texture":"#0","tintindex":0},"north":{"uv":[0.625,5.875,0.96875,6.25],"rotation":0,"texture":"#0","tintindex":0},"west":{"uv":[8.0,0.0,8.5,0.375],"rotation":0,"texture":"#0","tintindex":0},"up":{"uv":[8.46875,0.875,8.125,0.375],"rotation":0,"texture":"#0","tintindex":0},"down":{"uv":[8.46875,0.875,8.125,1.375],"rotation":0,"texture":"#0","tintindex":0}}},{"from":[7.5931287,9.99535,8.948629],"to":[8.366158,11.000287,9.381525],"rotation":{"angle":-22.5,"axis":"x","origin":[8.465357,12.069246,16.01805]},"faces":{"east":{"uv":[8.125,1.96875,8.34375,1.875],"rotation":90,"texture":"#0","tintindex":0},"south":{"uv":[5.125,9.34375,5.28125,9.125],"rotation":0,"texture":"#0","tintindex":0},"north":{"uv":[9.125,5.125,9.28125,5.34375],"rotation":180,"texture":"#0","tintindex":0},"west":{"uv":[6.0,8.09375,6.21875,8.0],"rotation":270,"texture":"#0","tintindex":0},"up":{"uv":[9.40625,3.0,9.25,3.09375],"rotation":180,"texture":"#0","tintindex":0},"down":{"uv":[9.40625,3.875,9.25,3.96875],"rotation":0,"texture":"#0","tintindex":0}}},{"from":[7.7863855,10.188606,8.175601],"to":[8.1729,10.80703,8.995011],"rotation":{"angle":-22.5,"axis":"x","origin":[8.465357,12.069246,16.01805]},"faces":{"east":{"uv":[4.5,5.4375,4.625,5.25],"rotation":90,"texture":"#0","tintindex":0},"south":{"uv":[5.5,8.0,5.59375,7.875],"rotation":0,"texture":"#0","tintindex":0},"north":{"uv":[8.0,0.375,8.09375,0.5],"rotation":180,"texture":"#0","tintindex":0},"west":{"uv":[4.5,5.1875,4.625,5.0],"rotation":270,"texture":"#0","tintindex":0},"up":{"uv":[8.34375,9.25,8.25,9.4375],"rotation":180,"texture":"#0","tintindex":0},"down":{"uv":[9.34375,8.25,9.25,8.4375],"rotation":0,"texture":"#0","tintindex":0}}}],"display":{"head":{"translation":[0.0,-6.4,0.0],"scale":[4.0,4.0,4.0]}}}