{"textures":{"0":"modelengine:entity/elitemobs_craftenmine_sanctum_texture"},"elements":[{"from":[6.667886,7.768792,6.605167],"to":[9.332114,8.529935,10.486996],"rotation":{"angle":-22.5,"axis":"x","origin":[8.0,9.577935,8.831796]},"faces":{"east":{"uv":[8.875,1.875,9.40625,2.03125],"rotation":0,"texture":"#0","tintindex":0},"south":{"uv":[8.871875,1.871875,9.403125,2.028125],"rotation":0,"texture":"#0","tintindex":0},"north":{"uv":[8.875,1.875,9.40625,2.03125],"rotation":0,"texture":"#0","tintindex":0},"west":{"uv":[8.875,1.875,9.40625,2.03125],"rotation":0,"texture":"#0","tintindex":0},"up":{"uv":[2.78125,6.59375,2.25,5.875],"rotation":0,"texture":"#0","tintindex":0},"down":{"uv":[3.40625,5.875,2.875,6.59375],"rotation":0,"texture":"#0","tintindex":0}}},{"from":[6.810743,6.5926867,8.212606],"to":[9.189257,9.210973,11.808721],"rotation":{"angle":-22.5,"axis":"x","origin":[8.007143,5.7663813,9.718118]},"faces":{"east":{"uv":[1.375,6.5,2.15625,6.96875],"rotation":0,"texture":"#0","tintindex":0},"south":{"uv":[7.75,2.0,8.28125,2.46875],"rotation":0,"texture":"#0","tintindex":0},"north":{"uv":[7.5,7.625,8.03125,8.09375],"rotation":0,"texture":"#0","tintindex":0},"west":{"uv":[2.25,6.625,3.03125,7.09375],"rotation":0,"texture":"#0","tintindex":0},"up":{"uv":[5.65625,2.53125,5.125,1.75],"rotation":0,"texture":"#0","tintindex":0},"down":{"uv":[5.65625,4.5,5.125,5.28125],"rotation":0,"texture":"#0","tintindex":0}}}],"display":{"head":{"translation":[0.0,-6.4,0.0],"scale":[4.0,4.0,4.0]}}}