{"textures":{"0":"modelengine:entity/arcanist_texture"},"elements":[{"from":[3.4285712,8.0,3.4285712],"to":[12.571428,17.142857,12.571428],"rotation":{"angle":0.0,"axis":"y","origin":[8.0,13.714286,10.857143]},"faces":{"east":{"uv":[3.8125,6.625,4.8125,7.625],"rotation":0,"texture":"#0","tintindex":0},"south":{"uv":[6.8125,3.0625,7.8125,4.0625],"rotation":0,"texture":"#0","tintindex":0},"north":{"uv":[6.25,0.0,7.25,1.0],"rotation":0,"texture":"#0","tintindex":0},"west":{"uv":[6.8125,4.0625,7.8125,5.0625],"rotation":0,"texture":"#0","tintindex":0},"up":{"uv":[7.8125,6.0625,6.8125,5.0625],"rotation":0,"texture":"#0","tintindex":0},"down":{"uv":[7.8125,6.0625,6.8125,7.0625],"rotation":0,"texture":"#0","tintindex":0}}}],"display":{"head":{"translation":[0.0,-6.4,0.0],"scale":[4.0,4.0,4.0]}}}