{"textures":{"0":"modelengine:entity/arcanist_texture"},"elements":[{"from":[5.8285713,-11.147465,4.7607517],"to":[10.171429,0.052535534,9.103609],"rotation":{"angle":-22.5,"axis":"x","origin":[10.285714,-5.5474644,6.9321804]},"faces":{"east":{"uv":[2.5625,6.8125,3.0625,8.0625],"rotation":0,"texture":"#0","tintindex":0},"south":{"uv":[6.9375,7.0625,7.4375,8.3125],"rotation":0,"texture":"#0","tintindex":0},"north":{"uv":[3.8125,5.1875,4.3125,6.4375],"rotation":0,"texture":"#0","tintindex":0},"west":{"uv":[3.0625,7.125,3.5625,8.375],"rotation":0,"texture":"#0","tintindex":0},"up":{"uv":[3.0625,8.5625,2.5625,8.0625],"rotation":0,"texture":"#0","tintindex":0},"down":{"uv":[8.0,8.3125,7.5,8.8125],"rotation":0,"texture":"#0","tintindex":0}}},{"from":[5.714286,-0.7031269,4.84437],"to":[10.285714,10.725445,9.415798],"rotation":{"angle":22.5,"axis":"x","origin":[10.285714,5.011159,2.5586557]},"faces":{"east":{"uv":[1.5625,7.375,2.0625,8.625],"rotation":0,"texture":"#0","tintindex":0},"south":{"uv":[2.0625,7.375,2.5625,8.625],"rotation":0,"texture":"#0","tintindex":0},"north":{"uv":[7.375,0.0,7.875,1.25],"rotation":0,"texture":"#0","tintindex":0},"west":{"uv":[7.4375,1.25,7.9375,2.5],"rotation":0,"texture":"#0","tintindex":0},"up":{"uv":[8.5,8.8125,8.0,8.3125],"rotation":0,"texture":"#0","tintindex":0},"down":{"uv":[3.5625,8.375,3.0625,8.875],"rotation":0,"texture":"#0","tintindex":0}}}],"display":{"head":{"translation":[0.0,-6.4,0.0],"scale":[4.0,4.0,4.0]}}}