{"textures":{"0":"modelengine:entity/arcanist_texture"},"elements":[{"from":[5.8285713,-11.147465,5.9036093],"to":[10.171429,0.052535534,10.246467],"rotation":{"angle":-22.5,"axis":"x","origin":[5.714286,-5.5474644,8.075038]},"faces":{"east":{"uv":[3.5625,7.625,4.0625,8.875],"rotation":0,"texture":"#0","tintindex":0},"south":{"uv":[4.0625,7.625,4.5625,8.875],"rotation":0,"texture":"#0","tintindex":0},"north":{"uv":[7.4375,7.0625,7.9375,8.3125],"rotation":0,"texture":"#0","tintindex":0},"west":{"uv":[5.8125,7.6875,6.3125,8.9375],"rotation":0,"texture":"#0","tintindex":0},"up":{"uv":[5.75,9.0,5.25,8.5],"rotation":0,"texture":"#0","tintindex":0},"down":{"uv":[9.0,8.3125,8.5,8.8125],"rotation":0,"texture":"#0","tintindex":0}}},{"from":[5.714286,-0.7031269,5.987227],"to":[10.285714,10.725445,10.558656],"rotation":{"angle":22.5,"axis":"x","origin":[5.714286,5.011159,3.7015128]},"faces":{"east":{"uv":[7.8125,2.5,8.3125,3.75],"rotation":0,"texture":"#0","tintindex":0},"south":{"uv":[7.8125,3.75,8.3125,5.0],"rotation":0,"texture":"#0","tintindex":0},"north":{"uv":[6.3125,7.6875,6.8125,8.9375],"rotation":0,"texture":"#0","tintindex":0},"west":{"uv":[7.8125,5.0,8.3125,6.25],"rotation":0,"texture":"#0","tintindex":0},"up":{"uv":[0.5,9.0625,0.0,8.5625],"rotation":0,"texture":"#0","tintindex":0},"down":{"uv":[3.0625,8.5625,2.5625,9.0625],"rotation":0,"texture":"#0","tintindex":0}}}],"display":{"head":{"translation":[0.0,-6.4,0.0],"scale":[4.0,4.0,4.0]}}}