{"textures":{"0":"modelengine:entity/wolf_main"},"elements":[{"from":[6.857143,6.857143,8.0],"to":[9.142858,9.142858,10.857143],"rotation":{"angle":0.0,"axis":"y","origin":[4.5714283,8.571428,8.0]},"faces":{"east":{"uv":[9.0,12.875,9.625,13.375],"rotation":0,"texture":"#0","tintindex":0},"south":{"uv":[13.125,9.875,13.625,10.375],"rotation":0,"texture":"#0","tintindex":0},"north":{"uv":[13.125,9.375,13.625,9.875],"rotation":0,"texture":"#0","tintindex":0},"west":{"uv":[10.25,12.875,10.875,13.375],"rotation":0,"texture":"#0","tintindex":0},"up":{"uv":[5.5,7.25,5.0,6.625],"rotation":0,"texture":"#0","tintindex":0},"down":{"uv":[11.75,0.0,11.25,0.625],"rotation":0,"texture":"#0","tintindex":0}}},{"from":[6.857143,6.857143,10.857143],"to":[9.142858,8.571428,12.571428],"rotation":{"angle":0.0,"axis":"y","origin":[4.5714283,8.571428,10.857143]},"faces":{"east":{"uv":[1.875,13.5,2.25,13.875],"rotation":0,"texture":"#0","tintindex":0},"south":{"uv":[13.375,4.375,13.875,4.75],"rotation":0,"texture":"#0","tintindex":0},"north":{"uv":[13.375,1.125,13.875,1.5],"rotation":0,"texture":"#0","tintindex":0},"west":{"uv":[2.25,13.5,2.625,13.875],"rotation":0,"texture":"#0","tintindex":0},"up":{"uv":[13.875,6.25,13.375,5.875],"rotation":0,"texture":"#0","tintindex":0},"down":{"uv":[13.875,6.25,13.375,6.625],"rotation":0,"texture":"#0","tintindex":0}}}],"display":{"head":{"translation":[0.0,-6.4,0.0],"scale":[4.0,4.0,4.0]}}}