{"textures":{"0":"modelengine:entity/blitzcrank"},"elements":[{"from":[5.142857,10.857143,4.5714283],"to":[10.857143,17.142857,10.857143],"rotation":{"angle":0.0,"axis":"y","origin":[8.0,9.714286,8.0]},"faces":{"east":{"uv":[10.0,11.666667,11.222222,12.888889],"rotation":0,"texture":"#0","tintindex":0},"south":{"uv":[12.444445,0.0,13.555555,1.2222222],"rotation":0,"texture":"#0","tintindex":0},"north":{"uv":[12.333333,5.6666665,13.444445,6.888889],"rotation":0,"texture":"#0","tintindex":0},"west":{"uv":[11.222222,11.666667,12.444445,12.888889],"rotation":0,"texture":"#0","tintindex":0},"up":{"uv":[13.555555,12.666667,12.444445,11.444445],"rotation":0,"texture":"#0","tintindex":0},"down":{"uv":[13.666667,2.5555556,12.555555,3.7777777],"rotation":0,"texture":"#0","tintindex":0}}},{"from":[5.714286,10.285714,4.0],"to":[7.428571,17.714287,10.285714],"rotation":{"angle":0.0,"axis":"y","origin":[5.714286,9.714286,8.0]},"faces":{"east":{"uv":[0.0,11.222222,1.2222222,12.666667],"rotation":0,"texture":"#0","tintindex":0},"south":{"uv":[11.555555,13.666667,11.888889,15.111111],"rotation":0,"texture":"#0","tintindex":0},"north":{"uv":[12.111111,12.888889,12.444445,14.333333],"rotation":0,"texture":"#0","tintindex":0},"west":{"uv":[1.2222222,11.222222,2.4444444,12.666667],"rotation":0,"texture":"#0","tintindex":0},"up":{"uv":[14.333333,6.888889,14.0,5.6666665],"rotation":0,"texture":"#0","tintindex":0},"down":{"uv":[6.111111,14.0,5.7777777,15.222222],"rotation":0,"texture":"#0","tintindex":0}}},{"from":[8.571428,10.285714,4.0],"to":[10.285714,17.714287,10.285714],"rotation":{"angle":0.0,"axis":"y","origin":[10.285714,9.714286,8.0]},"faces":{"east":{"uv":[2.4444444,11.222222,1.2222222,12.666667],"rotation":0,"texture":"#0","tintindex":0},"south":{"uv":[11.888889,13.666667,11.555555,15.111111],"rotation":0,"texture":"#0","tintindex":0},"north":{"uv":[12.444445,12.888889,12.111111,14.333333],"rotation":0,"texture":"#0","tintindex":0},"west":{"uv":[1.2222222,11.222222,0.0,12.666667],"rotation":0,"texture":"#0","tintindex":0},"up":{"uv":[14.0,6.888889,14.333333,5.6666665],"rotation":0,"texture":"#0","tintindex":0},"down":{"uv":[5.7777777,14.0,6.111111,15.222222],"rotation":0,"texture":"#0","tintindex":0}}},{"from":[6.285714,13.142858,3.4285712],"to":[9.714286,16.57143,4.0],"rotation":{"angle":0.0,"axis":"y","origin":[8.0,9.714286,1.7142854]},"faces":{"east":{"uv":[6.7777777,13.666667,6.888889,14.333333],"rotation":0,"texture":"#0","tintindex":0},"south":{"uv":[12.777778,13.888889,13.444445,14.555555],"rotation":0,"texture":"#0","tintindex":0},"north":{"uv":[13.888889,4.6666665,14.555555,5.3333335],"rotation":0,"texture":"#0","tintindex":0},"west":{"uv":[3.8888888,14.333333,4.0,15.0],"rotation":0,"texture":"#0","tintindex":0},"up":{"uv":[5.5555553,2.6666667,4.888889,2.5555556],"rotation":0,"texture":"#0","tintindex":0},"down":{"uv":[8.888889,4.5555553,8.222222,4.6666665],"rotation":0,"texture":"#0","tintindex":0}}},{"from":[2.851428,12.0,-2.285715],"to":[2.851428,24.57143,10.285714],"rotation":{"angle":-22.5,"axis":"y","origin":[4.0,-5.1428576,13.714286]},"faces":{"east":{"uv":[0.0,7.111111,2.4444444,9.555555],"rotation":0,"texture":"#0","tintindex":0},"south":{"uv":[0.0,0.0,0.0,2.4444444],"rotation":0,"texture":"#0","tintindex":0},"north":{"uv":[0.0,0.0,0.0,2.4444444],"rotation":0,"texture":"#0","tintindex":0},"west":{"uv":[2.4444444,7.111111,0.0,9.555555],"rotation":0,"texture":"#0","tintindex":0},"up":{"uv":[0.0,2.4444444,0.0,0.0],"rotation":0,"texture":"#0","tintindex":0},"down":{"uv":[0.0,0.0,0.0,2.4444444],"rotation":0,"texture":"#0","tintindex":0}}}],"display":{"head":{"translation":[0.0,-6.4,0.0],"scale":[4.0,4.0,4.0]}}}