{"textures":{"0":"modelengine:entity/blitzcrank"},"elements":[{"from":[6.442515,2.2094545,4.5714283],"to":[9.299658,7.9237404,8.0],"rotation":{"angle":0.0,"axis":"y","origin":[4.1568007,-6.361974,6.285714]},"faces":{"east":{"uv":[8.222222,13.333333,8.888889,14.444445],"rotation":0,"texture":"#0","tintindex":0},"south":{"uv":[4.4444447,13.666667,5.0,14.777778],"rotation":0,"texture":"#0","tintindex":0},"north":{"uv":[13.666667,2.5555556,14.222222,3.6666667],"rotation":0,"texture":"#0","tintindex":0},"west":{"uv":[13.333333,9.555555,14.0,10.666667],"rotation":0,"texture":"#0","tintindex":0},"up":{"uv":[14.777778,3.2222223,14.222222,2.5555556],"rotation":0,"texture":"#0","tintindex":0},"down":{"uv":[14.777778,6.888889,14.222222,7.5555553],"rotation":0,"texture":"#0","tintindex":0}}},{"from":[4.7282295,0.4951687,2.8571424],"to":[9.871086,4.4951687,9.142858],"rotation":{"angle":0.0,"axis":"y","origin":[4.1568007,-12.07626,6.285714]},"faces":{"east":{"uv":[12.777778,8.777778,14.0,9.555555],"rotation":0,"texture":"#0","tintindex":0},"south":{"uv":[11.111111,12.888889,12.111111,13.666667],"rotation":0,"texture":"#0","tintindex":0},"north":{"uv":[10.111111,12.888889,11.111111,13.666667],"rotation":0,"texture":"#0","tintindex":0},"west":{"uv":[4.4444447,12.888889,5.6666665,13.666667],"rotation":0,"texture":"#0","tintindex":0},"up":{"uv":[2.4444444,13.888889,1.4444444,12.666667],"rotation":0,"texture":"#0","tintindex":0},"down":{"uv":[13.444445,12.666667,12.444445,13.888889],"rotation":0,"texture":"#0","tintindex":0}}},{"from":[7.0139437,-2.933402,1.1428566],"to":[9.299658,1.6380258,3.4285712],"rotation":{"angle":0.0,"axis":"y","origin":[7.5853724,-11.504831,4.5714283]},"faces":{"east":{"uv":[8.888889,14.0,9.333333,14.888889],"rotation":0,"texture":"#0","tintindex":0},"south":{"uv":[9.333333,14.0,9.777778,14.888889],"rotation":0,"texture":"#0","tintindex":0},"north":{"uv":[14.0,8.777778,14.444445,9.666667],"rotation":0,"texture":"#0","tintindex":0},"west":{"uv":[14.0,9.666667,14.444445,10.555555],"rotation":0,"texture":"#0","tintindex":0},"up":{"uv":[3.4444444,14.777778,3.0,14.333333],"rotation":0,"texture":"#0","tintindex":0},"down":{"uv":[3.8888888,14.333333,3.4444444,14.777778],"rotation":0,"texture":"#0","tintindex":0}}},{"from":[3.585372,-1.7905455,2.2857141],"to":[5.871086,0.4951687,9.714286],"rotation":{"angle":0.0,"axis":"y","origin":[4.1568007,-12.647688,6.285714]},"faces":{"east":{"uv":[12.444445,1.2222222,13.888889,1.6666666],"rotation":0,"texture":"#0","tintindex":0},"south":{"uv":[14.333333,6.111111,14.777778,6.5555553],"rotation":0,"texture":"#0","tintindex":0},"north":{"uv":[14.333333,5.6666665,14.777778,6.111111],"rotation":0,"texture":"#0","tintindex":0},"west":{"uv":[13.333333,10.666667,14.777778,11.111111],"rotation":0,"texture":"#0","tintindex":0},"up":{"uv":[4.4444447,14.777778,4.0,13.333333],"rotation":0,"texture":"#0","tintindex":0},"down":{"uv":[13.888889,12.666667,13.444445,14.111111],"rotation":0,"texture":"#0","tintindex":0}}},{"from":[8.571428,-4.000001,2.2862859],"to":[10.857143,-0.57142925,9.713715],"rotation":{"angle":22.5,"axis":"z","origin":[9.142858,-13.714287,6.285714]},"faces":{"east":{"uv":[12.777778,7.4444447,14.222222,8.111111],"rotation":0,"texture":"#0","tintindex":0},"south":{"uv":[13.444445,14.111111,13.888889,14.777778],"rotation":0,"texture":"#0","tintindex":0},"north":{"uv":[2.4444444,7.111111,2.8888888,7.7777777],"rotation":0,"texture":"#0","tintindex":0},"west":{"uv":[12.777778,8.111111,14.222222,8.777778],"rotation":0,"texture":"#0","tintindex":0},"up":{"uv":[0.44444445,15.0,0.0,13.555555],"rotation":0,"texture":"#0","tintindex":0},"down":{"uv":[0.8888889,13.555555,0.44444445,15.0],"rotation":0,"texture":"#0","tintindex":0}}}],"display":{"head":{"translation":[0.0,-6.4,0.0],"scale":[4.0,4.0,4.0]}}}