{"textures":{"0":"modelengine:entity/blitzcrank"},"elements":[{"from":[6.700342,2.2094545,4.5714283],"to":[9.557485,7.9237404,8.0],"rotation":{"angle":0.0,"axis":"y","origin":[11.843199,-6.361974,6.285714]},"faces":{"east":{"uv":[14.0,9.555555,13.333333,10.666667],"rotation":0,"texture":"#0","tintindex":0},"south":{"uv":[5.0,13.666667,4.4444447,14.777778],"rotation":0,"texture":"#0","tintindex":0},"north":{"uv":[14.222222,2.5555556,13.666667,3.6666667],"rotation":0,"texture":"#0","tintindex":0},"west":{"uv":[8.888889,13.333333,8.222222,14.444445],"rotation":0,"texture":"#0","tintindex":0},"up":{"uv":[14.222222,3.2222223,14.777778,2.5555556],"rotation":0,"texture":"#0","tintindex":0},"down":{"uv":[14.222222,6.888889,14.777778,7.5555553],"rotation":0,"texture":"#0","tintindex":0}}},{"from":[6.1289134,0.4951687,2.8571424],"to":[11.2717705,4.4951687,9.142858],"rotation":{"angle":0.0,"axis":"y","origin":[11.843199,-12.07626,6.285714]},"faces":{"east":{"uv":[5.6666665,12.888889,4.4444447,13.666667],"rotation":0,"texture":"#0","tintindex":0},"south":{"uv":[12.111111,12.888889,11.111111,13.666667],"rotation":0,"texture":"#0","tintindex":0},"north":{"uv":[11.111111,12.888889,10.111111,13.666667],"rotation":0,"texture":"#0","tintindex":0},"west":{"uv":[14.0,8.777778,12.777778,9.555555],"rotation":0,"texture":"#0","tintindex":0},"up":{"uv":[1.4444444,13.888889,2.4444444,12.666667],"rotation":0,"texture":"#0","tintindex":0},"down":{"uv":[12.444445,12.666667,13.444445,13.888889],"rotation":0,"texture":"#0","tintindex":0}}},{"from":[6.700342,-2.933402,1.1428566],"to":[8.986056,1.6380258,3.4285712],"rotation":{"angle":0.0,"axis":"y","origin":[8.414628,-11.504831,4.5714283]},"faces":{"east":{"uv":[14.444445,9.666667,14.0,10.555555],"rotation":0,"texture":"#0","tintindex":0},"south":{"uv":[9.777778,14.0,9.333333,14.888889],"rotation":0,"texture":"#0","tintindex":0},"north":{"uv":[14.444445,8.777778,14.0,9.666667],"rotation":0,"texture":"#0","tintindex":0},"west":{"uv":[9.333333,14.0,8.888889,14.888889],"rotation":0,"texture":"#0","tintindex":0},"up":{"uv":[3.0,14.777778,3.4444444,14.333333],"rotation":0,"texture":"#0","tintindex":0},"down":{"uv":[3.4444444,14.333333,3.8888888,14.777778],"rotation":0,"texture":"#0","tintindex":0}}},{"from":[10.128914,-1.7905455,2.2857141],"to":[12.414628,0.4951687,9.714286],"rotation":{"angle":0.0,"axis":"y","origin":[11.843199,-12.647688,6.285714]},"faces":{"east":{"uv":[14.777778,10.666667,13.333333,11.111111],"rotation":0,"texture":"#0","tintindex":0},"south":{"uv":[14.777778,6.111111,14.333333,6.5555553],"rotation":0,"texture":"#0","tintindex":0},"north":{"uv":[14.777778,5.6666665,14.333333,6.111111],"rotation":0,"texture":"#0","tintindex":0},"west":{"uv":[13.888889,1.2222222,12.444445,1.6666666],"rotation":0,"texture":"#0","tintindex":0},"up":{"uv":[4.0,14.777778,4.4444447,13.333333],"rotation":0,"texture":"#0","tintindex":0},"down":{"uv":[13.444445,12.666667,13.888889,14.111111],"rotation":0,"texture":"#0","tintindex":0}}},{"from":[5.142857,-4.000001,2.2862859],"to":[7.428571,-0.57142925,9.713715],"rotation":{"angle":-22.5,"axis":"z","origin":[6.857143,-13.714287,6.285714]},"faces":{"east":{"uv":[14.222222,8.111111,12.777778,8.777778],"rotation":0,"texture":"#0","tintindex":0},"south":{"uv":[13.888889,14.111111,13.444445,14.777778],"rotation":0,"texture":"#0","tintindex":0},"north":{"uv":[2.8888888,7.111111,2.4444444,7.7777777],"rotation":0,"texture":"#0","tintindex":0},"west":{"uv":[14.222222,7.4444447,12.777778,8.111111],"rotation":0,"texture":"#0","tintindex":0},"up":{"uv":[0.0,15.0,0.44444445,13.555555],"rotation":0,"texture":"#0","tintindex":0},"down":{"uv":[0.44444445,13.555555,0.8888889,15.0],"rotation":0,"texture":"#0","tintindex":0}}}],"display":{"head":{"translation":[0.0,-6.4,0.0],"scale":[4.0,4.0,4.0]}}}