{"textures":{"0":"modelengine:entity/frost_queen_phase_2"},"elements":[{"from":[5.2509885,7.6067758,4.9109125],"to":[6.4852743,12.502776,4.9109125],"rotation":{"angle":45.0,"axis":"x","origin":[6.896703,10.054775,6.5566273]},"faces":{"east":{"uv":[14.1875,10.0625,14.625,9.625],"rotation":0,"texture":"#0","tintindex":0},"south":{"uv":[10.75,13.6875,10.3125,13.25],"rotation":270,"texture":"#0","tintindex":0},"north":{"uv":[10.3125,13.6875,10.75,13.25],"rotation":90,"texture":"#0","tintindex":0},"west":{"uv":[13.6875,6.5625,14.125,7.0],"rotation":180,"texture":"#0","tintindex":0},"up":{"uv":[14.5,8.8125,14.0625,9.25],"rotation":90,"texture":"#0","tintindex":0},"down":{"uv":[9.6875,6.625,9.25,7.0625],"rotation":90,"texture":"#0","tintindex":0}}}],"display":{"head":{"translation":[0.0,-6.4,0.0],"scale":[4.0,4.0,4.0]}}}