{"textures":{"0":"modelengine:entity/frost_queen_phase_2"},"elements":[{"from":[8.095951,9.162089,6.4783278],"to":[10.564523,12.247805,7.918328],"rotation":{"angle":0.0,"axis":"y","origin":[10.975951,10.7049465,6.0668993]},"faces":{"east":{"uv":[0.5,10.5,0.75,11.0],"rotation":0,"texture":"#0","tintindex":0},"south":{"uv":[1.625,9.75,2.0,10.25],"rotation":0,"texture":"#0","tintindex":0},"north":{"uv":[1.25,9.75,1.625,10.25],"rotation":0,"texture":"#0","tintindex":0},"west":{"uv":[10.125,10.5,10.375,11.0],"rotation":0,"texture":"#0","tintindex":0},"up":{"uv":[9.5,7.875,9.125,7.625],"rotation":0,"texture":"#0","tintindex":0},"down":{"uv":[9.625,6.0,9.25,6.25],"rotation":0,"texture":"#0","tintindex":0}}},{"from":[9.535952,8.956375,5.6554704],"to":[11.181665,12.453518,7.0954704],"rotation":{"angle":22.5,"axis":"y","origin":[10.975951,10.7049465,6.0668993]},"faces":{"east":{"uv":[10.25,2.25,10.5,2.8125],"rotation":0,"texture":"#0","tintindex":0},"south":{"uv":[10.375,0.0,10.625,0.5625],"rotation":0,"texture":"#0","tintindex":0},"north":{"uv":[1.75,10.25,2.0,10.8125],"rotation":0,"texture":"#0","tintindex":0},"west":{"uv":[2.0,10.375,2.25,10.9375],"rotation":0,"texture":"#0","tintindex":0},"up":{"uv":[1.5,7.25,1.25,7.0],"rotation":0,"texture":"#0","tintindex":0},"down":{"uv":[7.5,1.125,7.25,1.375],"rotation":0,"texture":"#0","tintindex":0}}}],"display":{"head":{"translation":[0.0,-6.4,0.0],"scale":[4.0,4.0,4.0]}}}