{"textures":{"0":"modelengine:entity/frost_queen_phase_2"},"elements":[{"from":[5.7843924,6.4878035,6.0947747],"to":[8.664392,9.162089,8.151917],"rotation":{"angle":-22.5,"axis":"y","origin":[6.1958213,7.9278035,5.8890605]},"faces":{"east":{"uv":[10.375,9.375,10.6875,9.8125],"rotation":0,"texture":"#0","tintindex":0},"south":{"uv":[5.25,7.5,5.875,7.9375],"rotation":0,"texture":"#0","tintindex":0},"north":{"uv":[4.625,7.5,5.25,7.9375],"rotation":0,"texture":"#0","tintindex":0},"west":{"uv":[9.75,10.375,10.0625,10.8125],"rotation":0,"texture":"#0","tintindex":0},"up":{"uv":[9.75,7.5625,9.125,7.25],"rotation":0,"texture":"#0","tintindex":0},"down":{"uv":[9.75,8.625,9.125,8.9375],"rotation":0,"texture":"#0","tintindex":0}}},{"from":[4.1386786,6.282089,5.8890605],"to":[8.252964,9.367804,7.3290606],"rotation":{"angle":0.0,"axis":"y","origin":[11.338678,5.8597574,6.4387608]},"faces":{"east":{"uv":[9.75,5.0,10.125,5.5],"rotation":0,"texture":"#0","tintindex":0},"south":{"uv":[6.25,7.125,6.875,7.625],"rotation":0,"texture":"#0","tintindex":0},"north":{"uv":[6.875,7.0,7.5,7.5],"rotation":0,"texture":"#0","tintindex":0},"west":{"uv":[9.75,5.5,10.125,6.0],"rotation":0,"texture":"#0","tintindex":0},"up":{"uv":[8.75,9.0,8.125,8.625],"rotation":0,"texture":"#0","tintindex":0},"down":{"uv":[2.5,8.75,1.875,9.125],"rotation":0,"texture":"#0","tintindex":0}}},{"from":[7.9443927,6.899232,5.580489],"to":[9.795821,8.750661,7.637632],"rotation":{"angle":-45.0,"axis":"y","origin":[8.252964,7.8249464,6.6090603]},"faces":{"east":{"uv":[10.875,2.125,11.1875,2.4375],"rotation":0,"texture":"#0","tintindex":0},"south":{"uv":[10.875,3.25,11.1875,3.5625],"rotation":0,"texture":"#0","tintindex":0},"north":{"uv":[1.5,10.875,1.8125,11.1875],"rotation":0,"texture":"#0","tintindex":0},"west":{"uv":[10.875,3.625,11.1875,3.9375],"rotation":0,"texture":"#0","tintindex":0},"up":{"uv":[11.1875,4.3125,10.875,4.0],"rotation":0,"texture":"#0","tintindex":0},"down":{"uv":[11.1875,4.375,10.875,4.6875],"rotation":0,"texture":"#0","tintindex":0}}}],"display":{"head":{"translation":[0.0,-6.4,0.0],"scale":[4.0,4.0,4.0]}}}