{"textures":{"0":"modelengine:entity/frost_queen_phase_3"},"elements":[{"from":[5.692815,8.772216,6.6539507],"to":[9.916349,12.191268,9.067399],"rotation":{"angle":0.0,"axis":"y","origin":[7.905143,13.47294,7.6857142]},"faces":{"east":{"uv":[4.75,2.75,5.5,3.8125],"rotation":0,"texture":"#0","tintindex":0},"south":{"uv":[3.25,3.0,4.5625,4.0625],"rotation":0,"texture":"#0","tintindex":0},"north":{"uv":[3.25,1.75,4.5625,2.8125],"rotation":0,"texture":"#0","tintindex":0},"west":{"uv":[4.75,4.0,5.5,5.0625],"rotation":0,"texture":"#0","tintindex":0},"up":{"uv":[4.5625,5.0,3.25,4.25],"rotation":0,"texture":"#0","tintindex":0},"down":{"uv":[5.8125,0.0,4.5,0.75],"rotation":0,"texture":"#0","tintindex":0}}},{"from":[6.2961774,7.1632504,6.895295],"to":[9.312987,9.174458,8.826054],"rotation":{"angle":0.0,"axis":"y","origin":[7.8045826,8.168854,7.900899]},"faces":{"east":{"uv":[6.75,8.75,7.375,9.375],"rotation":0,"texture":"#0","tintindex":0},"south":{"uv":[3.75,6.25,4.6875,6.875],"rotation":0,"texture":"#0","tintindex":0},"north":{"uv":[6.0,0.0,6.9375,0.625],"rotation":0,"texture":"#0","tintindex":0},"west":{"uv":[7.5,8.75,8.125,9.375],"rotation":0,"texture":"#0","tintindex":0},"up":{"uv":[5.6875,6.875,4.75,6.25],"rotation":0,"texture":"#0","tintindex":0},"down":{"uv":[7.1875,5.0,6.25,5.625],"rotation":0,"texture":"#0","tintindex":0}}},{"from":[6.0146084,10.620305,5.197108],"to":[9.594557,11.947701,6.604953],"rotation":{"angle":-22.5,"axis":"x","origin":[7.905143,13.714286,7.6857142]},"faces":{"east":{"uv":[10.75,8.25,11.1875,8.6875],"rotation":0,"texture":"#0","tintindex":0},"south":{"uv":[7.5,2.75,8.625,3.1875],"rotation":0,"texture":"#0","tintindex":0},"north":{"uv":[7.25,6.0,8.375,6.4375],"rotation":0,"texture":"#0","tintindex":0},"west":{"uv":[8.5,10.75,8.9375,11.1875],"rotation":0,"texture":"#0","tintindex":0},"up":{"uv":[8.625,6.9375,7.5,6.5],"rotation":0,"texture":"#0","tintindex":0},"down":{"uv":[7.875,7.5,6.75,7.9375],"rotation":0,"texture":"#0","tintindex":0}}},{"from":[5.93416,10.756861,8.355122],"to":[9.675005,11.963585,9.561846],"rotation":{"angle":45.0,"axis":"x","origin":[7.905143,13.714286,7.6857142]},"faces":{"east":{"uv":[11.25,4.0,11.625,4.375],"rotation":0,"texture":"#0","tintindex":0},"south":{"uv":[4.0,8.0,5.1875,8.375],"rotation":0,"texture":"#0","tintindex":0},"north":{"uv":[7.5,7.0,8.6875,7.375],"rotation":0,"texture":"#0","tintindex":0},"west":{"uv":[11.25,4.5,11.625,4.875],"rotation":0,"texture":"#0","tintindex":0},"up":{"uv":[9.1875,5.125,8.0,4.75],"rotation":0,"texture":"#0","tintindex":0},"down":{"uv":[9.1875,5.25,8.0,5.625],"rotation":0,"texture":"#0","tintindex":0}}}],"display":{"head":{"translation":[0.0,-6.4,0.0],"scale":[4.0,4.0,4.0]}}}