{"textures":{"0":"modelengine:entity/frost_queen_phase_3"},"elements":[{"from":[6.833634,8.421633,5.9620113],"to":[9.417895,11.237323,8.57658],"rotation":{"angle":0.0,"axis":"y","origin":[8.125765,9.334782,7.571929]},"faces":{"east":{"uv":[1.0,5.25,1.8125,6.125],"rotation":0,"texture":"#0","tintindex":0},"south":{"uv":[3.25,5.0,4.125,5.875],"rotation":0,"texture":"#0","tintindex":0},"north":{"uv":[0.0,4.875,0.9375,5.875],"rotation":0,"texture":"#0","tintindex":0},"west":{"uv":[2.0,5.25,2.8125,6.125],"rotation":0,"texture":"#0","tintindex":0},"up":{"uv":[5.125,6.0625,4.25,5.25],"rotation":0,"texture":"#0","tintindex":0},"down":{"uv":[6.125,5.25,5.25,6.0625],"rotation":0,"texture":"#0","tintindex":0}}},{"from":[6.1998653,9.427237,6.387289],"to":[8.211073,11.398219,8.398496],"rotation":{"angle":-22.5,"axis":"y","origin":[8.125765,9.334782,7.571929]},"faces":{"east":{"uv":[5.25,8.25,5.875,8.875],"rotation":0,"texture":"#0","tintindex":0},"south":{"uv":[8.5,3.25,9.125,3.875],"rotation":0,"texture":"#0","tintindex":0},"north":{"uv":[2.25,8.25,2.875,8.875],"rotation":0,"texture":"#0","tintindex":0},"west":{"uv":[4.0,8.5,4.625,9.125],"rotation":0,"texture":"#0","tintindex":0},"up":{"uv":[9.125,4.625,8.5,4.0],"rotation":0,"texture":"#0","tintindex":0},"down":{"uv":[9.125,5.75,8.5,6.375],"rotation":0,"texture":"#0","tintindex":0}}},{"from":[6.91904,9.990375,6.565373],"to":[9.332489,11.800461,9.099494],"rotation":{"angle":0.0,"axis":"y","origin":[8.125765,9.334782,7.571929]},"faces":{"east":{"uv":[8.0,0.0,8.8125,0.5625],"rotation":0,"texture":"#0","tintindex":0},"south":{"uv":[1.5,8.25,2.25,8.8125],"rotation":0,"texture":"#0","tintindex":0},"north":{"uv":[8.25,0.75,9.0,1.3125],"rotation":0,"texture":"#0","tintindex":0},"west":{"uv":[3.0,8.0,3.8125,8.5625],"rotation":0,"texture":"#0","tintindex":0},"up":{"uv":[2.25,7.0625,1.5,6.25],"rotation":0,"texture":"#0","tintindex":0},"down":{"uv":[3.0,6.25,2.25,7.0625],"rotation":0,"texture":"#0","tintindex":0}}},{"from":[5.998745,10.151272,6.387289],"to":[8.211073,12.001581,8.398496],"rotation":{"angle":-22.5,"axis":"y","origin":[8.125765,9.334782,7.571929]},"faces":{"east":{"uv":[9.25,1.5,9.875,2.0625],"rotation":0,"texture":"#0","tintindex":0},"south":{"uv":[0.75,9.0,1.4375,9.5625],"rotation":0,"texture":"#0","tintindex":0},"north":{"uv":[9.0,0.0,9.6875,0.5625],"rotation":0,"texture":"#0","tintindex":0},"west":{"uv":[9.25,3.25,9.875,3.8125],"rotation":0,"texture":"#0","tintindex":0},"up":{"uv":[0.6875,8.625,0.0,8.0],"rotation":0,"texture":"#0","tintindex":0},"down":{"uv":[7.4375,8.0,6.75,8.625],"rotation":0,"texture":"#0","tintindex":0}}},{"from":[7.924644,8.383194,5.770667],"to":[8.326885,9.992159,6.5751495],"rotation":{"angle":22.5,"axis":"x","origin":[8.125765,9.334782,7.571929]},"faces":{"east":{"uv":[3.0,5.25,3.25,5.75],"rotation":0,"texture":"#0","tintindex":0},"south":{"uv":[4.5,9.25,4.625,9.75],"rotation":0,"texture":"#0","tintindex":0},"north":{"uv":[3.75,8.75,3.875,9.25],"rotation":0,"texture":"#0","tintindex":0},"west":{"uv":[6.25,5.75,6.5,6.25],"rotation":0,"texture":"#0","tintindex":0},"up":{"uv":[7.625,11.25,7.5,11.0],"rotation":0,"texture":"#0","tintindex":0},"down":{"uv":[3.625,11.75,3.5,12.0],"rotation":0,"texture":"#0","tintindex":0}}},{"from":[6.152117,10.151272,6.6940236],"to":[8.163323,11.921133,8.504109],"rotation":{"angle":22.5,"axis":"y","origin":[8.125765,9.334782,7.571929]},"faces":{"east":{"uv":[9.75,9.5,10.3125,10.0625],"rotation":0,"texture":"#0","tintindex":0},"south":{"uv":[9.25,4.0,9.875,4.5625],"rotation":0,"texture":"#0","tintindex":0},"north":{"uv":[3.75,9.25,4.375,9.8125],"rotation":0,"texture":"#0","tintindex":0},"west":{"uv":[10.0,1.5,10.5625,2.0625],"rotation":0,"texture":"#0","tintindex":0},"up":{"uv":[9.875,5.3125,9.25,4.75],"rotation":0,"texture":"#0","tintindex":0},"down":{"uv":[6.125,9.25,5.5,9.8125],"rotation":0,"texture":"#0","tintindex":0}}},{"from":[8.040457,9.427237,6.387289],"to":[10.051663,11.398219,8.398496],"rotation":{"angle":22.5,"axis":"y","origin":[8.125765,9.334782,7.571929]},"faces":{"east":{"uv":[8.25,8.5,8.875,9.125],"rotation":0,"texture":"#0","tintindex":0},"south":{"uv":[0.0,8.75,0.625,9.375],"rotation":0,"texture":"#0","tintindex":0},"north":{"uv":[6.0,8.5,6.625,9.125],"rotation":0,"texture":"#0","tintindex":0},"west":{"uv":[8.75,2.5,9.375,3.125],"rotation":0,"texture":"#0","tintindex":0},"up":{"uv":[3.625,9.375,3.0,8.75],"rotation":0,"texture":"#0","tintindex":0},"down":{"uv":[9.375,6.5,8.75,7.125],"rotation":0,"texture":"#0","tintindex":0}}},{"from":[8.088205,10.151272,6.6940236],"to":[10.099413,11.921133,8.504109],"rotation":{"angle":-22.5,"axis":"y","origin":[8.125765,9.334782,7.571929]},"faces":{"east":{"uv":[10.0,3.0,10.5625,3.5625],"rotation":0,"texture":"#0","tintindex":0},"south":{"uv":[0.0,9.5,0.625,10.0625],"rotation":0,"texture":"#0","tintindex":0},"north":{"uv":[9.0,9.25,9.625,9.8125],"rotation":0,"texture":"#0","tintindex":0},"west":{"uv":[3.75,10.0,4.3125,10.5625],"rotation":0,"texture":"#0","tintindex":0},"up":{"uv":[10.125,2.8125,9.5,2.25],"rotation":0,"texture":"#0","tintindex":0},"down":{"uv":[3.625,9.5,3.0,10.0625],"rotation":0,"texture":"#0","tintindex":0}}},{"from":[6.6375017,11.357995,8.755384],"to":[6.6375017,13.168081,10.203453],"rotation":{"angle":-45.0,"axis":"y","origin":[8.045317,9.334782,7.571929]},"faces":{"east":{"uv":[7.25,10.0,6.75,10.625],"rotation":0,"texture":"#0","tintindex":0},"south":{"uv":[0.0,0.0,0.0,0.625],"rotation":0,"texture":"#0","tintindex":0},"north":{"uv":[0.0,0.0,0.0,0.625],"rotation":0,"texture":"#0","tintindex":0},"west":{"uv":[6.75,10.0,7.25,10.625],"rotation":0,"texture":"#0","tintindex":0},"up":{"uv":[0.0,0.5,0.0,0.0],"rotation":0,"texture":"#0","tintindex":0},"down":{"uv":[0.0,0.0,0.0,0.5],"rotation":0,"texture":"#0","tintindex":0}}},{"from":[7.205469,10.151272,5.3084855],"to":[8.814435,11.921133,7.1185718],"rotation":{"angle":-22.5,"axis":"y","origin":[8.125765,9.334782,7.571929]},"faces":{"east":{"uv":[10.0,3.75,10.5625,4.3125],"rotation":0,"texture":"#0","tintindex":0},"south":{"uv":[2.5,10.25,3.0,10.8125],"rotation":0,"texture":"#0","tintindex":0},"north":{"uv":[10.25,2.25,10.75,2.8125],"rotation":0,"texture":"#0","tintindex":0},"west":{"uv":[10.0,4.5,10.5625,5.0625],"rotation":0,"texture":"#0","tintindex":0},"up":{"uv":[3.5,10.8125,3.0,10.25],"rotation":0,"texture":"#0","tintindex":0},"down":{"uv":[5.0,10.25,4.5,10.8125],"rotation":0,"texture":"#0","tintindex":0}}},{"from":[7.4370947,10.151272,5.3084855],"to":[9.04606,11.921133,7.1185718],"rotation":{"angle":22.5,"axis":"y","origin":[8.125765,9.334782,7.571929]},"faces":{"east":{"uv":[5.25,10.0,5.8125,10.5625],"rotation":0,"texture":"#0","tintindex":0},"south":{"uv":[10.25,7.75,10.75,8.3125],"rotation":0,"texture":"#0","tintindex":0},"north":{"uv":[7.25,10.25,7.75,10.8125],"rotation":0,"texture":"#0","tintindex":0},"west":{"uv":[10.0,5.25,10.5625,5.8125],"rotation":0,"texture":"#0","tintindex":0},"up":{"uv":[10.0,10.8125,9.5,10.25],"rotation":0,"texture":"#0","tintindex":0},"down":{"uv":[10.5,10.25,10.0,10.8125],"rotation":0,"texture":"#0","tintindex":0}}},{"from":[6.3988104,8.317679,9.544869],"to":[9.737413,10.328886,9.544869],"rotation":{"angle":-22.5,"axis":"x","origin":[8.048,7.707143,9.0742855]},"faces":{"east":{"uv":[0.0,0.0,0.0,0.625],"rotation":0,"texture":"#0","tintindex":0},"south":{"uv":[5.75,0.75,6.8125,1.375],"rotation":0,"texture":"#0","tintindex":0},"north":{"uv":[5.75,0.75,6.8125,1.375],"rotation":0,"texture":"#0","tintindex":0},"west":{"uv":[0.0,0.0,0.0,0.625],"rotation":0,"texture":"#0","tintindex":0},"up":{"uv":[1.0625,0.0,0.0,0.0],"rotation":0,"texture":"#0","tintindex":0},"down":{"uv":[1.0625,0.0,0.0,0.0],"rotation":0,"texture":"#0","tintindex":0}}},{"from":[7.3649364,9.427237,5.4923525],"to":[8.57166,10.191496,7.1013184],"rotation":{"angle":-22.5,"axis":"y","origin":[8.125765,9.334782,7.571929]},"faces":{"east":{"uv":[4.25,5.0,4.75,5.25],"rotation":0,"texture":"#0","tintindex":0},"south":{"uv":[6.25,9.25,6.625,9.5],