{"textures":{"0":"modelengine:entity/frost_queen_phase_3"},"elements":[{"from":[5.1915827,6.796586,7.406124],"to":[8.248617,8.00331,8.7335205],"rotation":{"angle":0.0,"axis":"y","origin":[10.259825,9.365432,7.794302]},"faces":{"east":{"uv":[11.25,0.0,11.6875,0.375],"rotation":0,"texture":"#0","tintindex":0},"south":{"uv":[6.25,9.5,7.1875,9.875],"rotation":0,"texture":"#0","tintindex":0},"north":{"uv":[9.25,8.0,10.1875,8.375],"rotation":0,"texture":"#0","tintindex":0},"west":{"uv":[11.25,0.5,11.6875,0.875],"rotation":0,"texture":"#0","tintindex":0},"up":{"uv":[8.9375,7.9375,8.0,7.5],"rotation":0,"texture":"#0","tintindex":0},"down":{"uv":[9.1875,1.5,8.25,1.9375],"rotation":0,"texture":"#0","tintindex":0}}},{"from":[5.352479,6.9574823,7.003883],"to":[8.248617,8.244655,8.974866],"rotation":{"angle":0.0,"axis":"y","origin":[10.259825,9.365432,7.794302]},"faces":{"east":{"uv":[5.0,10.75,5.625,11.125],"rotation":0,"texture":"#0","tintindex":0},"south":{"uv":[9.75,8.5,10.625,8.875],"rotation":0,"texture":"#0","tintindex":0},"north":{"uv":[9.75,8.5,10.625,8.875],"rotation":0,"texture":"#0","tintindex":0},"west":{"uv":[10.75,5.25,11.375,5.625],"rotation":0,"texture":"#0","tintindex":0},"up":{"uv":[7.375,7.375,6.5,6.75],"rotation":0,"texture":"#0","tintindex":0},"down":{"uv":[7.875,0.0,7.0,0.625],"rotation":0,"texture":"#0","tintindex":0}}},{"from":[6.116738,7.5139155,8.716121],"to":[7.4240227,7.9362693,9.339595],"rotation":{"angle":0.0,"axis":"y","origin":[11.315708,2.978644,11.561978]},"faces":{"east":{"uv":[11.75,1.25,12.0625,1.4375],"rotation":0,"texture":"#0","tintindex":0},"south":{"uv":[7.0,10.75,7.25,10.9375],"rotation":0,"texture":"#0","tintindex":0},"north":{"uv":[10.5,7.5,10.75,7.6875],"rotation":0,"texture":"#0","tintindex":0},"west":{"uv":[11.75,1.0,12.0625,1.1875],"rotation":0,"texture":"#0","tintindex":0},"up":{"uv":[12.0625,0.5,11.75,0.25],"rotation":270,"texture":"#0","tintindex":0},"down":{"uv":[12.0625,0.5,11.75,0.75],"rotation":90,"texture":"#0","tintindex":0}}}],"display":{"head":{"translation":[0.0,-6.4,0.0],"scale":[4.0,4.0,4.0]}}}