{"textures":{"0":"modelengine:entity/frost_queen_phase_3"},"elements":[{"from":[8.798201,7.556505,7.144297],"to":[9.119993,8.200091,7.385642],"rotation":{"angle":22.5,"axis":"x","origin":[8.757977,7.8782983,7.063849]},"faces":{"east":{"uv":[2.25,12.0,2.4375,12.0625],"rotation":90,"texture":"#0","tintindex":0},"south":{"uv":[6.875,11.75,6.75,11.9375],"rotation":0,"texture":"#0","tintindex":0},"north":{"uv":[6.625,11.9375,6.5,11.75],"rotation":180,"texture":"#0","tintindex":0},"west":{"uv":[12.0,2.25,12.1875,2.3125],"rotation":270,"texture":"#0","tintindex":0},"up":{"uv":[12.0,6.0,12.125,6.0625],"rotation":0,"texture":"#0","tintindex":0},"down":{"uv":[6.0,12.0,6.125,12.0625],"rotation":180,"texture":"#0","tintindex":0}}},{"from":[8.729579,7.654516,7.2361083],"to":[10.177648,8.338326,8.563505],"rotation":{"angle":0.0,"axis":"y","origin":[0.24228525,9.62,7.6242857]},"faces":{"east":{"uv":[11.5,10.5,11.9375,10.6875],"rotation":0,"texture":"#0","tintindex":0},"south":{"uv":[11.5,10.75,11.9375,10.9375],"rotation":0,"texture":"#0","tintindex":0},"north":{"uv":[11.5,10.25,11.9375,10.4375],"rotation":0,"texture":"#0","tintindex":0},"west":{"uv":[11.0,11.5,11.4375,11.6875],"rotation":0,"texture":"#0","tintindex":0},"up":{"uv":[0.9375,11.4375,0.5,11.0],"rotation":0,"texture":"#0","tintindex":0},"down":{"uv":[1.4375,11.0,1.0,11.4375],"rotation":0,"texture":"#0","tintindex":0}}},{"from":[8.327337,7.453396,7.437229],"to":[8.970923,8.257878,8.362384],"rotation":{"angle":0.0,"axis":"y","origin":[0.24228525,9.821121,7.6242857]},"faces":{"east":{"uv":[11.5,11.5,11.8125,11.75],"rotation":0,"texture":"#0","tintindex":0},"south":{"uv":[9.5,10.0,9.6875,10.25],"rotation":0,"texture":"#0","tintindex":0},"north":{"uv":[5.25,9.75,5.4375,10.0],"rotation":0,"texture":"#0","tintindex":0},"west":{"uv":[11.75,0.0,12.0625,0.25],"rotation":0,"texture":"#0","tintindex":0},"up":{"uv":[5.1875,10.5625,5.0,10.25],"rotation":0,"texture":"#0","tintindex":0},"down":{"uv":[5.6875,11.25,5.5,11.5625],"rotation":0,"texture":"#0","tintindex":0}}},{"from":[9.944588,7.1705065,7.9601426],"to":[10.3870535,8.216334,8.201488],"rotation":{"angle":0.0,"axis":"y","origin":[10.568063,7.6934204,7.9098625]},"faces":{"east":{"uv":[7.0,11.75,7.0625,12.0625],"rotation":0,"texture":"#0","tintindex":0},"south":{"uv":[11.75,2.25,11.875,2.5625],"rotation":0,"texture":"#0","tintindex":0},"north":{"uv":[11.75,1.75,11.875,2.0625],"rotation":0,"texture":"#0","tintindex":0},"west":{"uv":[7.25,11.75,7.3125,12.0625],"rotation":0,"texture":"#0","tintindex":0},"up":{"uv":[6.375,12.0625,6.25,12.0],"rotation":0,"texture":"#0","tintindex":0},"down":{"uv":[12.125,6.25,12.0,6.3125],"rotation":0,"texture":"#0","tintindex":0}}},{"from":[9.944588,7.1705065,7.6383495],"to":[10.3870535,8.216334,7.8796945],"rotation":{"angle":0.0,"axis":"y","origin":[10.568063,7.6934204,7.9098625]},"faces":{"east":{"uv":[11.75,7.25,11.8125,7.5625],"rotation":0,"texture":"#0","tintindex":0},"south":{"uv":[2.75,11.75,2.875,12.0625],"rotation":0,"texture":"#0","tintindex":0},"north":{"uv":[2.5,11.75,2.625,12.0625],"rotation":0,"texture":"#0","tintindex":0},"west":{"uv":[7.5,11.75,7.5625,12.0625],"rotation":0,"texture":"#0","tintindex":0},"up":{"uv":[6.625,12.0625,6.5,12.0],"rotation":0,"texture":"#0","tintindex":0},"down":{"uv":[12.125,6.5,12.0,6.5625],"rotation":0,"texture":"#0","tintindex":0}}},{"from":[9.944588,7.1705065,7.3165565],"to":[10.3870535,8.216334,7.5579014],"rotation":{"angle":0.0,"axis":"y","origin":[10.568063,7.6934204,7.9098625]},"faces":{"east":{"uv":[7.75,11.75,7.8125,12.0625],"rotation":0,"texture":"#0","tintindex":0},"south":{"uv":[3.0,11.75,3.125,12.0625],"rotation":0,"texture":"#0","tintindex":0},"north":{"uv":[11.75,2.75,11.875,3.0625],"rotation":0,"texture":"#0","tintindex":0},"west":{"uv":[11.75,7.75,11.8125,8.0625],"rotation":0,"texture":"#0","tintindex":0},"up":{"uv":[6.875,12.0625,6.75,12.0],"rotation":0,"texture":"#0","tintindex":0},"down":{"uv":[12.125,6.75,12.0,6.8125],"rotation":0,"texture":"#0","tintindex":0}}},{"from":[9.944588,7.1705065,8.281936],"to":[10.3870535,8.216334,8.483056],"rotation":{"angle":0.0,"axis":"y","origin":[10.568063,7.6934204,7.9098625]},"faces":{"east":{"uv":[8.0,11.75,8.0625,12.0625],"rotation":0,"texture":"#0","tintindex":0},"south":{"uv":[11.75,3.25,11.875,3.5625],"rotation":0,"texture":"#0","tintindex":0},"north":{"uv":[3.25,11.75,3.375,12.0625],"rotation":0,"texture":"#0","tintindex":0},"west":{"uv":[8.25,11.75,8.3125,12.0625],"rotation":0,"texture":"#0","tintindex":0},"up":{"uv":[12.125,7.0625,12.0,7.0],"rotation":0,"texture":"#0","tintindex":0},"down":{"uv":[12.125,7.25,12.0,7.3125],"rotation":0,"texture":"#0","tintindex":0}}},{"from":[9.401563,7.1503944,8.281936],"to":[10.045149,7.431964,8.483056],"rotation":{"angle":0.0,"axis":"y","origin":[10.165821,7.6934204,7.9098625]},"faces":{"east":{"uv":[9.0,12.0,9.0625,12.0625],"rotation":0,"texture":"#0","tintindex":0},"south":{"uv":[12.0,2.75,12.1875,2.8125],"rotation":0,"texture":"#0","tintindex":0},"north":{"uv":[12.0,2.5,12.1875,2.5625],"rotation":0,"texture":"#0","tintindex":0},"west":{"uv":[12.0,9.0,12.0625,9.0625],"rotation":0,"texture":"#0","tintindex":0},"up":{"uv":[12.1875,3.0625,12.0,3.0],"rotation":0,"texture":"#0","tintindex":0},"down":{"uv":[12.1875,3.25,12.0,3.3125],"rotation":0,"texture":"#0","tintindex":0}}},{"from":[9.401563,7.1503944,7.3165565],"to":[10.045149,7.431964,7.5579014],"rotation":{"angle":0.0,"axis":"y","origin":[10.165821,7.6934204,7.9098625]},"faces":{"east":{"uv":[9.25,12.0,9.3125,12.0625],"rotation":0,"texture":"#0","tintindex":0},"south":{"uv":[12.0,3.5,12.1875,3.5625],"rotation":0,"texture":"#0","tintindex":0},"north":{"uv":[3.5,12.0,3.6875,12.0625],"rotation":0,"texture":"#0","tintindex":0},"west":{"uv":[12.0,9.25,12.0625,9.3125],"rotation":0,"texture":"#0","tintindex":0},"up":{"uv":[3.9375,12.0625,3.75,12.0],"rotation":0,"texture":"#0","tintindex":0},"down":{"uv":[12.1875,3.75,12.0,3.8125],"rotation":0,"texture":"#0","tintindex":0}}},{"from":[9.401563,7.1503944,7.6383495],"to":[10.045149,7.431964,7.8796945],"rotation":{"angle":0.0,"axis":"y","origin":[10.165821,7.6934204,7.9098625]},"faces":{"east":{"uv":[9.5,12.0,9.5625,12.0625],"rotation":0,"texture":"#0","tintindex":0},"south":{"uv":[4.25,12.0,4.4375,12.0625],"rotation":0,"texture":"#0","tintindex":0},"north":{"uv":[4.0,12.0,4.1875,12.0625],"rotation":0,"texture":"#0","tintindex":0},"west":{"uv":[12.0,9.5,12.0625,9.5625],"rotation":0,"texture":"#0","tintindex":0},"up":{"uv":[4.6875,12.0625,4.5,12.0],"rotation":0,"texture":"#0","tintindex":0},"down":{"uv":[12.1875,4.5,12.0,4.5625],"rotation":0,"texture":"#0","tintindex":0}}},{"from":[9.401563,7.1503944,7.9601426],"to":[10.045149,7.431964,8.201488],"rotation":{"angle":0.0,"axis":"y","origin":[10.165821,7.6934204,7.9098625]},"faces":{"east":{"uv":[9.75,12.0,9.8125,12.0625],"rotation":0,"texture":"#0","tintindex":0},"south":{"uv":[12.0,4.75,12.1875,4.8125],"rotation":0,"texture":"#0","tintindex":0},"north":{"uv":[4.75,12.0,4.9375,12.0625],"rotation":0,"texture":"#0","tintindex":0},"west":{"uv":[12.0,9.75,12.0625,9.8125],"rotation":0,"texture":"#0","tintindex":0},"up":{"uv":[5.1875,12.0625,5.0,12.0],"rotation":0,"texture":"#0","tintindex":0},"down":{"uv":[12.1875,5.0,12.0,5.0625],"rotation":0,"texture":"#0","tintindex":0}}},{"from":[8.970923,7.332723,6.6729703],"to":[9.694958,7.614292,10.65516],"rotation":{"angle":0.0,"axis":"y","origin":[0.24228525,9.62,7.6242857]},"faces":{"east":{"uv":[1.5,11.75,2.4375,11.8125],"rotation":0,"texture":"#0","tintindex":0},"south":{"uv":[10.0,11.75,10.25,11.8125],"rotation":0,"texture":"#0","tintindex":0},"north":{"uv":[9.75,11.75,10.0,11.8125],"rotation":0,"texture":"#0","tintindex":0},"west":{"uv":[11.75,1.5,12.6875,1.5625],"rotation":0,"texture":"#0","tintindex":0},"up":{"uv":[8.0,11.1875,7.75,10.25],"rotation":0,"texture":"#0","tintindex":0},"down":{"uv":[8.0,10.25,7.75,11.1875],"rotation":0,"texture":"#0","tintindex":0}}},{"from":[8.568682,7.051154,6.592522],