{"textures":{"0":"modelengine:entity/frost_queen_phase_1"},"elements":[{"from":[4.0914283,4.384385,7.032715],"to":[11.908571,7.858671,11.484143],"rotation":{"angle":-22.5,"axis":"x","origin":[8.0,5.622857,8.297143]},"faces":{"east":{"uv":[6.875,3.25,7.5,3.75],"rotation":0,"texture":"#0","tintindex":0},"south":{"uv":[1.375,2.5,2.5,3.0],"rotation":0,"texture":"#0","tintindex":0},"north":{"uv":[2.5,0.5,3.625,1.0],"rotation":0,"texture":"#0","tintindex":0},"west":{"uv":[2.5,7.0,3.125,7.5],"rotation":0,"texture":"#0","tintindex":0},"up":{"uv":[1.125,1.875,0.0,1.25],"rotation":0,"texture":"#0","tintindex":0},"down":{"uv":[2.25,1.25,1.125,1.875],"rotation":0,"texture":"#0","tintindex":0}}},{"from":[4.3085713,4.48965,6.6438007],"to":[11.691429,8.28965,10.552372],"rotation":{"angle":-45.0,"axis":"x","origin":[8.0,5.622857,8.297143]},"faces":{"east":{"uv":[6.25,6.5,6.8125,7.0625],"rotation":0,"texture":"#0","tintindex":0},"south":{"uv":[1.375,0.625,2.4375,1.1875],"rotation":0,"texture":"#0","tintindex":0},"north":{"uv":[1.375,0.0,2.4375,0.5625],"rotation":0,"texture":"#0","tintindex":0},"west":{"uv":[6.625,0.75,7.1875,1.3125],"rotation":0,"texture":"#0","tintindex":0},"up":{"uv":[1.0625,2.4375,0.0,1.875],"rotation":0,"texture":"#0","tintindex":0},"down":{"uv":[2.1875,1.875,1.125,2.4375],"rotation":0,"texture":"#0","tintindex":0}}},{"from":[4.96,2.7865205,6.6407948],"to":[11.04,6.5865207,10.549366],"rotation":{"angle":-22.5,"axis":"x","origin":[8.0,5.622857,8.297143]},"faces":{"east":{"uv":[6.75,4.5,7.3125,5.0625],"rotation":0,"texture":"#0","tintindex":0},"south":{"uv":[1.0,4.0,1.875,4.5625],"rotation":0,"texture":"#0","tintindex":0},"north":{"uv":[3.75,3.875,4.625,4.4375],"rotation":0,"texture":"#0","tintindex":0},"west":{"uv":[6.75,5.125,7.3125,5.6875],"rotation":0,"texture":"#0","tintindex":0},"up":{"uv":[4.875,1.9375,4.0,1.375],"rotation":0,"texture":"#0","tintindex":0},"down":{"uv":[2.75,4.25,1.875,4.8125],"rotation":0,"texture":"#0","tintindex":0}}},{"from":[4.742857,2.375463,7.681697],"to":[11.257143,6.175463,11.915983],"rotation":{"angle":0.0,"axis":"y","origin":[8.0,5.622857,8.297143]},"faces":{"east":{"uv":[5.875,4.375,6.5,4.9375],"rotation":0,"texture":"#0","tintindex":0},"south":{"uv":[0.0,3.0,0.9375,3.5625],"rotation":0,"texture":"#0","tintindex":0},"north":{"uv":[2.5,2.5,3.4375,3.0625],"rotation":0,"texture":"#0","tintindex":0},"west":{"uv":[6.0,0.875,6.625,1.4375],"rotation":0,"texture":"#0","tintindex":0},"up":{"uv":[3.1875,1.875,2.25,1.25],"rotation":0,"texture":"#0","tintindex":0},"down":{"uv":[3.1875,1.875,2.25,2.5],"rotation":0,"texture":"#0","tintindex":0}}},{"from":[3.4399996,6.1193542,9.572502],"to":[12.56,9.159354,11.743931],"rotation":{"angle":-45.0,"axis":"x","origin":[8.0,5.622857,8.297143]},"faces":{"east":{"uv":[7.25,10.375,7.5625,10.8125],"rotation":0,"texture":"#0","tintindex":0},"south":{"uv":[2.5,0.0,3.8125,0.4375],"rotation":0,"texture":"#0","tintindex":0},"north":{"uv":[0.0,2.5,1.3125,2.9375],"rotation":0,"texture":"#0","tintindex":0},"west":{"uv":[10.375,7.375,10.6875,7.8125],"rotation":0,"texture":"#0","tintindex":0},"up":{"uv":[6.1875,1.8125,4.875,1.5],"rotation":0,"texture":"#0","tintindex":0},"down":{"uv":[6.0625,5.0,4.75,5.3125],"rotation":0,"texture":"#0","tintindex":0}}},{"from":[3.222857,5.042618,5.462777],"to":[12.7771435,9.385475,8.068491],"rotation":{"angle":22.5,"axis":"x","origin":[8.0,5.622857,8.297143]},"faces":{"east":{"uv":[8.5,4.5,8.875,5.125],"rotation":0,"texture":"#0","tintindex":0},"south":{"uv":[0.0,0.625,1.375,1.25],"rotation":0,"texture":"#0","tintindex":0},"north":{"uv":[0.0,0.0,1.375,0.625],"rotation":0,"texture":"#0","tintindex":0},"west":{"uv":[4.75,8.5,5.125,9.125],"rotation":0,"texture":"#0","tintindex":0},"up":{"uv":[3.625,3.5,2.25,3.125],"rotation":0,"texture":"#0","tintindex":0},"down":{"uv":[4.625,1.0,3.25,1.375],"rotation":0,"texture":"#0","tintindex":0}}}],"display":{"head":{"translation":[0.0,-6.4,0.0],"scale":[4.0,4.0,4.0]}}}