{"textures":{"0":"modelengine:entity/frost_queen_phase_1"},"elements":[{"from":[4.0914283,4.2114286,7.754286],"to":[8.434286,7.0342855,9.9257145],"rotation":{"angle":-22.5,"axis":"y","origin":[5.8285713,5.731428,7.5371428]},"faces":{"east":{"uv":[10.375,9.375,10.6875,9.8125],"rotation":0,"texture":"#0","tintindex":0},"south":{"uv":[5.25,7.5,5.875,7.9375],"rotation":0,"texture":"#0","tintindex":0},"north":{"uv":[4.625,7.5,5.25,7.9375],"rotation":0,"texture":"#0","tintindex":0},"west":{"uv":[9.75,10.375,10.0625,10.8125],"rotation":0,"texture":"#0","tintindex":0},"up":{"uv":[9.75,7.5625,9.125,7.25],"rotation":0,"texture":"#0","tintindex":0},"down":{"uv":[9.75,8.625,9.125,8.9375],"rotation":0,"texture":"#0","tintindex":0}}},{"from":[3.6571426,3.9942856,6.6685715],"to":[8.0,7.2514286,9.057143],"rotation":{"angle":0.0,"axis":"y","origin":[11.257143,3.548491,8.117382]},"faces":{"east":{"uv":[9.75,5.0,10.125,5.5],"rotation":0,"texture":"#0","tintindex":0},"south":{"uv":[6.25,7.125,6.875,7.625],"rotation":0,"texture":"#0","tintindex":0},"north":{"uv":[6.875,7.0,7.5,7.5],"rotation":0,"texture":"#0","tintindex":0},"west":{"uv":[9.75,5.5,10.125,6.0],"rotation":0,"texture":"#0","tintindex":0},"up":{"uv":[8.75,9.0,8.125,8.625],"rotation":0,"texture":"#0","tintindex":0},"down":{"uv":[2.5,8.75,1.875,9.125],"rotation":0,"texture":"#0","tintindex":0}}},{"from":[7.674286,4.6457143,7.2114286],"to":[9.6285715,6.6,9.382857],"rotation":{"angle":-45.0,"axis":"y","origin":[8.0,5.622857,8.297143]},"faces":{"east":{"uv":[10.875,2.125,11.1875,2.4375],"rotation":0,"texture":"#0","tintindex":0},"south":{"uv":[10.875,3.25,11.1875,3.5625],"rotation":0,"texture":"#0","tintindex":0},"north":{"uv":[1.5,10.875,1.8125,11.1875],"rotation":0,"texture":"#0","tintindex":0},"west":{"uv":[10.875,3.625,11.1875,3.9375],"rotation":0,"texture":"#0","tintindex":0},"up":{"uv":[11.1875,4.3125,10.875,4.0],"rotation":0,"texture":"#0","tintindex":0},"down":{"uv":[11.1875,4.375,10.875,4.6875],"rotation":0,"texture":"#0","tintindex":0}}}],"display":{"head":{"translation":[0.0,-6.4,0.0],"scale":[4.0,4.0,4.0]}}}