{"textures":{"0":"modelengine:entity/frost_queen_phase_1"},"elements":[{"from":[6.1542854,2.8542852,6.18],"to":[9.845715,6.002857,10.197144],"rotation":{"angle":0.0,"axis":"y","origin":[8.0,5.622857,8.297143]},"faces":{"east":{"uv":[8.125,6.375,8.6875,6.8125],"rotation":0,"texture":"#0","tintindex":0},"south":{"uv":[6.75,8.125,7.3125,8.5625],"rotation":0,"texture":"#0","tintindex":0},"north":{"uv":[8.125,3.125,8.6875,3.5625],"rotation":0,"texture":"#0","tintindex":0},"west":{"uv":[8.125,7.5,8.6875,7.9375],"rotation":0,"texture":"#0","tintindex":0},"up":{"uv":[7.3125,6.3125,6.75,5.75],"rotation":0,"texture":"#0","tintindex":0},"down":{"uv":[7.4375,1.375,6.875,1.9375],"rotation":0,"texture":"#0","tintindex":0}}},{"from":[5.937143,2.8542852,5.745714],"to":[10.062857,5.568571,10.414286],"rotation":{"angle":0.0,"axis":"y","origin":[8.0,5.622857,8.297143]},"faces":{"east":{"uv":[0.5,7.625,1.1875,8.0],"rotation":0,"texture":"#0","tintindex":0},"south":{"uv":[5.125,8.5,5.75,8.875],"rotation":0,"texture":"#0","tintindex":0},"north":{"uv":[8.375,3.625,9.0,4.0],"rotation":0,"texture":"#0","tintindex":0},"west":{"uv":[7.625,3.625,8.3125,4.0],"rotation":0,"texture":"#0","tintindex":0},"up":{"uv":[5.375,2.6875,4.75,2.0],"rotation":0,"texture":"#0","tintindex":0},"down":{"uv":[5.375,2.75,4.75,3.4375],"rotation":0,"texture":"#0","tintindex":0}}},{"from":[5.72,2.8542852,5.3114285],"to":[10.280001,4.917143,10.631429],"rotation":{"angle":0.0,"axis":"y","origin":[8.0,5.622857,8.297143]},"faces":{"east":{"uv":[8.5,5.125,9.25,5.4375],"rotation":0,"texture":"#0","tintindex":0},"south":{"uv":[8.875,7.875,9.5625,8.1875],"rotation":0,"texture":"#0","tintindex":0},"north":{"uv":[7.125,8.875,7.8125,9.1875],"rotation":0,"texture":"#0","tintindex":0},"west":{"uv":[5.75,8.5,6.5,8.8125],"rotation":0,"texture":"#0","tintindex":0},"up":{"uv":[3.9375,2.125,3.25,1.375],"rotation":0,"texture":"#0","tintindex":0},"down":{"uv":[4.1875,2.125,3.5,2.875],"rotation":0,"texture":"#0","tintindex":0}}}],"display":{"head":{"translation":[0.0,-6.4,0.0],"scale":[4.0,4.0,4.0]}}}