{"textures":{"0":"modelengine:entity/ender_fly_texture"},"elements":[{"from":[5.904762,5.8095236,7.174603],"to":[10.476191,10.380953,8.31746],"rotation":{"angle":0.0,"axis":"y","origin":[8.190476,-2.1904774,4.31746]},"faces":{"east":{"uv":[9.75,7.125,10.0,8.125],"rotation":0,"texture":"#0","tintindex":0},"south":{"uv":[7.875,7.875,8.875,8.875],"rotation":0,"texture":"#0","tintindex":0},"north":{"uv":[7.875,6.875,8.875,7.875],"rotation":0,"texture":"#0","tintindex":0},"west":{"uv":[7.25,9.75,7.5,10.75],"rotation":0,"texture":"#0","tintindex":0},"up":{"uv":[10.75,9.75,9.75,9.5],"rotation":0,"texture":"#0","tintindex":0},"down":{"uv":[10.75,9.75,9.75,10.0],"rotation":0,"texture":"#0","tintindex":0}}},{"from":[4.7619047,5.2380953,4.31746],"to":[11.047619,11.523809,7.174603],"rotation":{"angle":0.0,"axis":"y","origin":[8.190476,-2.1904774,3.174603]},"faces":{"east":{"uv":[5.5,8.125,6.125,9.5],"rotation":0,"texture":"#0","tintindex":0},"south":{"uv":[4.25,7.0,5.5,8.375],"rotation":0,"texture":"#0","tintindex":0},"north":{"uv":[3.0,7.0,4.25,8.375],"rotation":0,"texture":"#0","tintindex":0},"west":{"uv":[6.125,8.125,6.75,9.5],"rotation":0,"texture":"#0","tintindex":0},"up":{"uv":[9.5,2.5,8.25,1.875],"rotation":0,"texture":"#0","tintindex":0},"down":{"uv":[9.5,2.5,8.25,3.125],"rotation":0,"texture":"#0","tintindex":0}}},{"from":[5.333333,5.2380953,1.4603171],"to":[10.476191,10.380953,4.31746],"rotation":{"angle":0.0,"axis":"y","origin":[8.190476,-2.7619057,0.31746006]},"faces":{"east":{"uv":[6.75,8.125,7.375,9.25],"rotation":0,"texture":"#0","tintindex":0},"south":{"uv":[7.125,3.75,8.25,4.875],"rotation":0,"texture":"#0","tintindex":0},"north":{"uv":[6.75,7.0,7.875,8.125],"rotation":0,"texture":"#0","tintindex":0},"west":{"uv":[8.25,3.125,8.875,4.25],"rotation":0,"texture":"#0","tintindex":0},"up":{"uv":[9.375,4.875,8.25,4.25],"rotation":0,"texture":"#0","tintindex":0},"down":{"uv":[2.375,8.375,1.25,9.0],"rotation":0,"texture":"#0","tintindex":0}}},{"from":[5.904762,5.2380953,-0.8253975],"to":[9.904762,8.666667,1.4603171],"rotation":{"angle":0.0,"axis":"y","origin":[8.190476,-3.333334,-2.5396833]},"faces":{"east":{"uv":[7.375,8.125,7.875,8.875],"rotation":0,"texture":"#0","tintindex":0},"south":{"uv":[3.25,8.375,4.125,9.125],"rotation":0,"texture":"#0","tintindex":0},"north":{"uv":[2.375,8.375,3.25,9.125],"rotation":0,"texture":"#0","tintindex":0},"west":{"uv":[3.375,9.125,3.875,9.875],"rotation":0,"texture":"#0","tintindex":0},"up":{"uv":[3.375,9.625,2.5,9.125],"rotation":0,"texture":"#0","tintindex":0},"down":{"uv":[10.0,4.875,9.125,5.375],"rotation":0,"texture":"#0","tintindex":0}}},{"from":[7.047619,0.09523773,-1.9682541],"to":[8.761905,6.3809524,-0.8253975],"rotation":{"angle":0.0,"axis":"y","origin":[8.190476,5.2380953,-1.3968258]},"faces":{"east":{"uv":[3.875,9.125,4.125,10.5],"rotation":0,"texture":"#0","tintindex":0},"south":{"uv":[8.0,8.875,8.375,10.25],"rotation":0,"texture":"#0","tintindex":0},"north":{"uv":[8.875,7.5,9.25,8.875],"rotation":0,"texture":"#0","tintindex":0},"west":{"uv":[4.125,9.25,4.375,10.625],"rotation":0,"texture":"#0","tintindex":0},"up":{"uv":[8.75,6.875,8.375,6.625],"rotation":0,"texture":"#0","tintindex":0},"down":{"uv":[7.875,9.75,7.5,10.0],"rotation":0,"texture":"#0","tintindex":0}}},{"from":[5.904762,10.952381,4.8888884],"to":[6.4761906,13.809525,5.460317],"rotation":{"angle":22.5,"axis":"z","origin":[6.190476,12.380953,5.174603]},"faces":{"east":{"uv":[0.0,9.875,0.125,10.5],"rotation":0,"texture":"#0","tintindex":0},"south":{"uv":[0.125,9.875,0.25,10.5],"rotation":0,"texture":"#0","tintindex":0},"north":{"uv":[7.875,9.75,8.0,10.375],"rotation":0,"texture":"#0","tintindex":0},"west":{"uv":[0.25,9.875,0.375,10.5],"rotation":0,"texture":"#0","tintindex":0},"up":{"uv":[7.25,7.0,7.125,6.875],"rotation":0,"texture":"#0","tintindex":0},"down":{"uv":[7.375,6.875,7.25,7.0],"rotation":0,"texture":"#0","tintindex":0}}},{"from":[9.619047,10.952381,4.8888884],"to":[10.190476,13.809525,5.460317],"rotation":{"angle":-22.5,"axis":"z","origin":[9.904762,12.380953,5.174603]},"faces":{"east":{"uv":[0.5,9.875,0.625,10.5],"rotation":0,"texture":"#0","tintindex":0},"south":{"uv":[1.875,9.875,2.0,10.5],"rotation":0,"texture":"#0","tintindex":0},"north":{"uv":[0.375,9.875,0.5,10.5],"rotation":0,"texture":"#0","tintindex":0},"west":{"uv":[2.0,9.875,2.125,10.5],"rotation":0,"texture":"#0","tintindex":0},"up":{"uv":[7.5,7.0,7.375,6.875],"rotation":0,"texture":"#0","tintindex":0},"down":{"uv":[7.625,6.875,7.5,7.0],"rotation":0,"texture":"#0","tintindex":0}}},{"from":[4.7619047,6.952381,0.88888836],"to":[7.6190476,10.952381,4.31746],"rotation":{"angle":0.0,"axis":"y","origin":[5.333333,-2.1904774,0.31746006]},"faces":{"east":{"uv":[8.375,5.75,9.125,6.625],"rotation":0,"texture":"#0","tintindex":0},"south":{"uv":[7.375,8.875,8.0,9.75],"rotation":0,"texture":"#0","tintindex":0},"north":{"uv":[8.875,6.625,9.5,7.5],"rotation":0,"texture":"#0","tintindex":0},"west":{"uv":[8.75,0.0,9.5,0.875],"rotation":0,"texture":"#0","tintindex":0},"up":{"uv":[9.625,9.625,9.0,8.875],"rotation":0,"texture":"#0","tintindex":0},"down":{"uv":[2.5,9.125,1.875,9.875],"rotation":0,"texture":"#0","tintindex":0}}},{"from":[8.190476,6.952381,0.88888836],"to":[11.047619,10.952381,4.31746],"rotation":{"angle":0.0,"axis":"y","origin":[8.761905,-2.1904774,0.31746006]},"faces":{"east":{"uv":[4.125,8.375,4.875,9.25],"rotation":0,"texture":"#0","tintindex":0},"south":{"uv":[8.875,3.125,9.5,4.0],"rotation":0,"texture":"#0","tintindex":0},"north":{"uv":[0.625,8.875,1.25,9.75],"rotation":0,"texture":"#0","tintindex":0},"west":{"uv":[8.375,4.875,9.125,5.75],"rotation":0,"texture":"#0","tintindex":0},"up":{"uv":[9.0,9.625,8.375,8.875],"rotation":0,"texture":"#0","tintindex":0},"down":{"uv":[1.875,9.0,1.25,9.75],"rotation":0,"texture":"#0","tintindex":0}}}],"display":{"head":{"translation":[0.0,-6.4,0.0],"scale":[4.0,4.0,4.0]}}}