{"textures":{"0":"modelengine:entity/ender_fly_texture"},"elements":[{"from":[-2.2020311,2.9877448,7.428571],"to":[4.083684,4.130602,8.571428],"rotation":{"angle":0.0,"axis":"y","origin":[3.5122552,6.130602,8.0]},"faces":{"east":{"uv":[2.125,9.875,2.375,10.125],"rotation":0,"texture":"#0","tintindex":0},"south":{"uv":[9.125,5.625,10.5,5.875],"rotation":0,"texture":"#0","tintindex":0},"north":{"uv":[9.125,5.375,10.5,5.625],"rotation":0,"texture":"#0","tintindex":0},"west":{"uv":[3.375,9.875,3.625,10.125],"rotation":0,"texture":"#0","tintindex":0},"up":{"uv":[10.5,6.125,9.125,5.875],"rotation":0,"texture":"#0","tintindex":0},"down":{"uv":[10.5,6.125,9.125,6.375],"rotation":0,"texture":"#0","tintindex":0}}},{"from":[5.512255,2.8448877,7.428571],"to":[6.6551123,9.130602,8.571428],"rotation":{"angle":-45.0,"axis":"z","origin":[5.512255,5.9877443,8.0]},"faces":{"east":{"uv":[4.625,9.25,4.875,10.625],"rotation":0,"texture":"#0","tintindex":0},"south":{"uv":[6.75,9.25,7.0,10.625],"rotation":0,"texture":"#0","tintindex":0},"north":{"uv":[4.375,9.25,4.625,10.625],"rotation":0,"texture":"#0","tintindex":0},"west":{"uv":[7.0,9.25,7.25,10.625],"rotation":0,"texture":"#0","tintindex":0},"up":{"uv":[3.875,10.125,3.625,9.875],"rotation":0,"texture":"#0","tintindex":0},"down":{"uv":[10.25,2.0,10.0,2.25],"rotation":0,"texture":"#0","tintindex":0}}}],"display":{"head":{"translation":[0.0,-6.4,0.0],"scale":[4.0,4.0,4.0]}}}