{"textures":{"0":"modelengine:entity/frost_queen_phase_2"},"elements":[{"from":[8.2,6.200036,4.2800126],"to":[11.697143,9.182894,8.085727],"rotation":{"angle":0.0,"axis":"y","origin":[9.948571,8.822893,6.285727]},"faces":{"east":{"uv":[8.125,6.375,8.6875,6.8125],"rotation":0,"texture":"#0","tintindex":0},"south":{"uv":[6.75,8.125,7.3125,8.5625],"rotation":0,"texture":"#0","tintindex":0},"north":{"uv":[8.125,3.125,8.6875,3.5625],"rotation":0,"texture":"#0","tintindex":0},"west":{"uv":[8.125,7.5,8.6875,7.9375],"rotation":0,"texture":"#0","tintindex":0},"up":{"uv":[7.3125,6.3125,6.75,5.75],"rotation":0,"texture":"#0","tintindex":0},"down":{"uv":[7.4375,1.375,6.875,1.9375],"rotation":0,"texture":"#0","tintindex":0}}},{"from":[7.7885714,6.200036,3.4571552],"to":[12.108572,8.154322,8.497155],"rotation":{"angle":0.0,"axis":"y","origin":[9.948571,8.822893,6.285727]},"faces":{"east":{"uv":[8.5,5.125,9.25,5.4375],"rotation":0,"texture":"#0","tintindex":0},"south":{"uv":[8.875,7.875,9.5625,8.1875],"rotation":0,"texture":"#0","tintindex":0},"north":{"uv":[7.125,8.875,7.8125,9.1875],"rotation":0,"texture":"#0","tintindex":0},"west":{"uv":[5.75,8.5,6.5,8.8125],"rotation":0,"texture":"#0","tintindex":0},"up":{"uv":[3.9375,2.125,3.25,1.375],"rotation":0,"texture":"#0","tintindex":0},"down":{"uv":[4.1875,2.125,3.5,2.875],"rotation":0,"texture":"#0","tintindex":0}}}],"display":{"head":{"translation":[0.0,-6.4,0.0],"scale":[4.0,4.0,4.0]}}}