{"textures":{"0":"modelengine:entity/frost_queen_phase_2"},"elements":[{"from":[9.988151,5.647901,4.988184],"to":[13.279579,8.733616,7.4567556],"rotation":{"angle":0.0,"axis":"y","origin":[6.0795794,5.2255697,6.9778843]},"faces":{"east":{"uv":[10.0,9.375,10.3125,9.875],"rotation":0,"texture":"#0","tintindex":0},"south":{"uv":[3.75,7.0,4.375,7.5],"rotation":0,"texture":"#0","tintindex":0},"north":{"uv":[3.125,7.0,3.75,7.5],"rotation":0,"texture":"#0","tintindex":0},"west":{"uv":[10.125,1.125,10.4375,1.625],"rotation":0,"texture":"#0","tintindex":0},"up":{"uv":[2.625,9.4375,2.0,9.125],"rotation":0,"texture":"#0","tintindex":0},"down":{"uv":[3.25,9.125,2.625,9.4375],"rotation":0,"texture":"#0","tintindex":0}}},{"from":[8.753865,5.8536158,6.6338983],"to":[12.868151,8.527902,8.073898],"rotation":{"angle":22.5,"axis":"y","origin":[11.222437,7.293616,6.428184]},"faces":{"east":{"uv":[10.375,7.875,10.6875,8.3125],"rotation":0,"texture":"#0","tintindex":0},"south":{"uv":[7.5,3.125,8.125,3.5625],"rotation":0,"texture":"#0","tintindex":0},"north":{"uv":[2.75,7.5,3.375,7.9375],"rotation":0,"texture":"#0","tintindex":0},"west":{"uv":[10.375,8.375,10.6875,8.8125],"rotation":0,"texture":"#0","tintindex":0},"up":{"uv":[3.875,9.4375,3.25,9.125],"rotation":0,"texture":"#0","tintindex":0},"down":{"uv":[4.5,9.125,3.875,9.4375],"rotation":0,"texture":"#0","tintindex":0}}},{"from":[11.4677105,2.8606691,4.1462593],"to":[13.113425,5.90524,4.1462593],"rotation":{"angle":45.0,"axis":"x","origin":[12.290568,4.3829546,5.1748304]},"faces":{"east":{"uv":[14.1875,10.0625,14.625,9.625],"rotation":0,"texture":"#0","tintindex":0},"south":{"uv":[10.75,13.6875,10.3125,13.25],"rotation":270,"texture":"#0","tintindex":0},"north":{"uv":[10.3125,13.6875,10.75,13.25],"rotation":90,"texture":"#0","tintindex":0},"west":{"uv":[13.6875,6.5625,14.125,7.0],"rotation":180,"texture":"#0","tintindex":0},"up":{"uv":[14.5,8.8125,14.0625,9.25],"rotation":90,"texture":"#0","tintindex":0},"down":{"uv":[9.6875,6.625,9.25,7.0625],"rotation":90,"texture":"#0","tintindex":0}}}],"display":{"head":{"translation":[0.0,-6.4,0.0],"scale":[4.0,4.0,4.0]}}}