{"textures":{"0":"modelengine:entity/frost_queen_phase_2"},"elements":[{"from":[9.320854,5.3985767,4.472476],"to":[10.966568,8.89572,5.912476],"rotation":{"angle":-22.5,"axis":"y","origin":[9.526568,7.147148,4.8839045]},"faces":{"east":{"uv":[1.25,10.25,1.5,10.8125],"rotation":0,"texture":"#0","tintindex":0},"south":{"uv":[1.5,10.25,1.75,10.8125],"rotation":0,"texture":"#0","tintindex":0},"north":{"uv":[1.0,10.25,1.25,10.8125],"rotation":0,"texture":"#0","tintindex":0},"west":{"uv":[10.25,1.625,10.5,2.1875],"rotation":0,"texture":"#0","tintindex":0},"up":{"uv":[3.75,3.125,3.5,2.875],"rotation":0,"texture":"#0","tintindex":0},"down":{"uv":[3.75,5.25,3.5,5.5],"rotation":0,"texture":"#0","tintindex":0}}},{"from":[9.937997,5.604291,5.295333],"to":[12.406569,8.690005,6.7353334],"rotation":{"angle":0.0,"axis":"y","origin":[9.526568,7.147148,4.8839045]},"faces":{"east":{"uv":[3.625,0.5,3.875,1.0],"rotation":0,"texture":"#0","tintindex":0},"south":{"uv":[0.875,9.75,1.25,10.25],"rotation":0,"texture":"#0","tintindex":0},"north":{"uv":[9.625,9.375,10.0,9.875],"rotation":0,"texture":"#0","tintindex":0},"west":{"uv":[6.5,4.5,6.75,5.0],"rotation":0,"texture":"#0","tintindex":0},"up":{"uv":[9.0,0.625,8.625,0.375],"rotation":0,"texture":"#0","tintindex":0},"down":{"uv":[9.25,2.875,8.875,3.125],"rotation":0,"texture":"#0","tintindex":0}}},{"from":[11.27514,5.810005,3.7524762],"to":[12.715139,8.484291,6.2210474],"rotation":{"angle":0.0,"axis":"y","origin":[11.172283,7.147148,6.015333]},"faces":{"east":{"uv":[5.5,9.875,5.875,10.3125],"rotation":0,"texture":"#0","tintindex":0},"south":{"uv":[7.0,10.75,7.25,11.1875],"rotation":0,"texture":"#0","tintindex":0},"north":{"uv":[5.625,10.75,5.875,11.1875],"rotation":0,"texture":"#0","tintindex":0},"west":{"uv":[9.0,9.875,9.375,10.3125],"rotation":0,"texture":"#0","tintindex":0},"up":{"uv":[3.5,2.5,3.25,2.125],"rotation":0,"texture":"#0","tintindex":0},"down":{"uv":[4.875,1.0,4.625,1.375],"rotation":0,"texture":"#0","tintindex":0}}},{"from":[8.806568,7.6988697,3.0493407],"to":[9.629425,8.727442,4.489341],"rotation":{"angle":-45.0,"axis":"y","origin":[9.702156,9.036013,3.8553333]},"faces":{"east":{"uv":[11.25,7.625,11.5,7.8125],"rotation":0,"texture":"#0","tintindex":0},"south":{"uv":[7.375,6.0,7.5,6.1875],"rotation":0,"texture":"#0","tintindex":0},"north":{"uv":[2.375,7.25,2.5,7.4375],"rotation":0,"texture":"#0","tintindex":0},"west":{"uv":[11.25,7.875,11.5,8.0625],"rotation":0,"texture":"#0","tintindex":0},"up":{"uv":[3.25,1.25,3.125,1.0],"rotation":0,"texture":"#0","tintindex":0},"down":{"uv":[3.75,3.125,3.625,3.375],"rotation":0,"texture":"#0","tintindex":0}}},{"from":[8.999804,7.6165843,2.4593997],"to":[10.23409,8.809727,3.282257],"rotation":{"angle":-45.0,"axis":"y","origin":[9.702156,9.036013,3.8553333]},"faces":{"east":{"uv":[7.875,4.75,8.0,4.9375],"rotation":0,"texture":"#0","tintindex":0},"south":{"uv":[9.625,11.25,9.8125,11.4375],"rotation":0,"texture":"#0","tintindex":0},"north":{"uv":[9.375,11.25,9.5625,11.4375],"rotation":0,"texture":"#0","tintindex":0},"west":{"uv":[8.0,5.75,8.125,5.9375],"rotation":0,"texture":"#0","tintindex":0},"up":{"uv":[2.4375,3.125,2.25,3.0],"rotation":0,"texture":"#0","tintindex":0},"down":{"uv":[4.1875,2.0,4.0,2.125],"rotation":0,"texture":"#0","tintindex":0}}},{"from":[10.688309,5.3341393,3.9434342],"to":[11.840309,9.612997,5.095434],"rotation":{"angle":0.0,"axis":"y","origin":[11.758023,7.391282,5.5891485]},"faces":{"east":{"uv":[4.5,10.75,4.6875,11.375],"rotation":0,"texture":"#0","tintindex":0},"south":{"uv":[4.75,10.75,4.9375,11.375],"rotation":0,"texture":"#0","tintindex":0},"north":{"uv":[4.25,10.75,4.4375,11.375],"rotation":0,"texture":"#0","tintindex":0},"west":{"uv":[5.375,10.75,5.5625,11.375],"rotation":0,"texture":"#0","tintindex":0},"up":{"uv":[10.8125,11.4375,10.625,11.25],"rotation":0,"texture":"#0","tintindex":0},"down":{"uv":[11.0625,11.25,10.875,11.4375],"rotation":0,"texture":"#0","tintindex":0}}},{"from":[10.424994,4.511282,3.68012],"to":[12.103623,5.827853,5.3587484],"rotation":{"angle":-45.0,"axis":"y","origin":[11.264309,5.5809965,4.5194345]},"faces":{"east":{"uv":[8.875,11.25,9.125,11.4375],"rotation":0,"texture":"#0","tintindex":0},"south":{"uv":[11.25,9.0,11.5,9.1875],"rotation":0,"texture":"#0","tintindex":0},"north":{"uv":[11.25,8.75,11.5,8.9375],"rotation":0,"texture":"#0","tintindex":0},"west":{"uv":[9.125,11.25,9.375,11.4375],"rotation":0,"texture":"#0","tintindex":0},"up":{"uv":[7.875,4.25,7.625,4.0],"rotation":0,"texture":"#0","tintindex":0},"down":{"uv":[1.875,7.75,1.625,8.0],"rotation":0,"texture":"#0","tintindex":0}}},{"from":[9.278536,9.044136,2.6143775],"to":[13.159131,10.080936,6.4949718],"rotation":{"angle":-45.0,"axis":"y","origin":[11.218834,5.8596783,4.554675]},"faces":{"east":{"uv":[10.75,8.5,11.3125,8.6875],"rotation":0,"texture":"#0","tintindex":0},"south":{"uv":[10.75,9.25,11.3125,9.4375],"rotation":0,"texture":"#0","tintindex":0},"north":{"uv":[8.125,10.75,8.6875,10.9375],"rotation":0,"texture":"#0","tintindex":0},"west":{"uv":[10.75,9.5,11.3125,9.6875],"rotation":0,"texture":"#0","tintindex":0},"up":{"uv":[7.4375,6.9375,6.875,6.375],"rotation":0,"texture":"#0","tintindex":0},"down":{"uv":[0.5625,7.0,0.0,7.5625],"rotation":0,"texture":"#0","tintindex":0}}},{"from":[11.297392,9.932821,5.6145253],"to":[11.9277,12.07225,7.273405],"rotation":{"angle":22.5,"axis":"y","origin":[10.1484375,11.228822,5.770134]},"faces":{"east":{"uv":[1.375,11.25,1.625,11.5625],"rotation":0,"texture":"#0","tintindex":0},"south":{"uv":[1.625,11.25,1.875,11.5625],"rotation":0,"texture":"#0","tintindex":0},"north":{"uv":[11.25,1.25,11.5,1.5625],"rotation":0,"texture":"#0","tintindex":0},"west":{"uv":[11.25,1.625,11.5,1.9375],"rotation":0,"texture":"#0","tintindex":0},"up":{"uv":[10.125,5.0,9.875,4.75],"rotation":0,"texture":"#0","tintindex":0},"down":{"uv":[6.125,9.875,5.875,10.125],"rotation":0,"texture":"#0","tintindex":0}}},{"from":[11.144829,9.932821,2.0160136],"to":[12.803709,14.211679,3.6748943],"rotation":{"angle":45.0,"axis":"y","origin":[11.300438,11.228822,3.7952766]},"faces":{"east":{"uv":[6.25,10.125,6.5,10.75],"rotation":0,"texture":"#0","tintindex":0},"south":{"uv":[10.125,6.625,10.375,7.25],"rotation":0,"texture":"#0","tintindex":0},"north":{"uv":[5.0,6.25,5.25,6.875],"rotation":0,"texture":"#0","tintindex":0},"west":{"uv":[10.125,7.25,10.375,7.875],"rotation":0,"texture":"#0","tintindex":0},"up":{"uv":[11.5,4.875,11.25,4.625],"rotation":0,"texture":"#0","tintindex":0},"down":{"uv":[11.5,4.875,11.25,5.125],"rotation":0,"texture":"#0","tintindex":0}}},{"from":[11.403581,9.932821,3.6419444],"to":[13.06246,14.211679,5.300824],"rotation":{"angle":22.5,"axis":"y","origin":[11.711866,11.228822,4.000991]},"faces":{"east":{"uv":[10.125,7.875,10.375,8.5],"rotation":0,"texture":"#0","tintindex":0},"south":{"uv":[8.0,10.125,8.25,10.75],"rotation":0,"texture":"#0","tintindex":0},"north":{"uv":[7.75,10.125,8.0,10.75],"rotation":0,"texture":"#0","tintindex":0},"west":{"uv":[8.25,10.125,8.5,10.75],"rotation":0,"texture":"#0","tintindex":0},"up":{"uv":[5.875,11.5,5.625,11.25],"rotation":0,"texture":"#0","tintindex":0},"down":{"uv":[11.5,5.625,11.25,5.875],"rotation":0,"texture":"#0","tintindex":0}}},{"from":[11.222552,9.932821,2.3171444],"to":[11.222552,20.299248,7.267453],"rotation":{"angle":0.0,"axis":"y","origin":[11.711866,11.228822,4.000991]},"faces":{"east":{"uv":[6.0,11.75,5.1875,13.625],"rotation":0,"texture":"#0","tintindex":0},"south":{"uv":[5.0,9.875,5.25,10.5625],"rotation":0,"texture":"#0","tintindex":0},"north":{"uv":[4.5,5.5,4.75,6.1875],"rotation":0,"texture":"#0","tintindex":0},"west":{"uv":[5.1875,11.75,6.0,13.625],"rotation":0,"texture":"#0","tintindex":0},"up":{"uv":[11.5,6.125,11.25,5.875],"rotation":0,"texture":"#0","tintindex":0},"down":{"uv":[11.5,6.125,11.25,6.375],"rotation":0,"texture":"#0","tintindex":0}}},{"from":[11.591059,10.080936,3.951857],"to":[13.249938,14.359793,6.022166],"rotation":{"angle":-22.5,"axis":"y",