{"textures":{"0":"modelengine:entity/kraken"},"elements":[{"from":[3.9428568,19.6,6.928571],"to":[4.5142856,21.314285,8.642858],"rotation":{"angle":-45.0,"axis":"x","origin":[4.1142855,20.585714,6.642857]},"faces":{"east":{"uv":[6.875,1.5,7.0625,1.6875],"rotation":0,"texture":"#0","tintindex":0},"south":{"uv":[7.0625,1.5,7.125,1.6875],"rotation":0,"texture":"#0","tintindex":0},"north":{"uv":[1.0625,6.9375,1.125,7.125],"rotation":0,"texture":"#0","tintindex":0},"west":{"uv":[8.0625,1.6875,8.25,1.875],"rotation":0,"texture":"#0","tintindex":0},"up":{"uv":[7.3125,3.5,7.25,3.3125],"rotation":0,"texture":"#0","tintindex":0},"down":{"uv":[7.3125,3.5,7.25,3.6875],"rotation":0,"texture":"#0","tintindex":0}}},{"from":[11.485714,19.6,6.928571],"to":[12.057143,21.314285,8.642858],"rotation":{"angle":-45.0,"axis":"x","origin":[11.885715,20.585714,6.642857]},"faces":{"east":{"uv":[8.0625,4.4375,8.25,4.625],"rotation":0,"texture":"#0","tintindex":0},"south":{"uv":[7.75,4.125,7.8125,4.3125],"rotation":0,"texture":"#0","tintindex":0},"north":{"uv":[7.6875,3.4375,7.75,3.625],"rotation":0,"texture":"#0","tintindex":0},"west":{"uv":[8.0625,4.625,8.25,4.8125],"rotation":0,"texture":"#0","tintindex":0},"up":{"uv":[7.875,0.625,7.8125,0.4375],"rotation":0,"texture":"#0","tintindex":0},"down":{"uv":[7.9375,3.25,7.875,3.4375],"rotation":0,"texture":"#0","tintindex":0}}}],"display":{"head":{"translation":[0.0,-6.4,0.0],"scale":[4.0,4.0,4.0]}}}