{"textures":{"0":"modelengine:entity/kraken"},"elements":[{"from":[7.535714,0.057142735,7.3333335],"to":[8.678572,8.6285715,8.7047615],"rotation":{"angle":0.0,"axis":"y","origin":[5.8785715,9.471429,3.9904757]},"faces":{"east":{"uv":[7.8125,5.0625,7.9375,6.0],"rotation":0,"texture":"#0","tintindex":0},"south":{"uv":[7.8125,6.0,7.9375,6.9375],"rotation":0,"texture":"#0","tintindex":0},"north":{"uv":[7.8125,4.125,7.9375,5.0625],"rotation":0,"texture":"#0","tintindex":0},"west":{"uv":[7.8125,6.9375,7.9375,7.875],"rotation":0,"texture":"#0","tintindex":0},"up":{"uv":[2.0625,8.3125,1.9375,8.1875],"rotation":0,"texture":"#0","tintindex":0},"down":{"uv":[2.1875,8.1875,2.0625,8.3125],"rotation":0,"texture":"#0","tintindex":0}}},{"from":[7.7642856,0.057142735,5.6190476],"to":[7.7642856,8.057143,7.3333335],"rotation":{"angle":0.0,"axis":"y","origin":[5.8785715,9.471429,3.9904757]},"faces":{"east":{"uv":[6.875,5.5625,7.0625,6.4375],"rotation":0,"texture":"#0","tintindex":0},"south":{"uv":[0.0,0.0,0.0,0.875],"rotation":0,"texture":"#0","tintindex":0},"north":{"uv":[0.0,0.0,0.0,0.875],"rotation":0,"texture":"#0","tintindex":0},"west":{"uv":[6.875,6.4375,7.0625,7.3125],"rotation":0,"texture":"#0","tintindex":0},"up":{"uv":[0.0,0.1875,0.0,0.0],"rotation":0,"texture":"#0","tintindex":0},"down":{"uv":[0.0,0.0,0.0,0.1875],"rotation":0,"texture":"#0","tintindex":0}}}],"display":{"head":{"translation":[0.0,-6.4,0.0],"scale":[4.0,4.0,4.0]}}}