{"textures":{"0":"modelengine:entity/kraken"},"elements":[{"from":[7.405714,0.5371423,7.12],"to":[8.848572,8.537143,8.805715],"rotation":{"angle":0.0,"axis":"y","origin":[5.905714,1.9514284,11.962857]},"faces":{"east":{"uv":[7.0625,2.8125,7.25,3.6875],"rotation":0,"texture":"#0","tintindex":0},"south":{"uv":[4.6875,7.0625,4.875,7.9375],"rotation":0,"texture":"#0","tintindex":0},"north":{"uv":[7.0625,1.9375,7.25,2.8125],"rotation":0,"texture":"#0","tintindex":0},"west":{"uv":[7.0625,5.5625,7.25,6.4375],"rotation":0,"texture":"#0","tintindex":0},"up":{"uv":[8.3125,7.0625,8.125,6.875],"rotation":0,"texture":"#0","tintindex":0},"down":{"uv":[8.3125,7.0625,8.125,7.25],"rotation":0,"texture":"#0","tintindex":0}}},{"from":[5.8485713,0.5371423,8.234285],"to":[7.562857,7.9657145,8.234285],"rotation":{"angle":0.0,"axis":"y","origin":[5.905714,1.9514284,11.962857]},"faces":{"east":{"uv":[0.0,0.0,0.0,0.8125],"rotation":0,"texture":"#0","tintindex":0},"south":{"uv":[6.875,7.3125,7.0625,8.125],"rotation":0,"texture":"#0","tintindex":0},"north":{"uv":[5.9375,7.3125,6.125,8.125],"rotation":0,"texture":"#0","tintindex":0},"west":{"uv":[0.0,0.0,0.0,0.8125],"rotation":0,"texture":"#0","tintindex":0},"up":{"uv":[0.1875,0.0,0.0,0.0],"rotation":0,"texture":"#0","tintindex":0},"down":{"uv":[0.1875,0.0,0.0,0.0],"rotation":0,"texture":"#0","tintindex":0}}}],"display":{"head":{"translation":[0.0,-6.4,0.0],"scale":[4.0,4.0,4.0]}}}