{"textures":{"0":"modelengine:entity/kraken"},"elements":[{"from":[7.5785713,4.3999996,7.714286],"to":[8.421429,8.6285715,8.285714],"rotation":{"angle":0.0,"axis":"y","origin":[5.75,17.47143,12.142858]},"faces":{"east":{"uv":[8.1875,0.4375,8.25,0.875],"rotation":0,"texture":"#0","tintindex":0},"south":{"uv":[1.625,8.1875,1.6875,8.625],"rotation":0,"texture":"#0","tintindex":0},"north":{"uv":[8.1875,0.0,8.25,0.4375],"rotation":0,"texture":"#0","tintindex":0},"west":{"uv":[1.6875,8.1875,1.75,8.625],"rotation":0,"texture":"#0","tintindex":0},"up":{"uv":[1.1875,6.4375,1.125,6.375],"rotation":0,"texture":"#0","tintindex":0},"down":{"uv":[1.25,6.375,1.1875,6.4375],"rotation":0,"texture":"#0","tintindex":0}}}],"display":{"head":{"translation":[0.0,-6.4,0.0],"scale":[4.0,4.0,4.0]}}}