{"textures":{"0":"modelengine:entity/kraken"},"elements":[{"from":[7.1514287,0.5371423,7.194286],"to":[8.594286,8.537143,8.88],"rotation":{"angle":0.0,"axis":"y","origin":[10.094286,1.9514284,4.0371428]},"faces":{"east":{"uv":[2.5625,6.8125,2.75,7.6875],"rotation":0,"texture":"#0","tintindex":0},"south":{"uv":[3.9375,6.8125,4.125,7.6875],"rotation":0,"texture":"#0","tintindex":0},"north":{"uv":[2.375,6.8125,2.5625,7.6875],"rotation":0,"texture":"#0","tintindex":0},"west":{"uv":[4.125,6.8125,4.3125,7.6875],"rotation":0,"texture":"#0","tintindex":0},"up":{"uv":[8.3125,5.9375,8.125,5.75],"rotation":0,"texture":"#0","tintindex":0},"down":{"uv":[6.125,8.125,5.9375,8.3125],"rotation":0,"texture":"#0","tintindex":0}}},{"from":[8.208571,0.5371423,5.48],"to":[8.208571,7.9657145,7.194286],"rotation":{"angle":0.0,"axis":"y","origin":[10.094286,1.9514284,4.0371428]},"faces":{"east":{"uv":[1.8125,7.1875,2.0,8.0],"rotation":0,"texture":"#0","tintindex":0},"south":{"uv":[0.0,0.0,0.0,0.8125],"rotation":0,"texture":"#0","tintindex":0},"north":{"uv":[0.0,0.0,0.0,0.8125],"rotation":0,"texture":"#0","tintindex":0},"west":{"uv":[2.0,7.1875,2.1875,8.0],"rotation":0,"texture":"#0","tintindex":0},"up":{"uv":[0.0,0.1875,0.0,0.0],"rotation":0,"texture":"#0","tintindex":0},"down":{"uv":[0.0,0.0,0.0,0.1875],"rotation":0,"texture":"#0","tintindex":0}}}],"display":{"head":{"translation":[0.0,-6.4,0.0],"scale":[4.0,4.0,4.0]}}}