{"textures":{"0":"modelengine:entity/kraken"},"elements":[{"from":[7.3214283,0.057142735,7.3333335],"to":[8.464286,8.6285715,8.7047615],"rotation":{"angle":0.0,"axis":"y","origin":[10.1214285,9.471429,3.9904757]},"faces":{"east":{"uv":[2.75,7.8125,2.875,8.75],"rotation":0,"texture":"#0","tintindex":0},"south":{"uv":[2.875,7.8125,3.0,8.75],"rotation":0,"texture":"#0","tintindex":0},"north":{"uv":[7.8125,1.375,7.9375,2.3125],"rotation":0,"texture":"#0","tintindex":0},"west":{"uv":[3.0,7.8125,3.125,8.75],"rotation":0,"texture":"#0","tintindex":0},"up":{"uv":[5.0,7.5625,4.875,7.4375],"rotation":0,"texture":"#0","tintindex":0},"down":{"uv":[7.625,1.375,7.5,1.5],"rotation":0,"texture":"#0","tintindex":0}}},{"from":[8.235714,0.057142735,5.6190476],"to":[8.235714,8.057143,7.3333335],"rotation":{"angle":0.0,"axis":"y","origin":[10.1214285,9.471429,3.9904757]},"faces":{"east":{"uv":[4.3125,6.8125,4.5,7.6875],"rotation":0,"texture":"#0","tintindex":0},"south":{"uv":[0.0,0.0,0.0,0.875],"rotation":0,"texture":"#0","tintindex":0},"north":{"uv":[0.0,0.0,0.0,0.875],"rotation":0,"texture":"#0","tintindex":0},"west":{"uv":[4.5,6.8125,4.6875,7.6875],"rotation":0,"texture":"#0","tintindex":0},"up":{"uv":[0.0,0.1875,0.0,0.0],"rotation":0,"texture":"#0","tintindex":0},"down":{"uv":[0.0,0.0,0.0,0.1875],"rotation":0,"texture":"#0","tintindex":0}}}],"display":{"head":{"translation":[0.0,-6.4,0.0],"scale":[4.0,4.0,4.0]}}}