{"textures":{"0":"modelengine:entity/kraken"},"elements":[{"from":[7.13,2.342857,6.8942857],"to":[8.844286,8.6285715,9.008572],"rotation":{"angle":0.0,"axis":"y","origin":[7.944286,-3.6714287,3.9514284]},"faces":{"east":{"uv":[1.375,6.4375,1.625,7.125],"rotation":0,"texture":"#0","tintindex":0},"south":{"uv":[7.4375,6.875,7.625,7.5625],"rotation":0,"texture":"#0","tintindex":0},"north":{"uv":[7.4375,6.1875,7.625,6.875],"rotation":0,"texture":"#0","tintindex":0},"west":{"uv":[6.4375,2.3125,6.6875,3.0],"rotation":0,"texture":"#0","tintindex":0},"up":{"uv":[8.25,1.1875,8.0625,0.9375],"rotation":0,"texture":"#0","tintindex":0},"down":{"uv":[8.25,1.1875,8.0625,1.4375],"rotation":0,"texture":"#0","tintindex":0}}}],"display":{"head":{"translation":[0.0,-6.4,0.0],"scale":[4.0,4.0,4.0]}}}