{"textures":{"0":"modelengine:entity/blood_elemental"},"elements":[{"from":[25.518272,-14.148077,5.6850967],"to":[32.0,-10.444233,10.314903],"rotation":{"angle":-45.0,"axis":"z","origin":[40.796207,32.986633,4.4255986]},"faces":{"east":{"uv":[3.21875,9.8145,3.0645,9.9355],"rotation":0,"texture":"#0","tintindex":0},"south":{"uv":[9.59375,2.127,9.377,2.248],"rotation":0,"texture":"#0","tintindex":0},"north":{"uv":[9.59375,1.9395,9.377,2.0605],"rotation":0,"texture":"#0","tintindex":0},"west":{"uv":[1.65625,9.8145,1.502,9.9355],"rotation":0,"texture":"#0","tintindex":0},"up":{"uv":[6.3145,9.21875,6.53125,9.0645],"rotation":0,"texture":"#0","tintindex":0},"down":{"uv":[7.627,9.0645,7.84375,9.21875],"rotation":0,"texture":"#0","tintindex":0}}},{"from":[25.981253,-16.0,6.1480775],"to":[31.537018,-6.740389,9.851922],"rotation":{"angle":-45.0,"axis":"z","origin":[40.796207,32.986633,4.4255986]},"faces":{"east":{"uv":[0.873,8.8145,0.752,9.123],"rotation":0,"texture":"#0","tintindex":0},"south":{"uv":[4.3105,8.127,4.127,8.4355],"rotation":0,"texture":"#0","tintindex":0},"north":{"uv":[2.873,8.127,2.6895,8.4355],"rotation":0,"texture":"#0","tintindex":0},"west":{"uv":[8.9355,0.5645,8.8145,0.873],"rotation":0,"texture":"#0","tintindex":0},"up":{"uv":[2.002,9.873,2.1855,9.752],"rotation":0,"texture":"#0","tintindex":0},"down":{"uv":[2.627,9.752,2.8105,9.873],"rotation":0,"texture":"#0","tintindex":0}}},{"from":[-3.7101078,-0.97841835,6.611058],"to":[-0.0062627792,8.281194,9.388942],"rotation":{"angle":0.0,"axis":"y","origin":[40.796207,32.986633,4.4255986]},"faces":{"east":{"uv":[6.03125,9.3145,5.9395,9.623],"rotation":0,"texture":"#0","tintindex":0},"south":{"uv":[1.998,8.8145,1.877,9.123],"rotation":0,"texture":"#0","tintindex":0},"north":{"uv":[1.0605,8.8145,0.9395,9.123],"rotation":0,"texture":"#0","tintindex":0},"west":{"uv":[5.84375,9.3145,5.752,9.623],"rotation":0,"texture":"#0","tintindex":0},"up":{"uv":[10.002,1.46875,10.123,1.377],"rotation":0,"texture":"#0","tintindex":0},"down":{"uv":[1.5645,10.002,1.6855,10.09375],"rotation":0,"texture":"#0","tintindex":0}}}],"display":{"head":{"translation":[16.898056,-25.988585,0.0],"scale":[4.0,4.0,4.0]}}}