{"textures":{"0":"modelengine:entity/blood_elemental"},"elements":[{"from":[-6.116494,7.70795,2.3044934],"to":[8.698885,16.967562,11.564105],"rotation":{"angle":22.5,"axis":"z","origin":[20.02781,9.73647,8.915665]},"faces":{"east":{"uv":[1.877,3.8145,2.1855,4.123],"rotation":0,"texture":"#0","tintindex":0},"south":{"uv":[5.877,2.627,6.373,2.9355],"rotation":0,"texture":"#0","tintindex":0},"north":{"uv":[5.877,2.252,6.373,2.5605],"rotation":0,"texture":"#0","tintindex":0},"west":{"uv":[6.752,4.377,7.0605,4.6855],"rotation":0,"texture":"#0","tintindex":0},"up":{"uv":[6.4355,0.3105,5.9395,0.002],"rotation":0,"texture":"#0","tintindex":0},"down":{"uv":[2.498,6.002,2.002,6.3105],"rotation":0,"texture":"#0","tintindex":0}}},{"from":[-4.264571,10.485834,1.3785315],"to":[4.9950404,17.893524,12.490067],"rotation":{"angle":22.5,"axis":"z","origin":[20.02781,9.73647,8.915665]},"faces":{"east":{"uv":[1.127,6.877,1.498,7.123],"rotation":0,"texture":"#0","tintindex":0},"south":{"uv":[5.4395,7.1895,5.748,7.4355],"rotation":0,"texture":"#0","tintindex":0},"north":{"uv":[7.1895,3.1895,7.498,3.4355],"rotation":0,"texture":"#0","tintindex":0},"west":{"uv":[5.5645,6.877,5.9355,7.123],"rotation":0,"texture":"#0","tintindex":0},"up":{"uv":[6.5605,6.748,6.252,6.377],"rotation":0,"texture":"#0","tintindex":0},"down":{"uv":[1.623,6.4395,1.3145,6.8105],"rotation":0,"texture":"#0","tintindex":0}}},{"from":[-4.264571,17.893524,6.008338],"to":[4.9950404,23.449291,7.86026],"rotation":{"angle":22.5,"axis":"z","origin":[20.02781,9.73647,8.915665]},"faces":{"east":{"uv":[6.0645,4.8145,6.123,4.998],"rotation":0,"texture":"#0","tintindex":0},"south":{"uv":[7.877,4.8145,8.1855,4.998],"rotation":0,"texture":"#0","tintindex":0},"north":{"uv":[7.877,4.127,8.1855,4.3105],"rotation":0,"texture":"#0","tintindex":0},"west":{"uv":[5.4395,6.9395,5.498,7.123],"rotation":0,"texture":"#0","tintindex":0},"up":{"uv":[5.0605,1.8105,4.752,1.752],"rotation":0,"texture":"#0","tintindex":0},"down":{"uv":[5.748,0.502,5.4395,0.5605],"rotation":0,"texture":"#0","tintindex":0}}},{"from":[-6.116494,17.893524,6.934299],"to":[3.143118,30.856981,6.934299],"rotation":{"angle":22.5,"axis":"z","origin":[20.02781,9.73647,8.915665]},"faces":{"east":{"uv":[4.0645,10.0645,4.0645,10.498],"rotation":0,"texture":"#0","tintindex":0},"south":{"uv":[4.502,6.3145,4.8105,6.748],"rotation":0,"texture":"#0","tintindex":0},"north":{"uv":[4.8105,6.3145,4.502,6.748],"rotation":0,"texture":"#0","tintindex":0},"west":{"uv":[2.377,10.0645,2.377,10.498],"rotation":0,"texture":"#0","tintindex":0},"up":{"uv":[10.0645,4.252,10.373,4.252],"rotation":0,"texture":"#0","tintindex":0},"down":{"uv":[10.0645,4.502,10.373,4.502],"rotation":0,"texture":"#0","tintindex":0}}},{"from":[-4.264571,15.11564,12.490067],"to":[4.9950404,15.11564,25.453522],"rotation":{"angle":22.5,"axis":"z","origin":[20.02781,9.73647,8.915665]},"faces":{"east":{"uv":[10.498,4.1895,10.0645,4.1895],"rotation":0,"texture":"#0","tintindex":0},"south":{"uv":[10.373,4.127,10.0645,4.127],"rotation":0,"texture":"#0","tintindex":0},"north":{"uv":[10.373,4.002,10.0645,4.002],"rotation":0,"texture":"#0","tintindex":0},"west":{"uv":[10.498,4.0645,10.0645,4.0645],"rotation":0,"texture":"#0","tintindex":0},"up":{"uv":[2.9395,6.748,3.248,6.3145],"rotation":0,"texture":"#0","tintindex":0},"down":{"uv":[2.9395,6.3145,3.248,6.748],"rotation":0,"texture":"#0","tintindex":0}}},{"from":[-2.4126492,14.189678,12.490067],"to":[3.143118,16.041601,16.19391],"rotation":{"angle":22.5,"axis":"z","origin":[20.02781,9.73647,8.915665]},"faces":{"east":{"uv":[9.002,8.502,9.123,8.5605],"rotation":0,"texture":"#0","tintindex":0},"south":{"uv":[7.3145,4.127,7.498,4.1855],"rotation":0,"texture":"#0","tintindex":0},"north":{"uv":[6.752,3.8145,6.9355,3.873],"rotation":0,"texture":"#0","tintindex":0},"west":{"uv":[9.252,8.377,9.373,8.4355],"rotation":0,"texture":"#0","tintindex":0},"up":{"uv":[0.6855,9.6855,0.502,9.5645],"rotation":0,"texture":"#0","tintindex":0},"down":{"uv":[0.9355,9.5645,0.752,9.6855],"rotation":0,"texture":"#0","tintindex":0}}}],"display":{"head":{"translation":[0.0,-6.4,0.0],"scale":[4.0,4.0,4.0]}}}