{"textures":{"0":"modelengine:entity/blood_elemental","1":"modelengine:entity/flame_fx"},"elements":[{"from":[-2.1855736,-5.5049686,-0.8467865],"to":[18.185574,20.421944,15.820515],"rotation":{"angle":0.0,"axis":"y","origin":[8.0,23.714493,5.521224]},"faces":{"east":{"uv":[0.002,2.3145,0.5605,3.1855],"rotation":0,"texture":"#0","tintindex":0},"south":{"uv":[1.1895,0.9395,1.873,1.8105],"rotation":0,"texture":"#0","tintindex":0},"north":{"uv":[1.1895,0.002,1.873,0.873],"rotation":0,"texture":"#0","tintindex":0},"west":{"uv":[2.4395,1.9395,2.998,2.8105],"rotation":0,"texture":"#0","tintindex":0},"up":{"uv":[2.248,3.748,1.5645,3.1895],"rotation":0,"texture":"#0","tintindex":0},"down":{"uv":[4.0605,1.252,3.377,1.8105],"rotation":0,"texture":"#0","tintindex":0}}},{"from":[0.5923104,-16.0,-10.217663],"to":[15.40769,-1.184619,4.5977163],"rotation":{"angle":-22.5,"axis":"x","origin":[8.0,23.714493,5.521224]},"faces":{"east":{"uv":[4.627,1.877,5.123,2.373],"rotation":0,"texture":"#0","tintindex":0},"south":{"uv":[4.752,1.1895,5.248,1.6855],"rotation":0,"texture":"#0","tintindex":0},"north":{"uv":[0.002,4.5645,0.498,5.0605],"rotation":0,"texture":"#0","tintindex":0},"west":{"uv":[4.8145,2.4395,5.3105,2.9355],"rotation":0,"texture":"#0","tintindex":0},"up":{"uv":[4.4355,5.3105,3.9395,4.8145],"rotation":0,"texture":"#0","tintindex":0},"down":{"uv":[2.123,4.877,1.627,5.373],"rotation":0,"texture":"#0","tintindex":0}}},{"from":[9.928214,7.1002574,-2.6987095],"to":[15.483981,10.804102,4.7089806],"rotation":{"angle":0.0,"axis":"y","origin":[8.0,23.714493,5.521224]},"faces":{"east":{"uv":[9.1895,3.4395,9.4355,3.5605],"rotation":0,"texture":"#0","tintindex":0},"south":{"uv":[9.502,1.752,9.6855,1.873],"rotation":0,"texture":"#0","tintindex":0},"north":{"uv":[9.502,1.5645,9.6855,1.6855],"rotation":0,"texture":"#0","tintindex":0},"west":{"uv":[9.1895,3.627,9.4355,3.748],"rotation":0,"texture":"#0","tintindex":0},"up":{"uv":[3.623,8.6855,3.4395,8.4395],"rotation":0,"texture":"#0","tintindex":0},"down":{"uv":[3.873,8.4395,3.6895,8.6855],"rotation":0,"texture":"#0","tintindex":0}}},{"from":[8.556305,5.500945,-2.6987095],"to":[14.112072,9.20479,4.7089806],"rotation":{"angle":22.5,"axis":"z","origin":[8.0,23.714493,5.521224]},"faces":{"east":{"uv":[9.1895,3.8145,9.4355,3.9355],"rotation":0,"texture":"#0","tintindex":0},"south":{"uv":[9.502,2.877,9.6855,2.998],"rotation":0,"texture":"#0","tintindex":0},"north":{"uv":[9.502,2.6895,9.6855,2.8105],"rotation":0,"texture":"#0","tintindex":0},"west":{"uv":[9.1895,4.002,9.4355,4.123],"rotation":0,"texture":"#0","tintindex":0},"up":{"uv":[4.873,8.6855,4.6895,8.4395],"rotation":0,"texture":"#0","tintindex":0},"down":{"uv":[5.998,8.4395,5.8145,8.6855],"rotation":0,"texture":"#0","tintindex":0}}},{"from":[2.4442325,-5.5049686,1.005136],"to":[13.555767,13.014256,17.672436],"rotation":{"angle":0.0,"axis":"y","origin":[8.0,23.714493,5.521224]},"faces":{"east":{"uv":[0.002,3.252,0.5605,3.873],"rotation":0,"texture":"#0","tintindex":0},"south":{"uv":[3.502,5.0645,3.873,5.6855],"rotation":0,"texture":"#0","tintindex":0},"north":{"uv":[3.0645,5.0645,3.4355,5.6855],"rotation":0,"texture":"#0","tintindex":0},"west":{"uv":[2.3145,3.502,2.873,4.123],"rotation":0,"texture":"#0","tintindex":0},"up":{"uv":[1.5605,5.748,1.1895,5.1895],"rotation":0,"texture":"#0","tintindex":0},"down":{"uv":[5.6855,0.877,5.3145,1.4355],"rotation":0,"texture":"#0","tintindex":0}}},{"from":[6.1249285,-3.6530476,4.7089806],"to":[9.875072,13.014256,21.376282],"rotation":{"angle":0.0,"axis":"y","origin":[8.0,23.714493,5.521224]},"faces":{"east":{"uv":[0.002,3.9395,0.5605,4.498],"rotation":0,"texture":"#0","tintindex":0},"south":{"uv":[4.5645,7.4395,4.6855,7.998],"rotation":0,"texture":"#0","tintindex":0},"north":{"uv":[5.8145,7.1895,5.9355,7.748],"rotation":0,"texture":"#0","tintindex":0},"west":{"uv":[3.9395,3.502,4.498,4.0605],"rotation":0,"texture":"#0","tintindex":0},"up":{"uv":[2.1855,8.0605,2.0645,7.502],"rotation":0,"texture":"#0","tintindex":0},"down":{"uv":[2.373,7.502,2.252,8.0605],"rotation":0,"texture":"#0","tintindex":0}}},{"from":[9.851922,-12.296152,-12.069586],"to":[17.259613,-4.888464,-0.9580507],"rotation":{"angle":-22.5,"axis":"x","origin":[8.0,23.714493,5.521224]},"faces":{"east":{"uv":[6.9395,1.502,7.3105,1.748],"rotation":0,"texture":"#0","tintindex":0},"south":{"uv":[4.752,7.6895,4.998,7.9355],"rotation":0,"texture":"#0","tintindex":0},"north":{"uv":[7.6895,3.8145,7.9355,4.0605],"rotation":0,"texture":"#0","tintindex":0},"west":{"uv":[3.9395,6.9395,4.3105,7.1855],"rotation":0,"texture":"#0","tintindex":0},"up":{"uv":[7.1855,5.123,6.9395,4.752],"rotation":0,"texture":"#0","tintindex":0},"down":{"uv":[5.373,6.9395,5.127,7.3105],"rotation":0,"texture":"#0","tintindex":0}}},{"from":[-4.0374956,1.9027214,10.264748],"to":[2.4442325,5.6065655,17.672436],"rotation":{"angle":0.0,"axis":"y","origin":[8.0,23.714493,5.521224]},"faces":{"east":{"uv":[4.502,6.127,4.748,6.248],"rotation":0,"texture":"#0","tintindex":0},"south":{"uv":[9.252,6.4395,9.46875,6.5605],"rotation":0,"texture":"#0","tintindex":0},"north":{"uv":[9.252,4.1895,9.46875,4.3105],"rotation":0,"texture":"#0","tintindex":0},"west":{"uv":[8.9395,4.1895,9.1855,4.3105],"rotation":0,"texture":"#0","tintindex":0},"up":{"uv":[5.71875,8.4355,5.502,8.1895],"rotation":0,"texture":"#0","tintindex":0},"down":{"uv":[8.46875,1.4395,8.252,1.6855],"rotation":0,"texture":"#0","tintindex":0}}},{"from":[13.555767,1.9027214,10.264748],"to":[20.037495,5.6065655,17.672436],"rotation":{"angle":0.0,"axis":"y","origin":[8.0,23.714493,5.521224]},"faces":{"east":{"uv":[3.502,9.127,3.748,9.248],"rotation":0,"texture":"#0","tintindex":0},"south":{"uv":[7.5645,9.3145,7.78125,9.4355],"rotation":0,"texture":"#0","tintindex":0},"north":{"uv":[9.3145,0.002,9.53125,0.123],"rotation":0,"texture":"#0","tintindex":0},"west":{"uv":[9.127,4.377,9.373,4.498],"rotation":0,"texture":"#0","tintindex":0},"up":{"uv":[2.53125,8.498,2.3145,8.252],"rotation":0,"texture":"#0","tintindex":0},"down":{"uv":[8.46875,2.877,8.252,3.123],"rotation":0,"texture":"#0","tintindex":0}}},{"from":[6.430205,0.36808586,-2.6987095],"to":[11.985972,4.07193,4.7089806],"rotation":{"angle":22.5,"axis":"z","origin":[8.0,23.714493,5.521224]},"faces":{"east":{"uv":[9.1895,3.8145,9.4355,3.9355],"rotation":0,"texture":"#0","tintindex":0},"south":{"uv":[9.502,2.877,9.6855,2.998],"rotation":0,"texture":"#0","tintindex":0},"north":{"uv":[9.502,2.6895,9.6855,2.8105],"rotation":0,"texture":"#0","tintindex":0},"west":{"uv":[9.1895,4.002,9.4355,4.123],"rotation":0,"texture":"#0","tintindex":0},"up":{"uv":[4.873,8.6855,4.6895,8.4395],"rotation":0,"texture":"#0","tintindex":0},"down":{"uv":[5.998,8.4395,5.8145,8.6855],"rotation":0,"texture":"#0","tintindex":0}}},{"from":[9.928214,1.5444908,-2.6987095],"to":[15.483981,5.248335,4.7089806],"rotation":{"angle":0.0,"axis":"y","origin":[8.0,23.714493,5.521224]},"faces":{"east":{"uv":[9.1895,3.4395,9.4355,3.5605],"rotation":0,"texture":"#0","tintindex":0},"south":{"uv":[9.502,1.752,9.6855,1.873],"rotation":0,"texture":"#0","tintindex":0},"north":{"uv":[9.502,1.5645,9.6855,1.6855],"rotation":0,"texture":"#0","tintindex":0},"west":{"uv":[9.1895,3.627,9.4355,3.748],"rotation":0,"texture":"#0","tintindex":0},"up":{"uv":[3.623,8.6855,3.4395,8.4395],"rotation":0,"texture":"#0","tintindex":0},"down":{"uv":[3.873,8.4395,3.6895,8.6855],"rotation":0,"texture":"#0","tintindex":0}}},{"from":[4.304105,-4.7647743,-2.6987095],"to":[9.859872,-1.0609293,4.7089806],"rotation":{"angle":22.5,"axis":"z","origin":[8.0,23.714493,5.521224]},"faces":{"east":{"uv":[9.1895,3.8145,9.4355,3.9355],"rotation":0,"texture":"#0","tintindex":0},"south":{"uv":[9.502,2.877,9.6855,2.998],"rotation":0,"texture":"#0","tintindex":0},"north":{"uv":[9.502,2.6895,9.6855,2.8105],"rotation":0,"texture":"#0","tintindex":0},"west":{"uv":[9.1895,4.002,9.4355,4.123],"rotation":0,"texture":"#0","tintindex":0},"up":{"uv":[4.873,8.6855,4.6895,8.4395],"rotation":0,"texture":"#0",