{"textures":{"0":"modelengine:entity/blood_elemental","1":"modelengine:entity/flame_fx"},"elements":[{"from":[-5.1034813,-11.396008,5.4309416],"to":[7.859975,-6.2106256,10.616324],"rotation":{"angle":45.0,"axis":"z","origin":[-11.529474,-4.8967066,5.7161922]},"faces":{"east":{"uv":[3.3105,7.502,3.0645,7.748],"rotation":0,"texture":"#0","tintindex":0},"south":{"uv":[6.623,3.3145,6.002,3.5605],"rotation":0,"texture":"#0","tintindex":0},"north":{"uv":[6.623,3.002,6.002,3.248],"rotation":0,"texture":"#0","tintindex":0},"west":{"uv":[7.748,2.627,7.502,2.873],"rotation":0,"texture":"#0","tintindex":0},"up":{"uv":[6.0645,3.873,6.6855,3.627],"rotation":0,"texture":"#0","tintindex":0},"down":{"uv":[6.0645,4.502,6.6855,4.748],"rotation":0,"texture":"#0","tintindex":0}}},{"from":[4.483392,-2.2700272,6.0791144],"to":[8.372428,8.100738,9.968151],"rotation":{"angle":22.5,"axis":"z","origin":[-11.529474,-4.8967066,5.7161922]},"faces":{"east":{"uv":[7.0605,6.877,6.877,7.373],"rotation":0,"texture":"#0","tintindex":0},"south":{"uv":[7.0605,6.3145,6.877,6.8105],"rotation":0,"texture":"#0","tintindex":0},"north":{"uv":[3.623,6.8145,3.4395,7.3105],"rotation":0,"texture":"#0","tintindex":0},"west":{"uv":[5.0605,6.8145,4.877,7.3105],"rotation":0,"texture":"#0","tintindex":0},"up":{"uv":[0.002,9.0605,0.1855,8.877],"rotation":0,"texture":"#0","tintindex":0},"down":{"uv":[0.4395,8.877,0.623,9.0605],"rotation":0,"texture":"#0","tintindex":0}}},{"from":[-8.994526,15.695318,6.4032006],"to":[-5.753663,26.066082,9.644065],"rotation":{"angle":-22.5,"axis":"z","origin":[-11.529474,-4.8967066,5.7161922]},"faces":{"east":{"uv":[0.40625,7.3145,0.252,7.8105],"rotation":0,"texture":"#0","tintindex":0},"south":{"uv":[0.15625,7.3145,0.002,7.8105],"rotation":0,"texture":"#0","tintindex":0},"north":{"uv":[4.09375,7.252,3.9395,7.748],"rotation":0,"texture":"#0","tintindex":0},"west":{"uv":[7.40625,4.5645,7.252,5.0605],"rotation":0,"texture":"#0","tintindex":0},"up":{"uv":[9.377,4.71875,9.53125,4.5645],"rotation":0,"texture":"#0","tintindex":0},"down":{"uv":[6.502,9.377,6.65625,9.53125],"rotation":0,"texture":"#0","tintindex":0}}},{"from":[2.7173495,13.706131,6.0791144],"to":[6.606386,25.373241,9.968151],"rotation":{"angle":-22.5,"axis":"z","origin":[-11.529474,-4.8967066,5.7161922]},"faces":{"east":{"uv":[0.4355,6.6895,0.252,7.248],"rotation":0,"texture":"#0","tintindex":0},"south":{"uv":[0.1855,6.6895,0.002,7.248],"rotation":0,"texture":"#0","tintindex":0},"north":{"uv":[1.873,6.4395,1.6895,6.998],"rotation":0,"texture":"#0","tintindex":0},"west":{"uv":[6.8105,6.3145,6.627,6.873],"rotation":0,"texture":"#0","tintindex":0},"up":{"uv":[9.002,5.0605,9.1855,4.877],"rotation":0,"texture":"#0","tintindex":0},"down":{"uv":[9.002,5.127,9.1855,5.3105],"rotation":0,"texture":"#0","tintindex":0}}},{"from":[19.948637,3.1924891,6.4032006],"to":[31.615746,6.4333534,9.644065],"rotation":{"angle":22.5,"axis":"z","origin":[-11.529474,-4.8967066,5.7161922]},"faces":{"east":{"uv":[9.53125,9.0645,9.377,9.21875],"rotation":0,"texture":"#0","tintindex":0},"south":{"uv":[7.623,1.8145,7.0645,1.96875],"rotation":0,"texture":"#0","tintindex":0},"north":{"uv":[7.498,5.8145,6.9395,5.96875],"rotation":0,"texture":"#0","tintindex":0},"west":{"uv":[8.03125,9.377,7.877,9.53125],"rotation":0,"texture":"#0","tintindex":0},"up":{"uv":[7.127,0.15625,7.6855,0.002],"rotation":0,"texture":"#0","tintindex":0},"down":{"uv":[6.1895,7.127,6.748,7.28125],"rotation":0,"texture":"#0","tintindex":0}}},{"from":[17.680033,-5.0574036,6.4032006],"to":[20.920897,2.7206702,9.644065],"rotation":{"angle":22.5,"axis":"z","origin":[-11.529474,-4.8967066,5.7161922]},"faces":{"east":{"uv":[1.71875,8.002,1.5645,8.373],"rotation":0,"texture":"#0","tintindex":0},"south":{"uv":[8.15625,1.502,8.002,1.873],"rotation":0,"texture":"#0","tintindex":0},"north":{"uv":[3.46875,7.9395,3.3145,8.3105],"rotation":0,"texture":"#0","tintindex":0},"west":{"uv":[1.46875,8.002,1.3145,8.373],"rotation":0,"texture":"#0","tintindex":0},"up":{"uv":[9.1895,9.53125,9.34375,9.377],"rotation":0,"texture":"#0","tintindex":0},"down":{"uv":[9.4395,0.1895,9.59375,0.34375],"rotation":0,"texture":"#0","tintindex":0}}},{"from":[19.98128,13.313644,5.755028],"to":[25.166662,17.850855,10.940411],"rotation":{"angle":0.0,"axis":"y","origin":[-11.529474,-4.8967066,5.7161922]},"faces":{"east":{"uv":[8.498,7.252,8.252,7.46875],"rotation":0,"texture":"#0","tintindex":0},"south":{"uv":[8.498,6.9395,8.252,7.15625],"rotation":0,"texture":"#0","tintindex":0},"north":{"uv":[8.498,3.8145,8.252,4.03125],"rotation":0,"texture":"#0","tintindex":0},"west":{"uv":[7.0605,8.252,6.8145,8.46875],"rotation":0,"texture":"#0","tintindex":0},"up":{"uv":[6.627,7.9355,6.873,7.6895],"rotation":0,"texture":"#0","tintindex":0},"down":{"uv":[7.6895,7.627,7.9355,7.873],"rotation":0,"texture":"#0","tintindex":0}}},{"from":[20.629452,10.720954,5.755028],"to":[24.518488,13.313644,8.347719],"rotation":{"angle":0.0,"axis":"y","origin":[-11.529474,-4.8967066,5.7161922]},"faces":{"east":{"uv":[1.873,9.9395,1.752,10.0605],"rotation":0,"texture":"#0","tintindex":0},"south":{"uv":[0.4355,9.752,0.252,9.873],"rotation":0,"texture":"#0","tintindex":0},"north":{"uv":[0.1855,9.752,0.002,9.873],"rotation":0,"texture":"#0","tintindex":0},"west":{"uv":[0.8105,9.9395,0.6895,10.0605],"rotation":0,"texture":"#0","tintindex":0},"up":{"uv":[0.502,9.873,0.6855,9.752],"rotation":0,"texture":"#0","tintindex":0},"down":{"uv":[0.752,9.752,0.9355,9.873],"rotation":0,"texture":"#0","tintindex":0}}},{"from":[27.078539,2.868403,6.0791144],"to":[29.023056,6.7574396,9.968151],"rotation":{"angle":22.5,"axis":"z","origin":[-11.529474,-4.8967066,5.7161922]},"faces":{"east":{"uv":[9.1855,5.627,9.002,5.8105],"rotation":0,"texture":"#0","tintindex":0},"south":{"uv":[8.53125,9.8145,8.4395,9.998],"rotation":0,"texture":"#0","tintindex":0},"north":{"uv":[2.34375,9.8145,2.252,9.998],"rotation":0,"texture":"#0","tintindex":0},"west":{"uv":[9.1855,5.377,9.002,5.5605],"rotation":0,"texture":"#0","tintindex":0},"up":{"uv":[8.627,9.998,8.71875,9.8145],"rotation":0,"texture":"#0","tintindex":0},"down":{"uv":[9.0645,9.8145,9.15625,9.998],"rotation":0,"texture":"#0","tintindex":0}}},{"from":[2.0691767,15.65065,5.4309416],"to":[5.3100405,23.428724,10.616324],"rotation":{"angle":-22.5,"axis":"z","origin":[-11.529474,-4.8967066,5.7161922]},"faces":{"east":{"uv":[1.8105,7.0645,1.5645,7.4355],"rotation":0,"texture":"#0","tintindex":0},"south":{"uv":[4.59375,8.0645,4.4395,8.4355],"rotation":0,"texture":"#0","tintindex":0},"north":{"uv":[8.21875,4.377,8.0645,4.748],"rotation":0,"texture":"#0","tintindex":0},"west":{"uv":[7.3105,0.9395,7.0645,1.3105],"rotation":0,"texture":"#0","tintindex":0},"up":{"uv":[4.627,8.998,4.78125,8.752],"rotation":0,"texture":"#0","tintindex":0},"down":{"uv":[5.752,8.752,5.90625,8.998],"rotation":0,"texture":"#0","tintindex":0}}},{"from":[3.835219,4.2117004,5.4309416],"to":[9.020601,5.508047,10.616324],"rotation":{"angle":22.5,"axis":"z","origin":[-11.529474,-4.8967066,5.7161922]},"faces":{"east":{"uv":[9.877,9.627,10.123,9.6855],"rotation":0,"texture":"#0","tintindex":0},"south":{"uv":[0.002,9.9395,0.248,9.998],"rotation":0,"texture":"#0","tintindex":0},"north":{"uv":[9.877,9.502,10.123,9.5605],"rotation":0,"texture":"#0","tintindex":0},"west":{"uv":[9.9395,0.127,10.1855,0.1855],"rotation":0,"texture":"#0","tintindex":0},"up":{"uv":[7.623,7.873,7.377,7.627],"rotation":0,"texture":"#0","tintindex":0},"down":{"uv":[1.623,7.6895,1.377,7.9355],"rotation":0,"texture":"#0","tintindex":0}}},{"from":[-5.0607243,14.354305,8.023633],"to":[2.0691767,24.725069,8.023633],"rotation":{"angle":-22.5,"axis":"z","origin":[-11.529474,-4.8967066,5.7161922]},"faces":{"east":{"uv":[0.252,10.0645,0.252,10.5605],"rotation":0,"texture":"#0","tintindex":0},"south":{"uv":[2.627,5.752,2.96875,6.248],"rotation":0,"texture":"#0","tintindex":0},"north":{"uv":[2.96875,5.752,2.627,6.248],"rotation":0,"texture":"#0","tintindex":0},"west":{"uv":[0.1895,10.0645,0.1895,10.5605],