{"textures":{"0":"modelengine:entity/kraken"},"elements":[{"from":[-1.4857149,-1.7357149,4.5714283],"to":[5.771428,2.264285,11.828571],"rotation":{"angle":0.0,"axis":"y","origin":[2.1142855,-13.464287,9.985714]},"faces":{"east":{"uv":[1.625,6.0625,2.4375,6.5],"rotation":0,"texture":"#0","tintindex":0},"south":{"uv":[6.0625,3.0625,6.875,3.5],"rotation":0,"texture":"#0","tintindex":0},"north":{"uv":[6.0625,1.25,6.875,1.6875],"rotation":0,"texture":"#0","tintindex":0},"west":{"uv":[6.0625,3.5,6.875,3.9375],"rotation":0,"texture":"#0","tintindex":0},"up":{"uv":[6.0625,2.0625,5.25,1.25],"rotation":0,"texture":"#0","tintindex":0},"down":{"uv":[2.4375,5.25,1.625,6.0625],"rotation":0,"texture":"#0","tintindex":0}}},{"from":[-1.1857147,2.264285,4.9142857],"to":[5.6142855,3.4071426,11.457143],"rotation":{"angle":0.0,"axis":"y","origin":[2.1142855,-13.464287,9.985714]},"faces":{"east":{"uv":[7.9375,2.125,8.625,2.25],"rotation":0,"texture":"#0","tintindex":0},"south":{"uv":[7.9375,2.0,8.6875,2.125],"rotation":0,"texture":"#0","tintindex":0},"north":{"uv":[7.9375,1.875,8.6875,2.0],"rotation":0,"texture":"#0","tintindex":0},"west":{"uv":[7.9375,7.5625,8.625,7.6875],"rotation":0,"texture":"#0","tintindex":0},"up":{"uv":[4.4375,1.9375,3.6875,1.25],"rotation":0,"texture":"#0","tintindex":0},"down":{"uv":[5.0625,5.125,4.3125,5.8125],"rotation":0,"texture":"#0","tintindex":0}}},{"from":[-3.485715,1.2928567,2.5714283],"to":[8.228572,10.478572,12.4],"rotation":{"angle":0.0,"axis":"y","origin":[2.142857,5.885714,8.2]},"faces":{"east":{"uv":[2.625,1.0,3.6875,2.0],"rotation":0,"texture":"#0","tintindex":0},"south":{"uv":[1.3125,1.0,2.625,2.0],"rotation":0,"texture":"#0","tintindex":0},"north":{"uv":[1.3125,0.0,2.625,1.0],"rotation":0,"texture":"#0","tintindex":0},"west":{"uv":[2.4375,3.0,3.5,4.0],"rotation":0,"texture":"#0","tintindex":0},"up":{"uv":[1.3125,1.0625,0.0,0.0],"rotation":0,"texture":"#0","tintindex":0},"down":{"uv":[1.3125,1.0625,0.0,2.125],"rotation":0,"texture":"#0","tintindex":0}}},{"from":[2.342857,1.2928567,-1.6571426],"to":[2.342857,10.478572,3.142857],"rotation":{"angle":22.5,"axis":"x","origin":[2.142857,5.885714,8.2]},"faces":{"east":{"uv":[5.25,2.0625,5.75,3.0625],"rotation":0,"texture":"#0","tintindex":0},"south":{"uv":[0.0,0.0,0.0,1.0],"rotation":0,"texture":"#0","tintindex":0},"north":{"uv":[0.0,0.0,0.0,1.0],"rotation":0,"texture":"#0","tintindex":0},"west":{"uv":[2.4375,5.25,2.9375,6.25],"rotation":0,"texture":"#0","tintindex":0},"up":{"uv":[0.0,0.5,0.0,0.0],"rotation":0,"texture":"#0","tintindex":0},"down":{"uv":[0.0,0.0,0.0,0.5],"rotation":0,"texture":"#0","tintindex":0}}},{"from":[2.342857,-3.1071434,-0.6857147],"to":[2.342857,2.992857,3.3142858],"rotation":{"angle":-22.5,"axis":"x","origin":[2.342857,0.057142735,0.34285688]},"faces":{"east":{"uv":[6.0625,3.9375,6.5,4.625],"rotation":0,"texture":"#0","tintindex":0},"south":{"uv":[0.0,0.0,0.0,0.6875],"rotation":0,"texture":"#0","tintindex":0},"north":{"uv":[0.0,0.0,0.0,0.6875],"rotation":0,"texture":"#0","tintindex":0},"west":{"uv":[6.0625,4.625,6.5,5.3125],"rotation":0,"texture":"#0","tintindex":0},"up":{"uv":[0.0,0.4375,0.0,0.0],"rotation":0,"texture":"#0","tintindex":0},"down":{"uv":[0.0,0.0,0.0,0.4375],"rotation":0,"texture":"#0","tintindex":0}}},{"from":[2.4571428,13.749624,2.8552513],"to":[2.4571428,22.935337,6.8552513],"rotation":{"angle":45.0,"axis":"x","origin":[-0.45714378,18.34248,4.8552513]},"faces":{"east":{"uv":[1.625,4.1875,2.0625,5.1875],"rotation":0,"texture":"#0","tintindex":0},"south":{"uv":[0.0,0.0,0.0,1.0],"rotation":0,"texture":"#0","tintindex":0},"north":{"uv":[0.0,0.0,0.0,1.0],"rotation":0,"texture":"#0","tintindex":0},"west":{"uv":[2.9375,5.25,3.375,6.25],"rotation":0,"texture":"#0","tintindex":0},"up":{"uv":[0.0,0.4375,0.0,0.0],"rotation":0,"texture":"#0","tintindex":0},"down":{"uv":[0.0,0.0,0.0,0.4375],"rotation":0,"texture":"#0","tintindex":0}}},{"from":[-3.2000008,1.2928567,1.1999998],"to":[7.428571,6.7642856,3.4285712],"rotation":{"angle":-22.5,"axis":"x","origin":[2.142857,5.885714,8.2]},"faces":{"east":{"uv":[6.875,0.875,7.125,1.5],"rotation":0,"texture":"#0","tintindex":0},"south":{"uv":[5.25,0.625,6.4375,1.25],"rotation":0,"texture":"#0","tintindex":0},"north":{"uv":[5.25,0.0,6.4375,0.625],"rotation":0,"texture":"#0","tintindex":0},"west":{"uv":[6.9375,4.5625,7.1875,5.1875],"rotation":0,"texture":"#0","tintindex":0},"up":{"uv":[7.25,1.9375,6.0625,1.6875],"rotation":0,"texture":"#0","tintindex":0},"down":{"uv":[7.25,5.3125,6.0625,5.5625],"rotation":0,"texture":"#0","tintindex":0}}},{"from":[1.1999998,3.0642858,1.1999998],"to":[3.8285713,8.135715,3.0857139],"rotation":{"angle":-45.0,"axis":"x","origin":[2.142857,4.3999996,8.942857]},"faces":{"east":{"uv":[6.4375,0.6875,6.625,1.25],"rotation":0,"texture":"#0","tintindex":0},"south":{"uv":[4.75,5.8125,5.0625,6.375],"rotation":0,"texture":"#0","tintindex":0},"north":{"uv":[4.0,5.25,4.3125,5.8125],"rotation":0,"texture":"#0","tintindex":0},"west":{"uv":[5.75,7.9375,5.9375,8.5],"rotation":0,"texture":"#0","tintindex":0},"up":{"uv":[5.5625,3.25,5.25,3.0625],"rotation":0,"texture":"#0","tintindex":0},"down":{"uv":[6.4375,2.875,6.125,3.0625],"rotation":0,"texture":"#0","tintindex":0}}},{"from":[1.4428568,1.8499999,0.9714279],"to":[3.3285713,5.278571,2.0285711],"rotation":{"angle":0.0,"axis":"y","origin":[2.514285,3.5642858,1.5142851]},"faces":{"east":{"uv":[0.5625,5.5625,0.6875,5.9375],"rotation":0,"texture":"#0","tintindex":0},"south":{"uv":[6.625,0.875,6.8125,1.25],"rotation":0,"texture":"#0","tintindex":0},"north":{"uv":[0.6875,5.0,0.875,5.375],"rotation":0,"texture":"#0","tintindex":0},"west":{"uv":[3.25,6.25,3.375,6.625],"rotation":0,"texture":"#0","tintindex":0},"up":{"uv":[1.125,4.1875,0.9375,4.0625],"rotation":0,"texture":"#0","tintindex":0},"down":{"uv":[6.9375,5.1875,6.75,5.3125],"rotation":0,"texture":"#0","tintindex":0}}},{"from":[2.014285,5.2030563,1.5029974],"to":[2.6999998,7.603057,2.3315692],"rotation":{"angle":22.5,"axis":"x","origin":[2.3571424,6.2887707,0.6029978]},"faces":{"east":{"uv":[4.4375,1.6875,4.5,1.9375],"rotation":0,"texture":"#0","tintindex":0},"south":{"uv":[4.4375,3.0,4.5,3.25],"rotation":0,"texture":"#0","tintindex":0},"north":{"uv":[3.6875,1.0,3.75,1.25],"rotation":0,"texture":"#0","tintindex":0},"west":{"uv":[5.625,5.75,5.6875,6.0],"rotation":0,"texture":"#0","tintindex":0},"up":{"uv":[4.5,2.0,4.4375,1.9375],"rotation":0,"texture":"#0","tintindex":0},"down":{"uv":[5.0625,3.9375,5.0,4.0],"rotation":0,"texture":"#0","tintindex":0}}},{"from":[1.1999998,18.492857,6.4],"to":[3.8285713,23.564285,8.285714],"rotation":{"angle":-45.0,"axis":"x","origin":[2.142857,19.828571,14.142858]},"faces":{"east":{"uv":[7.9375,7.0,8.125,7.5625],"rotation":0,"texture":"#0","tintindex":0},"south":{"uv":[2.4375,6.25,2.75,6.8125],"rotation":0,"texture":"#0","tintindex":0},"north":{"uv":[0.0,6.25,0.3125,6.8125],"rotation":0,"texture":"#0","tintindex":0},"west":{"uv":[8.0,0.0,8.1875,0.5625],"rotation":0,"texture":"#0","tintindex":0},"up":{"uv":[2.25,8.1875,1.9375,8.0],"rotation":0,"texture":"#0","tintindex":0},"down":{"uv":[8.3125,2.25,8.0,2.4375],"rotation":0,"texture":"#0","tintindex":0}}},{"from":[1.4428568,17.278572,6.1714287],"to":[3.3285713,20.707142,7.2285714],"rotation":{"angle":0.0,"axis":"y","origin":[2.514285,18.992857,6.714286]},"faces":{"east":{"uv":[3.125,6.9375,3.25,7.3125],"rotation":0,"texture":"#0","tintindex":0},"south":{"uv":[0.75,8.0,0.9375,8.375],"rotation":0,"texture":"#0","tintindex":0},"north":{"uv":[8.0,0.5625,8.1875,0.9375],"rotation":0,"texture":"#0","tintindex":0},"west":{"uv":[4.875,7.0625,5.0,7.4375],"rotation":0,"texture":"#0","tintindex":0},"up":{"uv":[8.3125,7.5,8.125,7.375],"rotation":0,"texture":"#0","tintindex":0},"down":{"uv":[1.9375,8.1875,1.75,8.3125],"rotation":0,"texture":"#0","tintindex":0}}},{"from":[2.014285,20.631628,6.702998],"to":[2.6999998,23.031628,7.5315695],"rotation":{"angle":22.5,"axis":"x","origin":[2.3571424,21.717342,5.8029976]},