{"textures":{"0":"modelengine:entity/kraken"},"elements":[{"from":[7.757143,7.064445,7.762168],"to":[8.228572,7.6358733,9.533597],"rotation":{"angle":-45.0,"axis":"x","origin":[7.957143,6.878731,7.5050254]},"faces":{"east":{"uv":[1.125,3.0,1.3125,3.0625],"rotation":0,"texture":"#0","tintindex":0},"south":{"uv":[1.9375,5.1875,2.0,5.25],"rotation":0,"texture":"#0","tintindex":0},"north":{"uv":[1.875,5.1875,1.9375,5.25],"rotation":0,"texture":"#0","tintindex":0},"west":{"uv":[3.6875,1.9375,3.875,2.0],"rotation":0,"texture":"#0","tintindex":0},"up":{"uv":[6.6875,0.875,6.625,0.6875],"rotation":0,"texture":"#0","tintindex":0},"down":{"uv":[4.0,6.625,3.9375,6.8125],"rotation":0,"texture":"#0","tintindex":0}}}],"display":{"head":{"translation":[0.0,-6.4,0.0],"scale":[4.0,4.0,4.0]}}}