{"textures":{"0":"modelengine:entity/kraken"},"elements":[{"from":[7.405714,0.5371423,7.194286],"to":[8.848572,8.537143,8.88],"rotation":{"angle":0.0,"axis":"y","origin":[5.905714,1.9514284,4.0371428]},"faces":{"east":{"uv":[6.875,2.8125,7.0625,3.6875],"rotation":0,"texture":"#0","tintindex":0},"south":{"uv":[3.25,6.875,3.4375,7.75],"rotation":0,"texture":"#0","tintindex":0},"north":{"uv":[6.875,1.9375,7.0625,2.8125],"rotation":0,"texture":"#0","tintindex":0},"west":{"uv":[3.4375,6.875,3.625,7.75],"rotation":0,"texture":"#0","tintindex":0},"up":{"uv":[8.3125,6.5,8.125,6.3125],"rotation":0,"texture":"#0","tintindex":0},"down":{"uv":[8.3125,6.5,8.125,6.6875],"rotation":0,"texture":"#0","tintindex":0}}},{"from":[7.7914286,0.5371423,5.48],"to":[7.7914286,7.9657145,7.194286],"rotation":{"angle":0.0,"axis":"y","origin":[5.905714,1.9514284,4.0371428]},"faces":{"east":{"uv":[7.25,6.125,7.4375,6.9375],"rotation":0,"texture":"#0","tintindex":0},"south":{"uv":[0.0,0.0,0.0,0.8125],"rotation":0,"texture":"#0","tintindex":0},"north":{"uv":[0.0,0.0,0.0,0.8125],"rotation":0,"texture":"#0","tintindex":0},"west":{"uv":[7.25,6.9375,7.4375,7.75],"rotation":0,"texture":"#0","tintindex":0},"up":{"uv":[0.0,0.1875,0.0,0.0],"rotation":0,"texture":"#0","tintindex":0},"down":{"uv":[0.0,0.0,0.0,0.1875],"rotation":0,"texture":"#0","tintindex":0}}}],"display":{"head":{"translation":[0.0,-6.4,0.0],"scale":[4.0,4.0,4.0]}}}