{"textures":{"0":"modelengine:entity/kraken"},"elements":[{"from":[7.3214283,0.057142735,7.295238],"to":[8.464286,8.6285715,8.666667],"rotation":{"angle":0.0,"axis":"y","origin":[10.1214285,9.471429,12.009524]},"faces":{"east":{"uv":[7.875,0.0,8.0,0.9375],"rotation":0,"texture":"#0","tintindex":0},"south":{"uv":[7.875,2.3125,8.0,3.25],"rotation":0,"texture":"#0","tintindex":0},"north":{"uv":[7.625,7.8125,7.75,8.75],"rotation":0,"texture":"#0","tintindex":0},"west":{"uv":[7.75,7.875,7.875,8.8125],"rotation":0,"texture":"#0","tintindex":0},"up":{"uv":[8.3125,2.5625,8.1875,2.4375],"rotation":0,"texture":"#0","tintindex":0},"down":{"uv":[8.3125,2.5625,8.1875,2.6875],"rotation":0,"texture":"#0","tintindex":0}}},{"from":[8.235714,0.057142735,8.095238],"to":[9.95,8.057143,8.095238],"rotation":{"angle":0.0,"axis":"y","origin":[10.1214285,9.471429,12.009524]},"faces":{"east":{"uv":[0.0,0.0,0.0,0.875],"rotation":0,"texture":"#0","tintindex":0},"south":{"uv":[7.0625,0.0,7.25,0.875],"rotation":0,"texture":"#0","tintindex":0},"north":{"uv":[6.9375,3.6875,7.125,4.5625],"rotation":0,"texture":"#0","tintindex":0},"west":{"uv":[0.0,0.0,0.0,0.875],"rotation":0,"texture":"#0","tintindex":0},"up":{"uv":[0.1875,0.0,0.0,0.0],"rotation":0,"texture":"#0","tintindex":0},"down":{"uv":[0.1875,0.0,0.0,0.0],"rotation":0,"texture":"#0","tintindex":0}}}],"display":{"head":{"translation":[0.0,-6.4,0.0],"scale":[4.0,4.0,4.0]}}}