{"textures":{"0":"modelengine:entity/kraken"},"elements":[{"from":[7.5785713,4.3999996,7.714286],"to":[8.421429,8.6285715,8.285714],"rotation":{"angle":0.0,"axis":"y","origin":[10.25,17.47143,12.142858]},"faces":{"east":{"uv":[8.0,8.125,8.0625,8.5625],"rotation":0,"texture":"#0","tintindex":0},"south":{"uv":[8.0625,8.125,8.125,8.5625],"rotation":0,"texture":"#0","tintindex":0},"north":{"uv":[1.0,8.125,1.0625,8.5625],"rotation":0,"texture":"#0","tintindex":0},"west":{"uv":[8.125,8.125,8.1875,8.5625],"rotation":0,"texture":"#0","tintindex":0},"up":{"uv":[6.125,6.0,6.0625,5.9375],"rotation":0,"texture":"#0","tintindex":0},"down":{"uv":[6.125,6.0,6.0625,6.0625],"rotation":0,"texture":"#0","tintindex":0}}}],"display":{"head":{"translation":[0.0,-6.4,0.0],"scale":[4.0,4.0,4.0]}}}