{"textures":{"0":"modelengine:entity/kraken"},"elements":[{"from":[7.535714,0.057142735,7.295238],"to":[8.678572,8.6285715,8.666667],"rotation":{"angle":0.0,"axis":"y","origin":[5.8785715,9.471429,12.009524]},"faces":{"east":{"uv":[7.9375,0.9375,8.0625,1.875],"rotation":0,"texture":"#0","tintindex":0},"south":{"uv":[1.25,7.9375,1.375,8.875],"rotation":0,"texture":"#0","tintindex":0},"north":{"uv":[7.875,7.875,8.0,8.8125],"rotation":0,"texture":"#0","tintindex":0},"west":{"uv":[1.375,7.9375,1.5,8.875],"rotation":0,"texture":"#0","tintindex":0},"up":{"uv":[8.3125,2.8125,8.1875,2.6875],"rotation":0,"texture":"#0","tintindex":0},"down":{"uv":[8.3125,2.8125,8.1875,2.9375],"rotation":0,"texture":"#0","tintindex":0}}},{"from":[6.05,0.057142735,8.095238],"to":[7.7642856,8.057143,8.095238],"rotation":{"angle":0.0,"axis":"y","origin":[5.8785715,9.471429,12.009524]},"faces":{"east":{"uv":[0.0,0.0,0.0,0.875],"rotation":0,"texture":"#0","tintindex":0},"south":{"uv":[1.0625,7.125,1.25,8.0],"rotation":0,"texture":"#0","tintindex":0},"north":{"uv":[7.0625,6.4375,7.25,7.3125],"rotation":0,"texture":"#0","tintindex":0},"west":{"uv":[0.0,0.0,0.0,0.875],"rotation":0,"texture":"#0","tintindex":0},"up":{"uv":[0.1875,0.0,0.0,0.0],"rotation":0,"texture":"#0","tintindex":0},"down":{"uv":[0.1875,0.0,0.0,0.0],"rotation":0,"texture":"#0","tintindex":0}}}],"display":{"head":{"translation":[0.0,-6.4,0.0],"scale":[4.0,4.0,4.0]}}}