{"textures":{"0":"modelengine:entity/kraken"},"elements":[{"from":[7.2839284,0.7142854,7.160714],"to":[8.726786,8.142858,8.846429],"rotation":{"angle":0.0,"axis":"y","origin":[7.9410715,2.1285715,12.0035715]},"faces":{"east":{"uv":[7.125,3.6875,7.3125,4.5],"rotation":0,"texture":"#0","tintindex":0},"south":{"uv":[5.375,7.125,5.5625,7.9375],"rotation":0,"texture":"#0","tintindex":0},"north":{"uv":[1.4375,7.125,1.625,7.9375],"rotation":0,"texture":"#0","tintindex":0},"west":{"uv":[5.5625,7.125,5.75,7.9375],"rotation":0,"texture":"#0","tintindex":0},"up":{"uv":[8.25,5.375,8.0625,5.1875],"rotation":0,"texture":"#0","tintindex":0},"down":{"uv":[8.25,5.375,8.0625,5.5625],"rotation":0,"texture":"#0","tintindex":0}}},{"from":[7.9982142,0.7142854,8.846429],"to":[7.9982142,8.142858,10.560715],"rotation":{"angle":0.0,"axis":"y","origin":[7.9410715,2.1285715,12.0035715]},"faces":{"east":{"uv":[5.75,7.125,5.9375,7.9375],"rotation":0,"texture":"#0","tintindex":0},"south":{"uv":[0.0,0.0,0.0,0.8125],"rotation":0,"texture":"#0","tintindex":0},"north":{"uv":[0.0,0.0,0.0,0.8125],"rotation":0,"texture":"#0","tintindex":0},"west":{"uv":[0.5625,7.1875,0.75,8.0],"rotation":0,"texture":"#0","tintindex":0},"up":{"uv":[0.0,0.1875,0.0,0.0],"rotation":0,"texture":"#0","tintindex":0},"down":{"uv":[0.0,0.0,0.0,0.1875],"rotation":0,"texture":"#0","tintindex":0}}}],"display":{"head":{"translation":[0.0,-6.4,0.0],"scale":[4.0,4.0,4.0]}}}