{"textures":{"0":"modelengine:entity/kraken"},"elements":[{"from":[7.2839284,0.7142854,7.153571],"to":[8.726786,8.142858,8.839286],"rotation":{"angle":0.0,"axis":"y","origin":[7.9410715,2.1285715,3.9964285]},"faces":{"east":{"uv":[7.1875,4.5,7.375,5.3125],"rotation":0,"texture":"#0","tintindex":0},"south":{"uv":[7.25,0.0,7.4375,0.8125],"rotation":0,"texture":"#0","tintindex":0},"north":{"uv":[2.1875,7.1875,2.375,8.0],"rotation":0,"texture":"#0","tintindex":0},"west":{"uv":[7.25,1.6875,7.4375,2.5],"rotation":0,"texture":"#0","tintindex":0},"up":{"uv":[8.3125,6.125,8.125,5.9375],"rotation":0,"texture":"#0","tintindex":0},"down":{"uv":[8.3125,6.125,8.125,6.3125],"rotation":0,"texture":"#0","tintindex":0}}},{"from":[7.9982142,0.7142854,5.4392858],"to":[7.9982142,8.142858,7.153571],"rotation":{"angle":0.0,"axis":"y","origin":[7.9410715,2.1285715,3.9964285]},"faces":{"east":{"uv":[7.25,2.5,7.4375,3.3125],"rotation":0,"texture":"#0","tintindex":0},"south":{"uv":[0.0,0.0,0.0,0.8125],"rotation":0,"texture":"#0","tintindex":0},"north":{"uv":[0.0,0.0,0.0,0.8125],"rotation":0,"texture":"#0","tintindex":0},"west":{"uv":[7.25,5.3125,7.4375,6.125],"rotation":0,"texture":"#0","tintindex":0},"up":{"uv":[0.0,0.1875,0.0,0.0],"rotation":0,"texture":"#0","tintindex":0},"down":{"uv":[0.0,0.0,0.0,0.1875],"rotation":0,"texture":"#0","tintindex":0}}}],"display":{"head":{"translation":[0.0,-6.4,0.0],"scale":[4.0,4.0,4.0]}}}