{"textures":{"0":"modelengine:entity/kraken"},"elements":[{"from":[7.405714,0.5371423,7.12],"to":[8.848572,8.537143,8.805715],"rotation":{"angle":0.0,"axis":"y","origin":[5.905714,1.9514284,11.962857]},"faces":{"east":{"uv":[6.6875,5.9375,6.875,6.8125],"rotation":0,"texture":"#0","tintindex":0},"south":{"uv":[6.75,3.9375,6.9375,4.8125],"rotation":0,"texture":"#0","tintindex":0},"north":{"uv":[6.6875,1.9375,6.875,2.8125],"rotation":0,"texture":"#0","tintindex":0},"west":{"uv":[5.0,6.75,5.1875,7.625],"rotation":0,"texture":"#0","tintindex":0},"up":{"uv":[8.25,5.75,8.0625,5.5625],"rotation":0,"texture":"#0","tintindex":0},"down":{"uv":[6.3125,8.0625,6.125,8.25],"rotation":0,"texture":"#0","tintindex":0}}},{"from":[7.7914286,0.5371423,8.805715],"to":[7.7914286,7.9657145,10.52],"rotation":{"angle":0.0,"axis":"y","origin":[5.905714,1.9514284,11.962857]},"faces":{"east":{"uv":[0.75,7.1875,0.9375,8.0],"rotation":0,"texture":"#0","tintindex":0},"south":{"uv":[0.0,0.0,0.0,0.8125],"rotation":0,"texture":"#0","tintindex":0},"north":{"uv":[0.0,0.0,0.0,0.8125],"rotation":0,"texture":"#0","tintindex":0},"west":{"uv":[1.625,7.1875,1.8125,8.0],"rotation":0,"texture":"#0","tintindex":0},"up":{"uv":[0.0,0.1875,0.0,0.0],"rotation":0,"texture":"#0","tintindex":0},"down":{"uv":[0.0,0.0,0.0,0.1875],"rotation":0,"texture":"#0","tintindex":0}}}],"display":{"head":{"translation":[0.0,-6.4,0.0],"scale":[4.0,4.0,4.0]}}}