{"textures":{"0":"modelengine:entity/kraken"},"elements":[{"from":[7.535714,0.057142735,7.295238],"to":[8.678572,8.6285715,8.666667],"rotation":{"angle":0.0,"axis":"y","origin":[5.8785715,9.471429,12.009524]},"faces":{"east":{"uv":[0.1875,7.8125,0.3125,8.75],"rotation":0,"texture":"#0","tintindex":0},"south":{"uv":[0.3125,7.8125,0.4375,8.75],"rotation":0,"texture":"#0","tintindex":0},"north":{"uv":[7.25,7.75,7.375,8.6875],"rotation":0,"texture":"#0","tintindex":0},"west":{"uv":[0.4375,7.8125,0.5625,8.75],"rotation":0,"texture":"#0","tintindex":0},"up":{"uv":[3.75,7.375,3.625,7.25],"rotation":0,"texture":"#0","tintindex":0},"down":{"uv":[3.75,7.375,3.625,7.5],"rotation":0,"texture":"#0","tintindex":0}}},{"from":[7.7642856,0.057142735,8.666667],"to":[7.7642856,8.057143,10.380953],"rotation":{"angle":0.0,"axis":"y","origin":[5.8785715,9.471429,12.009524]},"faces":{"east":{"uv":[5.1875,6.75,5.375,7.625],"rotation":0,"texture":"#0","tintindex":0},"south":{"uv":[0.0,0.0,0.0,0.875],"rotation":0,"texture":"#0","tintindex":0},"north":{"uv":[0.0,0.0,0.0,0.875],"rotation":0,"texture":"#0","tintindex":0},"west":{"uv":[0.0,6.8125,0.1875,7.6875],"rotation":0,"texture":"#0","tintindex":0},"up":{"uv":[0.0,0.1875,0.0,0.0],"rotation":0,"texture":"#0","tintindex":0},"down":{"uv":[0.0,0.0,0.0,0.1875],"rotation":0,"texture":"#0","tintindex":0}}}],"display":{"head":{"translation":[0.0,-6.4,0.0],"scale":[4.0,4.0,4.0]}}}