{"textures":{"0":"modelengine:entity/kraken"},"elements":[{"from":[7.5785713,4.3999996,7.714286],"to":[8.421429,8.6285715,8.285714],"rotation":{"angle":0.0,"axis":"y","origin":[10.25,17.47143,3.8571424]},"faces":{"east":{"uv":[7.8125,0.0,7.875,0.4375],"rotation":0,"texture":"#0","tintindex":0},"south":{"uv":[7.8125,2.3125,7.875,2.75],"rotation":0,"texture":"#0","tintindex":0},"north":{"uv":[7.375,7.75,7.4375,8.1875],"rotation":0,"texture":"#0","tintindex":0},"west":{"uv":[7.875,0.9375,7.9375,1.375],"rotation":0,"texture":"#0","tintindex":0},"up":{"uv":[0.625,6.125,0.5625,6.0625],"rotation":0,"texture":"#0","tintindex":0},"down":{"uv":[0.6875,6.0625,0.625,6.125],"rotation":0,"texture":"#0","tintindex":0}}}],"display":{"head":{"translation":[0.0,-6.4,0.0],"scale":[4.0,4.0,4.0]}}}