{"textures":{"0":"modelengine:entity/kraken"},"elements":[{"from":[7.0190477,2.2571425,6.778571],"to":[8.733334,8.542857,8.892858],"rotation":{"angle":0.0,"axis":"y","origin":[10.119047,-3.757144,11.835714]},"faces":{"east":{"uv":[6.4375,5.9375,6.6875,6.625],"rotation":0,"texture":"#0","tintindex":0},"south":{"uv":[6.3125,7.5,6.5,8.1875],"rotation":0,"texture":"#0","tintindex":0},"north":{"uv":[3.625,7.5,3.8125,8.1875],"rotation":0,"texture":"#0","tintindex":0},"west":{"uv":[0.5625,6.5,0.8125,7.1875],"rotation":0,"texture":"#0","tintindex":0},"up":{"uv":[8.25,3.6875,8.0625,3.4375],"rotation":0,"texture":"#0","tintindex":0},"down":{"uv":[8.25,3.6875,8.0625,3.9375],"rotation":0,"texture":"#0","tintindex":0}}}],"display":{"head":{"translation":[0.0,-6.4,0.0],"scale":[4.0,4.0,4.0]}}}