{"textures":{"0":"modelengine:entity/frost_queen_phase_1"},"elements":[{"from":[7.4439707,8.495516,5.4408007],"to":[8.746828,9.754945,6.309372],"rotation":{"angle":-45.0,"axis":"y","origin":[8.185343,9.993801,6.9142857]},"faces":{"east":{"uv":[7.875,4.75,8.0,4.9375],"rotation":0,"texture":"#0","tintindex":0},"south":{"uv":[9.625,11.25,9.8125,11.4375],"rotation":0,"texture":"#0","tintindex":0},"north":{"uv":[9.375,11.25,9.5625,11.4375],"rotation":0,"texture":"#0","tintindex":0},"west":{"uv":[8.0,5.75,8.125,5.9375],"rotation":0,"texture":"#0","tintindex":0},"up":{"uv":[2.4375,3.125,2.25,3.0],"rotation":0,"texture":"#0","tintindex":0},"down":{"uv":[4.1875,2.0,4.0,2.125],"rotation":0,"texture":"#0","tintindex":0}}},{"from":[7.24,8.582373,6.0635157],"to":[8.108571,9.668087,7.5835156],"rotation":{"angle":-45.0,"axis":"y","origin":[8.185343,9.993801,6.9142857]},"faces":{"east":{"uv":[11.25,7.625,11.5,7.8125],"rotation":0,"texture":"#0","tintindex":0},"south":{"uv":[7.375,6.0,7.5,6.1875],"rotation":0,"texture":"#0","tintindex":0},"north":{"uv":[2.375,7.25,2.5,7.4375],"rotation":0,"texture":"#0","tintindex":0},"west":{"uv":[11.25,7.875,11.5,8.0625],"rotation":0,"texture":"#0","tintindex":0},"up":{"uv":[3.25,1.25,3.125,1.0],"rotation":0,"texture":"#0","tintindex":0},"down":{"uv":[3.75,3.125,3.625,3.375],"rotation":0,"texture":"#0","tintindex":0}}},{"from":[9.845715,6.5885715,6.805714],"to":[11.365714,9.411428,9.411428],"rotation":{"angle":0.0,"axis":"y","origin":[9.737143,8.0,9.194285]},"faces":{"east":{"uv":[5.5,9.875,5.875,10.3125],"rotation":0,"texture":"#0","tintindex":0},"south":{"uv":[7.0,10.75,7.25,11.1875],"rotation":0,"texture":"#0","tintindex":0},"north":{"uv":[5.625,10.75,5.875,11.1875],"rotation":0,"texture":"#0","tintindex":0},"west":{"uv":[9.0,9.875,9.375,10.3125],"rotation":0,"texture":"#0","tintindex":0},"up":{"uv":[3.5,2.5,3.25,2.125],"rotation":0,"texture":"#0","tintindex":0},"down":{"uv":[4.875,1.0,4.625,1.375],"rotation":0,"texture":"#0","tintindex":0}}},{"from":[8.434286,6.3714285,8.434286],"to":[11.04,9.6285715,9.954286],"rotation":{"angle":0.0,"axis":"y","origin":[8.0,8.0,8.0]},"faces":{"east":{"uv":[3.625,0.5,3.875,1.0],"rotation":0,"texture":"#0","tintindex":0},"south":{"uv":[0.875,9.75,1.25,10.25],"rotation":0,"texture":"#0","tintindex":0},"north":{"uv":[9.625,9.375,10.0,9.875],"rotation":0,"texture":"#0","tintindex":0},"west":{"uv":[6.5,4.5,6.75,5.0],"rotation":0,"texture":"#0","tintindex":0},"up":{"uv":[9.0,0.625,8.625,0.375],"rotation":0,"texture":"#0","tintindex":0},"down":{"uv":[9.25,2.875,8.875,3.125],"rotation":0,"texture":"#0","tintindex":0}}},{"from":[7.782857,6.1542854,7.5657144],"to":[9.52,9.845715,9.085714],"rotation":{"angle":-22.5,"axis":"y","origin":[8.0,8.0,8.0]},"faces":{"east":{"uv":[1.25,10.25,1.5,10.8125],"rotation":0,"texture":"#0","tintindex":0},"south":{"uv":[1.5,10.25,1.75,10.8125],"rotation":0,"texture":"#0","tintindex":0},"north":{"uv":[1.0,10.25,1.25,10.8125],"rotation":0,"texture":"#0","tintindex":0},"west":{"uv":[10.25,1.625,10.5,2.1875],"rotation":0,"texture":"#0","tintindex":0},"up":{"uv":[3.75,3.125,3.5,2.875],"rotation":0,"texture":"#0","tintindex":0},"down":{"uv":[3.75,5.25,3.5,5.5],"rotation":0,"texture":"#0","tintindex":0}}}],"display":{"head":{"translation":[0.0,-6.4,0.0],"scale":[4.0,4.0,4.0]}}}