{"textures":{"0":"modelengine:entity/frost_queen_phase_1"},"elements":[{"from":[5.8719997,7.38534,1.8219962],"to":[9.780571,9.556768,5.079139],"rotation":{"angle":0.0,"axis":"y","origin":[7.826286,7.6024833,3.2117105]},"faces":{"east":{"uv":[10.125,5.375,10.625,5.6875],"rotation":0,"texture":"#0","tintindex":0},"south":{"uv":[9.75,8.625,10.3125,8.9375],"rotation":0,"texture":"#0","tintindex":0},"north":{"uv":[8.375,9.75,8.9375,10.0625],"rotation":0,"texture":"#0","tintindex":0},"west":{"uv":[10.125,5.75,10.625,6.0625],"rotation":0,"texture":"#0","tintindex":0},"up":{"uv":[7.9375,5.5,7.375,5.0],"rotation":0,"texture":"#0","tintindex":0},"down":{"uv":[7.9375,5.5,7.375,6.0],"rotation":0,"texture":"#0","tintindex":0}}},{"from":[5.3074284,7.38534,2.0825677],"to":[6.089143,9.339626,6.1648536],"rotation":{"angle":0.0,"axis":"y","origin":[7.826286,7.6024833,3.2117105]},"faces":{"east":{"uv":[10.9375,1.75,10.5,2.0625],"rotation":0,"texture":"#0","tintindex":0},"south":{"uv":[7.8125,11.25,7.625,11.5625],"rotation":0,"texture":"#0","tintindex":0},"north":{"uv":[7.5625,11.25,7.375,11.5625],"rotation":0,"texture":"#0","tintindex":0},"west":{"uv":[10.9375,1.375,10.5,1.6875],"rotation":0,"texture":"#0","tintindex":0},"up":{"uv":[11.0,7.8125,11.1875,7.375],"rotation":0,"texture":"#0","tintindex":0},"down":{"uv":[11.0,7.875,11.1875,8.3125],"rotation":0,"texture":"#0","tintindex":0}}},{"from":[5.6982856,9.674286,1.885714],"to":[6.132571,10.977143,2.406857],"rotation":{"angle":0.0,"axis":"y","origin":[5.915428,10.0,2.102857]},"faces":{"east":{"uv":[10.9375,1.75,10.5,2.0625],"rotation":0,"texture":"#0","tintindex":0},"south":{"uv":[7.8125,11.25,7.625,11.5625],"rotation":0,"texture":"#0","tintindex":0},"north":{"uv":[7.5625,11.25,7.375,11.5625],"rotation":0,"texture":"#0","tintindex":0},"west":{"uv":[10.9375,1.375,10.5,1.6875],"rotation":0,"texture":"#0","tintindex":0},"up":{"uv":[11.0,7.8125,11.1875,7.375],"rotation":0,"texture":"#0","tintindex":0},"down":{"uv":[11.0,7.875,11.1875,8.3125],"rotation":0,"texture":"#0","tintindex":0}}},{"from":[5.5245714,8.036769,1.8654246],"to":[6.306286,9.991055,2.473425],"rotation":{"angle":-22.5,"axis":"x","origin":[5.6982856,9.8824835,2.3865676]},"faces":{"east":{"uv":[10.9375,1.75,10.5,2.0625],"rotation":0,"texture":"#0","tintindex":0},"south":{"uv":[7.8125,11.25,7.625,11.5625],"rotation":0,"texture":"#0","tintindex":0},"north":{"uv":[7.5625,11.25,7.375,11.5625],"rotation":0,"texture":"#0","tintindex":0},"west":{"uv":[10.9375,1.375,10.5,1.6875],"rotation":0,"texture":"#0","tintindex":0},"up":{"uv":[11.0,7.8125,11.1875,7.375],"rotation":0,"texture":"#0","tintindex":0},"down":{"uv":[11.0,7.875,11.1875,8.3125],"rotation":0,"texture":"#0","tintindex":0}}},{"from":[9.563429,7.38534,2.0825677],"to":[10.345143,9.339626,6.1648536],"rotation":{"angle":0.0,"axis":"y","origin":[7.826286,7.6024833,3.2117105]},"faces":{"east":{"uv":[10.5,1.375,10.9375,1.6875],"rotation":0,"texture":"#0","tintindex":0},"south":{"uv":[7.625,11.25,7.8125,11.5625],"rotation":0,"texture":"#0","tintindex":0},"north":{"uv":[7.375,11.25,7.5625,11.5625],"rotation":0,"texture":"#0","tintindex":0},"west":{"uv":[10.5,1.75,10.9375,2.0625],"rotation":0,"texture":"#0","tintindex":0},"up":{"uv":[11.1875,7.8125,11.0,7.375],"rotation":0,"texture":"#0","tintindex":0},"down":{"uv":[11.1875,7.875,11.0,8.3125],"rotation":0,"texture":"#0","tintindex":0}}},{"from":[9.346286,8.036769,1.8654246],"to":[10.128,9.991055,2.473425],"rotation":{"angle":-22.5,"axis":"x","origin":[9.954286,9.8824835,2.3865676]},"faces":{"east":{"uv":[10.5,1.375,10.9375,1.6875],"rotation":0,"texture":"#0","tintindex":0},"south":{"uv":[7.625,11.25,7.8125,11.5625],"rotation":0,"texture":"#0","tintindex":0},"north":{"uv":[7.375,11.25,7.5625,11.5625],"rotation":0,"texture":"#0","tintindex":0},"west":{"uv":[10.5,1.75,10.9375,2.0625],"rotation":0,"texture":"#0","tintindex":0},"up":{"uv":[11.1875,7.8125,11.0,7.375],"rotation":0,"texture":"#0","tintindex":0},"down":{"uv":[11.1875,7.875,11.0,8.3125],"rotation":0,"texture":"#0","tintindex":0}}},{"from":[9.52,9.674286,1.885714],"to":[9.954286,10.977143,2.406857],"rotation":{"angle":0.0,"axis":"y","origin":[9.737143,10.0,2.102857]},"faces":{"east":{"uv":[10.5,1.375,10.9375,1.6875],"rotation":0,"texture":"#0","tintindex":0},"south":{"uv":[7.625,11.25,7.8125,11.5625],"rotation":0,"texture":"#0","tintindex":0},"north":{"uv":[7.375,11.25,7.5625,11.5625],"rotation":0,"texture":"#0","tintindex":0},"west":{"uv":[10.5,1.75,10.9375,2.0625],"rotation":0,"texture":"#0","tintindex":0},"up":{"uv":[11.1875,7.8125,11.0,7.375],"rotation":0,"texture":"#0","tintindex":0},"down":{"uv":[11.1875,7.875,11.0,8.3125],"rotation":0,"texture":"#0","tintindex":0}}}],"display":{"head":{"translation":[0.0,-6.4,0.0],"scale":[4.0,4.0,4.0]}}}