{"textures":{"0":"modelengine:entity/frost_queen_phase_1"},"elements":[{"from":[5.72,2.8542852,5.3114285],"to":[10.280001,4.917143,10.631429],"rotation":{"angle":0.0,"axis":"y","origin":[8.0,5.622857,8.297143]},"faces":{"east":{"uv":[8.5,6.875,9.25,7.1875],"rotation":0,"texture":"#0","tintindex":0},"south":{"uv":[9.0,0.375,9.6875,0.6875],"rotation":0,"texture":"#0","tintindex":0},"north":{"uv":[8.875,8.25,9.5625,8.5625],"rotation":0,"texture":"#0","tintindex":0},"west":{"uv":[7.375,8.5,8.125,8.8125],"rotation":0,"texture":"#0","tintindex":0},"up":{"uv":[2.9375,4.25,2.25,3.5],"rotation":0,"texture":"#0","tintindex":0},"down":{"uv":[3.6875,3.5,3.0,4.25],"rotation":0,"texture":"#0","tintindex":0}}},{"from":[5.937143,2.8542852,5.745714],"to":[10.062857,5.568571,10.414286],"rotation":{"angle":0.0,"axis":"y","origin":[8.0,5.622857,8.297143]},"faces":{"east":{"uv":[5.875,7.625,6.5625,8.0],"rotation":0,"texture":"#0","tintindex":0},"south":{"uv":[8.625,5.5,9.25,5.875],"rotation":0,"texture":"#0","tintindex":0},"north":{"uv":[8.625,0.0,9.25,0.375],"rotation":0,"texture":"#0","tintindex":0},"west":{"uv":[7.375,7.625,8.0625,8.0],"rotation":0,"texture":"#0","tintindex":0},"up":{"uv":[5.375,4.1875,4.75,3.5],"rotation":0,"texture":"#0","tintindex":0},"down":{"uv":[5.375,4.25,4.75,4.9375],"rotation":0,"texture":"#0","tintindex":0}}},{"from":[6.1542854,2.8542852,6.18],"to":[9.845715,6.002857,10.197144],"rotation":{"angle":0.0,"axis":"y","origin":[8.0,5.622857,8.297143]},"faces":{"east":{"uv":[8.25,2.125,8.8125,2.5625],"rotation":0,"texture":"#0","tintindex":0},"south":{"uv":[8.25,2.625,8.8125,3.0625],"rotation":0,"texture":"#0","tintindex":0},"north":{"uv":[2.125,8.25,2.6875,8.6875],"rotation":0,"texture":"#0","tintindex":0},"west":{"uv":[8.25,4.0,8.8125,4.4375],"rotation":0,"texture":"#0","tintindex":0},"up":{"uv":[7.4375,2.5625,6.875,2.0],"rotation":0,"texture":"#0","tintindex":0},"down":{"uv":[7.4375,2.625,6.875,3.1875],"rotation":0,"texture":"#0","tintindex":0}}}],"display":{"head":{"translation":[0.0,-6.4,0.0],"scale":[4.0,4.0,4.0]}}}