{"textures":{"0":"modelengine:entity/frost_queen_phase_1"},"elements":[{"from":[8.534857,4.933714,5.2605715],"to":[9.750857,9.450286,6.4765716],"rotation":{"angle":0.0,"axis":"y","origin":[9.664,7.1051426,6.997714]},"faces":{"east":{"uv":[4.5,10.75,4.6875,11.375],"rotation":0,"texture":"#0","tintindex":0},"south":{"uv":[4.75,10.75,4.9375,11.375],"rotation":0,"texture":"#0","tintindex":0},"north":{"uv":[4.25,10.75,4.4375,11.375],"rotation":0,"texture":"#0","tintindex":0},"west":{"uv":[5.375,10.75,5.5625,11.375],"rotation":0,"texture":"#0","tintindex":0},"up":{"uv":[10.8125,11.4375,10.625,11.25],"rotation":0,"texture":"#0","tintindex":0},"down":{"uv":[11.0625,11.25,10.875,11.4375],"rotation":0,"texture":"#0","tintindex":0}}},{"from":[8.256914,4.0651426,4.982629],"to":[10.0288,5.454857,6.754514],"rotation":{"angle":-45.0,"axis":"y","origin":[9.142858,5.1942854,5.8685713]},"faces":{"east":{"uv":[8.875,11.25,9.125,11.4375],"rotation":0,"texture":"#0","tintindex":0},"south":{"uv":[11.25,9.0,11.5,9.1875],"rotation":0,"texture":"#0","tintindex":0},"north":{"uv":[11.25,8.75,11.5,8.9375],"rotation":0,"texture":"#0","tintindex":0},"west":{"uv":[9.125,11.25,9.375,11.4375],"rotation":0,"texture":"#0","tintindex":0},"up":{"uv":[7.875,4.25,7.625,4.0],"rotation":0,"texture":"#0","tintindex":0},"down":{"uv":[1.875,7.75,1.625,8.0],"rotation":0,"texture":"#0","tintindex":0}}},{"from":[7.046764,8.849822,3.857678],"to":[11.142947,9.9442215,7.953861],"rotation":{"angle":-45.0,"axis":"y","origin":[9.094855,5.48845,5.9057693]},"faces":{"east":{"uv":[10.75,8.5,11.3125,8.6875],"rotation":0,"texture":"#0","tintindex":0},"south":{"uv":[10.75,9.25,11.3125,9.4375],"rotation":0,"texture":"#0","tintindex":0},"north":{"uv":[8.125,10.75,8.6875,10.9375],"rotation":0,"texture":"#0","tintindex":0},"west":{"uv":[10.75,9.5,11.3125,9.6875],"rotation":0,"texture":"#0","tintindex":0},"up":{"uv":[7.4375,6.9375,6.875,6.375],"rotation":0,"texture":"#0","tintindex":0},"down":{"uv":[0.5625,7.0,0.0,7.5625],"rotation":0,"texture":"#0","tintindex":0}}}],"display":{"head":{"translation":[0.0,-6.4,0.0],"scale":[4.0,4.0,4.0]}}}