{"textures":{"0":"modelengine:entity/frost_queen_phase_1"},"elements":[{"from":[7.948571,4.108571,4.457143],"to":[9.902857,6.062857,6.6285715],"rotation":{"angle":45.0,"axis":"y","origin":[9.577143,5.0857143,5.542857]},"faces":{"east":{"uv":[10.75,10.125,11.0625,10.4375],"rotation":0,"texture":"#0","tintindex":0},"south":{"uv":[10.75,10.5,11.0625,10.8125],"rotation":0,"texture":"#0","tintindex":0},"north":{"uv":[10.75,9.75,11.0625,10.0625],"rotation":0,"texture":"#0","tintindex":0},"west":{"uv":[0.0,10.875,0.3125,11.1875],"rotation":0,"texture":"#0","tintindex":0},"up":{"uv":[1.0625,11.1875,0.75,10.875],"rotation":0,"texture":"#0","tintindex":0},"down":{"uv":[1.4375,10.875,1.125,11.1875],"rotation":0,"texture":"#0","tintindex":0}}},{"from":[9.577143,3.4571428,3.9142857],"to":[13.92,6.714286,6.302857],"rotation":{"angle":0.0,"axis":"y","origin":[6.3199997,3.0113478,5.363096]},"faces":{"east":{"uv":[0.875,8.0,1.25,8.5],"rotation":0,"texture":"#0","tintindex":0},"south":{"uv":[4.375,7.0,5.0,7.5],"rotation":0,"texture":"#0","tintindex":0},"north":{"uv":[7.0,3.75,7.625,4.25],"rotation":0,"texture":"#0","tintindex":0},"west":{"uv":[0.5,9.375,0.875,9.875],"rotation":0,"texture":"#0","tintindex":0},"up":{"uv":[9.25,6.25,8.625,5.875],"rotation":0,"texture":"#0","tintindex":0},"down":{"uv":[7.125,8.625,6.5,9.0],"rotation":0,"texture":"#0","tintindex":0}}},{"from":[9.142858,3.6742854,5.0],"to":[13.485715,6.497143,7.1714287],"rotation":{"angle":22.5,"axis":"y","origin":[11.748571,5.1942854,4.782857]},"faces":{"east":{"uv":[9.0,10.375,9.3125,10.8125],"rotation":0,"texture":"#0","tintindex":0},"south":{"uv":[4.0,7.5,4.625,7.9375],"rotation":0,"texture":"#0","tintindex":0},"north":{"uv":[3.375,7.5,4.0,7.9375],"rotation":0,"texture":"#0","tintindex":0},"west":{"uv":[9.375,10.375,9.6875,10.8125],"rotation":0,"texture":"#0","tintindex":0},"up":{"uv":[5.125,9.4375,4.5,9.125],"rotation":0,"texture":"#0","tintindex":0},"down":{"uv":[9.75,6.25,9.125,6.5625],"rotation":0,"texture":"#0","tintindex":0}}}],"display":{"head":{"translation":[0.0,-6.4,0.0],"scale":[4.0,4.0,4.0]}}}