{"textures":{"0":"modelengine:entity/frost_queen_phase_1"},"elements":[{"from":[8.302774,3.6267424,6.6199474],"to":[10.053814,8.612343,8.370988],"rotation":{"angle":22.5,"axis":"y","origin":[9.253558,4.9947424,7.311627]},"faces":{"east":{"uv":[9.875,4.0,10.125,4.6875],"rotation":0,"texture":"#0","tintindex":0},"south":{"uv":[5.0,9.875,5.25,10.5625],"rotation":0,"texture":"#0","tintindex":0},"north":{"uv":[4.5,5.5,4.75,6.1875],"rotation":0,"texture":"#0","tintindex":0},"west":{"uv":[5.25,9.875,5.5,10.5625],"rotation":0,"texture":"#0","tintindex":0},"up":{"uv":[11.5,6.125,11.25,5.875],"rotation":0,"texture":"#0","tintindex":0},"down":{"uv":[11.5,6.125,11.25,6.375],"rotation":0,"texture":"#0","tintindex":0}}},{"from":[9.560325,3.7830853,7.4769063],"to":[11.311365,8.299657,9.227946],"rotation":{"angle":-22.5,"axis":"y","origin":[9.253558,4.9947424,7.311627]},"faces":{"east":{"uv":[8.75,10.125,9.0,10.75],"rotation":0,"texture":"#0","tintindex":0},"south":{"uv":[10.125,9.875,10.375,10.5],"rotation":0,"texture":"#0","tintindex":0},"north":{"uv":[8.5,10.125,8.75,10.75],"rotation":0,"texture":"#0","tintindex":0},"west":{"uv":[0.75,10.25,1.0,10.875],"rotation":0,"texture":"#0","tintindex":0},"up":{"uv":[11.5,6.625,11.25,6.375],"rotation":0,"texture":"#0","tintindex":0},"down":{"uv":[7.125,11.25,6.875,11.5],"rotation":0,"texture":"#0","tintindex":0}}},{"from":[5.426382,5.8676567,9.355536],"to":[8.9579935,10.427657,11.801434],"rotation":{"angle":-45.0,"axis":"y","origin":[8.037559,7.079314,9.396198]},"faces":{"east":{"uv":[1.25,7.75,1.625,8.4375],"rotation":0,"texture":"#0","tintindex":0},"south":{"uv":[5.25,6.125,5.75,6.8125],"rotation":0,"texture":"#0","tintindex":0},"north":{"uv":[3.0,6.125,3.5,6.8125],"rotation":0,"texture":"#0","tintindex":0},"west":{"uv":[7.875,2.375,8.25,3.0625],"rotation":0,"texture":"#0","tintindex":0},"up":{"uv":[10.125,4.0,9.625,3.625],"rotation":0,"texture":"#0","tintindex":0},"down":{"uv":[10.25,0.375,9.75,0.75],"rotation":0,"texture":"#0","tintindex":0}}},{"from":[4.3662004,5.711314,7.438698],"to":[6.8120975,7.4484572,9.884595],"rotation":{"angle":0.0,"axis":"y","origin":[6.647844,7.079314,7.6590557]},"faces":{"east":{"uv":[2.125,11.0,2.5,11.25],"rotation":0,"texture":"#0","tintindex":0},"south":{"uv":[2.5,11.0,2.875,11.25],"rotation":0,"texture":"#0","tintindex":0},"north":{"uv":[10.875,6.375,11.25,6.625],"rotation":0,"texture":"#0","tintindex":0},"west":{"uv":[2.875,11.0,3.25,11.25],"rotation":0,"texture":"#0","tintindex":0},"up":{"uv":[10.625,9.375,10.25,9.0],"rotation":0,"texture":"#0","tintindex":0},"down":{"uv":[10.75,0.625,10.375,1.0],"rotation":0,"texture":"#0","tintindex":0}}},{"from":[5.152731,5.711314,6.2522664],"to":[7.598628,7.9174857,8.698164],"rotation":{"angle":-22.5,"axis":"y","origin":[6.647844,7.079314,7.6590557]},"faces":{"east":{"uv":[6.625,10.75,7.0,11.0625],"rotation":0,"texture":"#0","tintindex":0},"south":{"uv":[10.75,6.625,11.125,6.9375],"rotation":0,"texture":"#0","tintindex":0},"north":{"uv":[6.25,10.75,6.625,11.0625],"rotation":0,"texture":"#0","tintindex":0},"west":{"uv":[10.75,7.0,11.125,7.3125],"rotation":0,"texture":"#0","tintindex":0},"up":{"uv":[5.0,10.75,4.625,10.375],"rotation":0,"texture":"#0","tintindex":0},"down":{"uv":[5.875,10.375,5.5,10.75],"rotation":0,"texture":"#0","tintindex":0}}},{"from":[6.118266,5.8676567,5.253821],"to":[8.564163,7.6047997,7.699718],"rotation":{"angle":22.5,"axis":"y","origin":[6.647844,7.079314,7.6590557]},"faces":{"east":{"uv":[3.625,11.0,4.0,11.25],"rotation":0,"texture":"#0","tintindex":0},"south":{"uv":[11.0,5.125,11.375,5.375],"rotation":0,"texture":"#0","tintindex":0},"north":{"uv":[3.25,11.0,3.625,11.25],"rotation":0,"texture":"#0","tintindex":0},"west":{"uv":[11.0,5.375,11.375,5.625],"rotation":0,"texture":"#0","tintindex":0},"up":{"uv":[6.875,10.75,6.5,10.375],"rotation":0,"texture":"#0","tintindex":0},"down":{"uv":[10.75,6.625,10.375,7.0],"rotation":0,"texture":"#0","tintindex":0}}},{"from":[6.2813597,5.8676567,8.371666],"to":[9.422114,9.922224,11.51242],"rotation":{"angle":-22.5,"axis":"y","origin":[8.644571,8.0,8.470858]},"faces":{"east":{"uv":[0.875,8.5,1.3125,9.0625],"rotation":0,"texture":"#0","tintindex":0},"south":{"uv":[8.5,1.25,8.9375,1.8125],"rotation":0,"texture":"#0","tintindex":0},"north":{"uv":[8.5,0.625,8.9375,1.1875],"rotation":0,"texture":"#0","tintindex":0},"west":{"uv":[1.375,8.5,1.8125,9.0625],"rotation":0,"texture":"#0","tintindex":0},"up":{"uv":[0.4375,9.8125,0.0,9.375],"rotation":0,"texture":"#0","tintindex":0},"down":{"uv":[9.8125,0.75,9.375,1.1875],"rotation":0,"texture":"#0","tintindex":0}}},{"from":[6.963168,5.711314,7.1626863],"to":[10.103923,11.007938,10.520583],"rotation":{"angle":22.5,"axis":"y","origin":[8.644571,8.0,8.470858]},"faces":{"east":{"uv":[1.5,5.75,2.0,6.5],"rotation":0,"texture":"#0","tintindex":0},"south":{"uv":[6.375,1.5,6.8125,2.25],"rotation":0,"texture":"#0","tintindex":0},"north":{"uv":[6.25,5.75,6.6875,6.5],"rotation":0,"texture":"#0","tintindex":0},"west":{"uv":[2.0,5.75,2.5,6.5],"rotation":0,"texture":"#0","tintindex":0},"up":{"uv":[9.1875,3.625,8.75,3.125],"rotation":0,"texture":"#0","tintindex":0},"down":{"uv":[0.4375,8.875,0.0,9.375],"rotation":0,"texture":"#0","tintindex":0}}},{"from":[6.650482,5.711314,8.222343],"to":[9.791237,8.141652,11.363098],"rotation":{"angle":22.5,"axis":"y","origin":[8.644571,8.0,8.470858]},"faces":{"east":{"uv":[2.5,10.0,2.9375,10.375],"rotation":0,"texture":"#0","tintindex":0},"south":{"uv":[3.0,10.0,3.4375,10.375],"rotation":0,"texture":"#0","tintindex":0},"north":{"uv":[2.0,10.0,2.4375,10.375],"rotation":0,"texture":"#0","tintindex":0},"west":{"uv":[3.5,10.0,3.9375,10.375],"rotation":0,"texture":"#0","tintindex":0},"up":{"uv":[9.8125,2.1875,9.375,1.75],"rotation":0,"texture":"#0","tintindex":0},"down":{"uv":[9.8125,2.25,9.375,2.6875],"rotation":0,"texture":"#0","tintindex":0}}},{"from":[8.045045,5.711314,6.3622622],"to":[11.1858,9.618223,9.503016],"rotation":{"angle":-45.0,"axis":"y","origin":[8.644571,8.0,8.470858]},"faces":{"east":{"uv":[3.25,8.5,3.6875,9.0625],"rotation":0,"texture":"#0","tintindex":0},"south":{"uv":[3.75,8.5,4.1875,9.0625],"rotation":0,"texture":"#0","tintindex":0},"north":{"uv":[2.75,8.5,3.1875,9.0625],"rotation":0,"texture":"#0","tintindex":0},"west":{"uv":[4.25,8.5,4.6875,9.0625],"rotation":0,"texture":"#0","tintindex":0},"up":{"uv":[9.8125,4.4375,9.375,4.0],"rotation":0,"texture":"#0","tintindex":0},"down":{"uv":[9.8125,4.5,9.375,4.9375],"rotation":0,"texture":"#0","tintindex":0}}},{"from":[8.459102,5.8676567,6.200022],"to":[11.599856,11.529081,9.340776],"rotation":{"angle":22.5,"axis":"y","origin":[10.029479,8.242369,7.7703996]},"faces":{"east":{"uv":[5.875,3.5,6.3125,4.3125],"rotation":0,"texture":"#0","tintindex":0},"south":{"uv":[6.0,0.0,6.4375,0.8125],"rotation":0,"texture":"#0","tintindex":0},"north":{"uv":[5.875,2.625,6.3125,3.4375],"rotation":0,"texture":"#0","tintindex":0},"west":{"uv":[2.5,6.125,2.9375,6.9375],"rotation":0,"texture":"#0","tintindex":0},"up":{"uv":[5.5625,9.8125,5.125,9.375],"rotation":0,"texture":"#0","tintindex":0},"down":{"uv":[6.0625,9.375,5.625,9.8125],"rotation":0,"texture":"#0","tintindex":0}}},{"from":[4.4732866,5.8676567,7.6443663],"to":[7.614041,10.660509,10.350835],"rotation":{"angle":0.0,"axis":"y","origin":[7.428571,8.0,7.428571]},"faces":{"east":{"uv":[7.875,4.0,8.25,4.6875],"rotation":0,"texture":"#0","tintindex":0},"south":{"uv":[7.375,4.25,7.8125,4.9375],"rotation":0,"texture":"#0","tintindex":0},"north":{"uv":[1.875,7.25,2.3125,7.9375],"rotation":0,"texture":"#0","tintindex":0},"west":{"uv":[0.5,8.0,0.875,8.6875],"rotation":0,"texture":"#0","tintindex":0},"up":{"uv":[4.4375,10.375,4.0,10.0],"rotation":0,"texture":"#0","tintindex":0},"down":{"uv":[4.9375,10.0,4.5,10.375],"rotation":0,"texture":"#0","tintindex":0}}},{"from":[5.3199763,5.711314,4.8873434],"to":[8.460731,8.749652,8.028098],"rotation":{"angle":45.0,"axis":"y","origin":[7.428571,8.0,7.428571]},"faces":{"east":{"uv":[2.0,9.5,2.4375,9.9375],