{"textures":{"0":"modelengine:entity/frost_queen_phase_1"},"elements":[{"from":[6.702422,6.788343,5.7181935],"to":[8.453463,9.046629,7.4692335],"rotation":{"angle":22.5,"axis":"y","origin":[6.5371428,8.0,7.776]},"faces":{"east":{"uv":[11.125,6.875,11.375,7.1875],"rotation":0,"texture":"#0","tintindex":0},"south":{"uv":[11.125,9.75,11.375,10.0625],"rotation":0,"texture":"#0","tintindex":0},"north":{"uv":[10.125,11.0,10.375,11.3125],"rotation":0,"texture":"#0","tintindex":0},"west":{"uv":[11.125,10.125,11.375,10.4375],"rotation":0,"texture":"#0","tintindex":0},"up":{"uv":[2.375,8.25,2.125,8.0],"rotation":0,"texture":"#0","tintindex":0},"down":{"uv":[8.25,2.125,8.0,2.375],"rotation":0,"texture":"#0","tintindex":0}}},{"from":[5.736887,6.632,6.7166395],"to":[7.487927,9.359314,8.467679],"rotation":{"angle":-22.5,"axis":"y","origin":[6.5371428,8.0,7.776]},"faces":{"east":{"uv":[9.875,10.875,10.125,11.25],"rotation":0,"texture":"#0","tintindex":0},"south":{"uv":[11.0,0.0,11.25,0.375],"rotation":0,"texture":"#0","tintindex":0},"north":{"uv":[2.5,8.75,2.75,9.125],"rotation":0,"texture":"#0","tintindex":0},"west":{"uv":[0.375,11.0,0.625,11.375],"rotation":0,"texture":"#0","tintindex":0},"up":{"uv":[8.5,4.75,8.25,4.5],"rotation":0,"texture":"#0","tintindex":0},"down":{"uv":[2.125,8.5,1.875,8.75],"rotation":0,"texture":"#0","tintindex":0}}},{"from":[5.1115155,6.632,6.4039536],"to":[6.8625555,8.8902855,8.154994],"rotation":{"angle":-22.5,"axis":"y","origin":[6.5371428,8.0,7.776]},"faces":{"east":{"uv":[11.125,10.875,11.375,11.1875],"rotation":0,"texture":"#0","tintindex":0},"south":{"uv":[0.0,11.25,0.25,11.5625],"rotation":0,"texture":"#0","tintindex":0},"north":{"uv":[11.125,10.5,11.375,10.8125],"rotation":0,"texture":"#0","tintindex":0},"west":{"uv":[11.25,0.0,11.5,0.3125],"rotation":0,"texture":"#0","tintindex":0},"up":{"uv":[8.75,7.5,8.5,7.25],"rotation":0,"texture":"#0","tintindex":0},"down":{"uv":[7.375,8.625,7.125,8.875],"rotation":0,"texture":"#0","tintindex":0}}},{"from":[4.9503565,6.632,7.9030704],"to":[6.7013965,8.8902855,9.654111],"rotation":{"angle":0.0,"axis":"y","origin":[6.5371428,8.0,7.776]},"faces":{"east":{"uv":[0.875,11.25,1.125,11.5625],"rotation":0,"texture":"#0","tintindex":0},"south":{"uv":[11.25,0.875,11.5,1.1875],"rotation":0,"texture":"#0","tintindex":0},"north":{"uv":[0.625,11.25,0.875,11.5625],"rotation":0,"texture":"#0","tintindex":0},"west":{"uv":[1.125,11.25,1.375,11.5625],"rotation":0,"texture":"#0","tintindex":0},"up":{"uv":[7.125,9.25,6.875,9.0],"rotation":0,"texture":"#0","tintindex":0},"down":{"uv":[10.125,3.375,9.875,3.625],"rotation":0,"texture":"#0","tintindex":0}}},{"from":[8.053927,6.632,9.348889],"to":[9.804968,8.8902855,11.09993],"rotation":{"angle":22.5,"axis":"y","origin":[7.926857,8.0,9.513143]},"faces":{"east":{"uv":[1.375,11.25,1.625,11.5625],"rotation":0,"texture":"#0","tintindex":0},"south":{"uv":[1.625,11.25,1.875,11.5625],"rotation":0,"texture":"#0","tintindex":0},"north":{"uv":[11.25,1.25,11.5,1.5625],"rotation":0,"texture":"#0","tintindex":0},"west":{"uv":[11.25,1.625,11.5,1.9375],"rotation":0,"texture":"#0","tintindex":0},"up":{"uv":[10.125,5.0,9.875,4.75],"rotation":0,"texture":"#0","tintindex":0},"down":{"uv":[6.125,9.875,5.875,10.125],"rotation":0,"texture":"#0","tintindex":0}}},{"from":[6.5548105,6.632,9.187731],"to":[8.305851,8.8902855,10.93877],"rotation":{"angle":0.0,"axis":"y","origin":[7.926857,8.0,9.513143]},"faces":{"east":{"uv":[2.125,11.25,2.375,11.5625],"rotation":0,"texture":"#0","tintindex":0},"south":{"uv":[2.375,11.25,2.625,11.5625],"rotation":0,"texture":"#0","tintindex":0},"north":{"uv":[11.25,2.0,11.5,2.3125],"rotation":0,"texture":"#0","tintindex":0},"west":{"uv":[2.625,11.25,2.875,11.5625],"rotation":0,"texture":"#0","tintindex":0},"up":{"uv":[10.75,2.875,10.5,2.625],"rotation":0,"texture":"#0","tintindex":0},"down":{"uv":[3.875,11.25,3.625,11.5],"rotation":0,"texture":"#0","tintindex":0}}},{"from":[6.8674965,6.632,8.562359],"to":[8.618536,9.359314,10.313399],"rotation":{"angle":0.0,"axis":"y","origin":[7.926857,8.0,9.513143]},"faces":{"east":{"uv":[11.0,1.25,11.25,1.625],"rotation":0,"texture":"#0","tintindex":0},"south":{"uv":[11.0,1.625,11.25,2.0],"rotation":0,"texture":"#0","tintindex":0},"north":{"uv":[11.0,0.875,11.25,1.25],"rotation":0,"texture":"#0","tintindex":0},"west":{"uv":[1.875,11.0,2.125,11.375],"rotation":0,"texture":"#0","tintindex":0},"up":{"uv":[11.5,3.875,11.25,3.625],"rotation":0,"texture":"#0","tintindex":0},"down":{"uv":[11.5,3.875,11.25,4.125],"rotation":0,"texture":"#0","tintindex":0}}},{"from":[6.0105376,6.788343,9.819909],"to":[7.761578,9.046629,11.57095],"rotation":{"angle":-45.0,"axis":"y","origin":[7.926857,8.0,9.513143]},"faces":{"east":{"uv":[3.125,11.25,3.375,11.5625],"rotation":0,"texture":"#0","tintindex":0},"south":{"uv":[11.25,3.25,11.5,3.5625],"rotation":0,"texture":"#0","tintindex":0},"north":{"uv":[2.875,11.25,3.125,11.5625],"rotation":0,"texture":"#0","tintindex":0},"west":{"uv":[3.375,11.25,3.625,11.5625],"rotation":0,"texture":"#0","tintindex":0},"up":{"uv":[11.5,4.375,11.25,4.125],"rotation":0,"texture":"#0","tintindex":0},"down":{"uv":[11.5,4.375,11.25,4.625],"rotation":0,"texture":"#0","tintindex":0}}},{"from":[8.978603,6.632,5.550461],"to":[10.729644,11.148572,7.301501],"rotation":{"angle":45.0,"axis":"y","origin":[9.142858,8.0,7.428571]},"faces":{"east":{"uv":[6.25,10.125,6.5,10.75],"rotation":0,"texture":"#0","tintindex":0},"south":{"uv":[10.125,6.625,10.375,7.25],"rotation":0,"texture":"#0","tintindex":0},"north":{"uv":[5.0,6.25,5.25,6.875],"rotation":0,"texture":"#0","tintindex":0},"west":{"uv":[10.125,7.25,10.375,7.875],"rotation":0,"texture":"#0","tintindex":0},"up":{"uv":[11.5,4.875,11.25,4.625],"rotation":0,"texture":"#0","tintindex":0},"down":{"uv":[11.5,4.875,11.25,5.125],"rotation":0,"texture":"#0","tintindex":0}}},{"from":[8.817445,6.632,7.0495777],"to":[10.568484,11.148572,8.800618],"rotation":{"angle":22.5,"axis":"y","origin":[9.142858,8.0,7.428571]},"faces":{"east":{"uv":[10.125,7.875,10.375,8.5],"rotation":0,"texture":"#0","tintindex":0},"south":{"uv":[8.0,10.125,8.25,10.75],"rotation":0,"texture":"#0","tintindex":0},"north":{"uv":[7.75,10.125,8.0,10.75],"rotation":0,"texture":"#0","tintindex":0},"west":{"uv":[8.25,10.125,8.5,10.75],"rotation":0,"texture":"#0","tintindex":0},"up":{"uv":[5.875,11.5,5.625,11.25],"rotation":0,"texture":"#0","tintindex":0},"down":{"uv":[11.5,5.625,11.25,5.875],"rotation":0,"texture":"#0","tintindex":0}}}],"display":{"head":{"translation":[0.0,-6.4,0.0],"scale":[4.0,4.0,4.0]}}}