{"textures":{"0":"modelengine:entity/frost_queen_phase_1"},"elements":[{"from":[6.0457144,8.920348,4.504304],"to":[9.954286,12.611776,6.0243044],"rotation":{"angle":0.0,"axis":"y","origin":[8.0,8.268919,3.4185896]},"faces":{"east":{"uv":[7.875,10.75,8.0625,11.3125],"rotation":0,"texture":"#0","tintindex":0},"south":{"uv":[5.625,6.875,6.1875,7.4375],"rotation":0,"texture":"#0","tintindex":0},"north":{"uv":[5.0,6.875,5.5625,7.4375],"rotation":0,"texture":"#0","tintindex":0},"west":{"uv":[10.75,7.875,10.9375,8.4375],"rotation":0,"texture":"#0","tintindex":0},"up":{"uv":[3.0625,1.1875,2.5,1.0],"rotation":0,"texture":"#0","tintindex":0},"down":{"uv":[11.3125,3.0,10.75,3.1875],"rotation":0,"texture":"#0","tintindex":0}}},{"from":[5.937143,8.920348,3.9614472],"to":[7.8914285,12.959206,5.6985903],"rotation":{"angle":-22.5,"axis":"y","origin":[7.8914285,10.223206,4.93859]},"faces":{"east":{"uv":[2.25,10.375,2.5,10.9375],"rotation":0,"texture":"#0","tintindex":0},"south":{"uv":[7.0,9.75,7.3125,10.3125],"rotation":0,"texture":"#0","tintindex":0},"north":{"uv":[6.625,9.75,6.9375,10.3125],"rotation":0,"texture":"#0","tintindex":0},"west":{"uv":[2.5,10.375,2.75,10.9375],"rotation":0,"texture":"#0","tintindex":0},"up":{"uv":[11.4375,0.625,11.125,0.375],"rotation":0,"texture":"#0","tintindex":0},"down":{"uv":[11.4375,0.625,11.125,0.875],"rotation":0,"texture":"#0","tintindex":0}}},{"from":[6.9142857,8.920348,3.1145902],"to":[9.085714,12.394634,5.937447],"rotation":{"angle":0.0,"axis":"y","origin":[8.0,8.268919,3.4185896]},"faces":{"east":{"uv":[9.75,6.0,10.125,6.5],"rotation":0,"texture":"#0","tintindex":0},"south":{"uv":[10.125,4.875,10.4375,5.375],"rotation":0,"texture":"#0","tintindex":0},"north":{"uv":[10.125,4.375,10.4375,4.875],"rotation":0,"texture":"#0","tintindex":0},"west":{"uv":[9.75,6.5,10.125,7.0],"rotation":0,"texture":"#0","tintindex":0},"up":{"uv":[11.0625,0.875,10.75,0.5],"rotation":0,"texture":"#0","tintindex":0},"down":{"uv":[11.0625,2.625,10.75,3.0],"rotation":0,"texture":"#0","tintindex":0}}},{"from":[8.108571,8.920348,3.9614472],"to":[10.062857,12.959206,5.6985903],"rotation":{"angle":22.5,"axis":"y","origin":[8.108571,10.223206,4.93859]},"faces":{"east":{"uv":[2.75,10.375,3.0,10.9375],"rotation":0,"texture":"#0","tintindex":0},"south":{"uv":[7.375,9.75,7.6875,10.3125],"rotation":0,"texture":"#0","tintindex":0},"north":{"uv":[9.75,7.0,10.0625,7.5625],"rotation":0,"texture":"#0","tintindex":0},"west":{"uv":[3.0,10.375,3.25,10.9375],"rotation":0,"texture":"#0","tintindex":0},"up":{"uv":[11.4375,2.75,11.125,2.5],"rotation":0,"texture":"#0","tintindex":0},"down":{"uv":[11.4375,2.75,11.125,3.0],"rotation":0,"texture":"#0","tintindex":0}}},{"from":[6.6971426,11.526062,2.897447],"to":[7.5657144,11.743205,3.3317327],"rotation":{"angle":-22.5,"axis":"z","origin":[7.5657144,11.851776,2.463161]},"faces":{"east":{"uv":[3.375,6.875,3.4375,6.9375],"rotation":0,"texture":"#0","tintindex":0},"south":{"uv":[4.625,4.375,4.75,4.4375],"rotation":0,"texture":"#0","tintindex":0},"north":{"uv":[3.625,3.375,3.75,3.4375],"rotation":0,"texture":"#0","tintindex":0},"west":{"uv":[7.375,6.25,7.4375,6.3125],"rotation":0,"texture":"#0","tintindex":0},"up":{"uv":[5.375,1.9375,5.25,1.875],"rotation":0,"texture":"#0","tintindex":0},"down":{"uv":[6.25,5.25,6.125,5.3125],"rotation":0,"texture":"#0","tintindex":0}}},{"from":[8.434286,11.526062,2.897447],"to":[9.302857,11.743205,3.3317327],"rotation":{"angle":22.5,"axis":"z","origin":[8.434286,11.851776,2.463161]},"faces":{"east":{"uv":[7.5,3.625,7.5625,3.6875],"rotation":0,"texture":"#0","tintindex":0},"south":{"uv":[6.375,4.25,6.5,4.3125],"rotation":0,"texture":"#0","tintindex":0},"north":{"uv":[6.25,1.75,6.375,1.8125],"rotation":0,"texture":"#0","tintindex":0},"west":{"uv":[5.875,7.5,5.9375,7.5625],"rotation":0,"texture":"#0","tintindex":0},"up":{"uv":[6.625,0.8125,6.5,0.75],"rotation":0,"texture":"#0","tintindex":0},"down":{"uv":[6.875,6.375,6.75,6.4375],"rotation":0,"texture":"#0","tintindex":0}}},{"from":[8.644071,8.920348,5.332918],"to":[10.598357,12.959206,7.070061],"rotation":{"angle":-22.5,"axis":"y","origin":[8.969786,10.722633,4.464347]},"faces":{"east":{"uv":[3.25,10.375,3.5,10.9375],"rotation":0,"texture":"#0","tintindex":0},"south":{"uv":[0.375,9.875,0.6875,10.4375],"rotation":0,"texture":"#0","tintindex":0},"north":{"uv":[0.0,9.875,0.3125,10.4375],"rotation":0,"texture":"#0","tintindex":0},"west":{"uv":[3.5,10.375,3.75,10.9375],"rotation":0,"texture":"#0","tintindex":0},"up":{"uv":[5.3125,11.375,5.0,11.125],"rotation":0,"texture":"#0","tintindex":0},"down":{"uv":[6.4375,11.125,6.125,11.375],"rotation":0,"texture":"#0","tintindex":0}}},{"from":[5.401643,8.920348,5.332918],"to":[7.355929,12.959206,7.070061],"rotation":{"angle":22.5,"axis":"y","origin":[7.030215,10.722633,4.464347]},"faces":{"east":{"uv":[3.75,10.375,4.0,10.9375],"rotation":0,"texture":"#0","tintindex":0},"south":{"uv":[9.875,2.375,10.1875,2.9375],"rotation":0,"texture":"#0","tintindex":0},"north":{"uv":[9.875,1.75,10.1875,2.3125],"rotation":0,"texture":"#0","tintindex":0},"west":{"uv":[4.0,10.375,4.25,10.9375],"rotation":0,"texture":"#0","tintindex":0},"up":{"uv":[6.8125,11.375,6.5,11.125],"rotation":0,"texture":"#0","tintindex":0},"down":{"uv":[11.4375,6.625,11.125,6.875],"rotation":0,"texture":"#0","tintindex":0}}},{"from":[6.9142857,8.920348,6.588876],"to":[9.085714,12.394634,7.67459],"rotation":{"angle":0.0,"axis":"y","origin":[8.0,8.268919,3.4185896]},"faces":{"east":{"uv":[4.625,3.875,4.75,4.375],"rotation":0,"texture":"#0","tintindex":0},"south":{"uv":[10.125,6.125,10.4375,6.625],"rotation":0,"texture":"#0","tintindex":0},"north":{"uv":[5.875,10.125,6.1875,10.625],"rotation":0,"texture":"#0","tintindex":0},"west":{"uv":[6.375,3.75,6.5,4.25],"rotation":0,"texture":"#0","tintindex":0},"up":{"uv":[5.1875,2.0,4.875,1.875],"rotation":0,"texture":"#0","tintindex":0},"down":{"uv":[3.3125,6.875,3.0,7.0],"rotation":0,"texture":"#0","tintindex":0}}},{"from":[5.902857,12.537491,3.3317327],"to":[10.097143,12.971777,7.457447],"rotation":{"angle":0.0,"axis":"y","origin":[8.0,8.268919,3.4185896]},"faces":{"east":{"uv":[11.25,2.375,11.8125,2.4375],"rotation":0,"texture":"#0","tintindex":0},"south":{"uv":[11.125,11.25,11.6875,11.3125],"rotation":0,"texture":"#0","tintindex":0},"north":{"uv":[11.0,8.375,11.5625,8.4375],"rotation":0,"texture":"#0","tintindex":0},"west":{"uv":[11.375,3.0,11.9375,3.0625],"rotation":0,"texture":"#0","tintindex":0},"up":{"uv":[7.5625,0.5625,7.0,0.0],"rotation":0,"texture":"#0","tintindex":0},"down":{"uv":[1.1875,7.0,0.625,7.5625],"rotation":0,"texture":"#0","tintindex":0}}},{"from":[6.9142857,11.437927,3.345572],"to":[9.085714,14.260784,3.345572],"rotation":{"angle":0.0,"axis":"y","origin":[8.0,13.98134,3.5067759]},"faces":{"east":{"uv":[0.0,0.0,0.0,0.4375],"rotation":0,"texture":"#0","tintindex":0},"south":{"uv":[10.8125,3.75,10.5,4.1875],"rotation":0,"texture":"#0","tintindex":0},"north":{"uv":[10.8125,3.75,10.5,4.1875],"rotation":0,"texture":"#0","tintindex":0},"west":{"uv":[0.0,0.0,0.0,0.4375],"rotation":0,"texture":"#0","tintindex":0},"up":{"uv":[0.3125,0.0,0.0,0.0],"rotation":0,"texture":"#0","tintindex":0},"down":{"uv":[0.3125,0.0,0.0,0.0],"rotation":0,"texture":"#0","tintindex":0}}},{"from":[6.342857,12.29507,5.345572],"to":[9.657143,16.546497,5.345572],"rotation":{"angle":0.0,"axis":"y","origin":[8.0,13.98134,3.5067759]},"faces":{"east":{"uv":[0.0,0.0,0.0,0.4375],"rotation":0,"texture":"#0","tintindex":0},"south":{"uv":[15.546875,5.8125,13.9375,6.828125],"rotation":0,"texture":"#0","tintindex":0},"north":{"uv":[13.9375,5.8125,15.546875,6.828125],"rotation":0,"texture":"#0","tintindex":0},"west":{"uv":[0.0,0.0,0.0,0.4375],"rotation":0,"texture":"#0","tintindex":0},"up":{"uv":[0.3125,0.0,0.0,0.0],"rotation":0,"texture":"#0","tintindex":0},"down":{"uv":[0.3125,0.0,0.0,0.0],"rotation":0,"texture":"#0","tintindex":0}}},{"from":[6.9142857,14.111707,3.2225165],"to":[9.085714,16.065992,3.2225165],"rotation":{"angle":22.5,