{"textures":{"0":"modelengine:entity/frost_queen_phase_1"},"elements":[{"from":[9.58696,6.032716,5.539315],"to":[13.929817,9.289859,7.493601],"rotation":{"angle":0.0,"axis":"y","origin":[6.3298163,5.5869207,6.988126]},"faces":{"east":{"uv":[10.0,9.375,10.3125,9.875],"rotation":0,"texture":"#0","tintindex":0},"south":{"uv":[3.75,7.0,4.375,7.5],"rotation":0,"texture":"#0","tintindex":0},"north":{"uv":[3.125,7.0,3.75,7.5],"rotation":0,"texture":"#0","tintindex":0},"west":{"uv":[10.125,1.125,10.4375,1.625],"rotation":0,"texture":"#0","tintindex":0},"up":{"uv":[2.625,9.4375,2.0,9.125],"rotation":0,"texture":"#0","tintindex":0},"down":{"uv":[3.25,9.125,2.625,9.4375],"rotation":0,"texture":"#0","tintindex":0}}},{"from":[9.152674,6.249859,6.625029],"to":[13.495531,9.072716,8.796458],"rotation":{"angle":22.5,"axis":"y","origin":[11.7583885,7.769859,6.4078865]},"faces":{"east":{"uv":[10.375,7.875,10.6875,8.3125],"rotation":0,"texture":"#0","tintindex":0},"south":{"uv":[7.5,3.125,8.125,3.5625],"rotation":0,"texture":"#0","tintindex":0},"north":{"uv":[2.75,7.5,3.375,7.9375],"rotation":0,"texture":"#0","tintindex":0},"west":{"uv":[10.375,8.375,10.6875,8.8125],"rotation":0,"texture":"#0","tintindex":0},"up":{"uv":[3.875,9.4375,3.25,9.125],"rotation":0,"texture":"#0","tintindex":0},"down":{"uv":[4.5,9.125,3.875,9.4375],"rotation":0,"texture":"#0","tintindex":0}}}],"display":{"head":{"translation":[0.0,-6.4,0.0],"scale":[4.0,4.0,4.0]}}}