{"textures":{"0":"modelengine:entity/frost_queen_phase_1"},"elements":[{"from":[6.805714,6.9228263,6.76114],"to":[9.194285,8.985683,8.606854],"rotation":{"angle":0.0,"axis":"y","origin":[8.0,7.519969,7.0325685]},"faces":{"east":{"uv":[11.0,5.625,11.25,5.9375],"rotation":0,"texture":"#0","tintindex":0},"south":{"uv":[10.625,5.625,11.0,5.9375],"rotation":0,"texture":"#0","tintindex":0},"north":{"uv":[10.625,5.25,11.0,5.5625],"rotation":0,"texture":"#0","tintindex":0},"west":{"uv":[8.125,11.0,8.375,11.3125],"rotation":0,"texture":"#0","tintindex":0},"up":{"uv":[2.25,4.25,1.875,4.0],"rotation":0,"texture":"#0","tintindex":0},"down":{"uv":[1.875,4.625,1.5,4.875],"rotation":0,"texture":"#0","tintindex":0}}},{"from":[6.5885715,3.6656833,6.109711],"to":[9.411428,7.4656835,8.823997],"rotation":{"angle":-22.5,"axis":"x","origin":[8.0,7.9542546,7.683997]},"faces":{"east":{"uv":[6.125,8.875,6.5,9.4375],"rotation":0,"texture":"#0","tintindex":0},"south":{"uv":[8.125,5.75,8.5625,6.3125],"rotation":0,"texture":"#0","tintindex":0},"north":{"uv":[8.125,0.0,8.5625,0.5625],"rotation":0,"texture":"#0","tintindex":0},"west":{"uv":[9.0,0.75,9.375,1.3125],"rotation":0,"texture":"#0","tintindex":0},"up":{"uv":[10.1875,9.375,9.75,9.0],"rotation":0,"texture":"#0","tintindex":0},"down":{"uv":[10.3125,0.0,9.875,0.375],"rotation":0,"texture":"#0","tintindex":0}}}],"display":{"head":{"translation":[0.0,-6.4,0.0],"scale":[4.0,4.0,4.0]}}}