{"textures":{"0":"modelengine:entity/frost_queen_phase_3"},"elements":[{"from":[7.6365247,5.4608903,7.557534],"to":[7.6365247,7.9950113,8.402242],"rotation":{"angle":45.0,"axis":"y","origin":[7.6365247,7.2106404,7.939664]},"faces":{"east":{"uv":[12.5,0.6875,12.8125,1.9375],"rotation":0,"texture":"#0","tintindex":0},"south":{"uv":[10.5,7.5,10.75,7.6875],"rotation":0,"texture":"#0","tintindex":0},"north":{"uv":[7.0,10.75,7.25,10.9375],"rotation":0,"texture":"#0","tintindex":0},"west":{"uv":[12.5,0.6875,12.8125,1.9375],"rotation":0,"texture":"#0","tintindex":0},"up":{"uv":[12.0625,0.5,11.75,0.25],"rotation":90,"texture":"#0","tintindex":0},"down":{"uv":[12.0625,0.5,11.75,0.75],"rotation":270,"texture":"#0","tintindex":0}}},{"from":[7.2141714,5.9435797,7.939664],"to":[8.058878,8.477701,7.939664],"rotation":{"angle":0.0,"axis":"y","origin":[9.285714,10.428572,8.0]},"faces":{"east":{"uv":[10.5,7.5,10.75,7.6875],"rotation":0,"texture":"#0","tintindex":0},"south":{"uv":[12.5,0.75,12.8125,1.9375],"rotation":0,"texture":"#0","tintindex":0},"north":{"uv":[12.5,0.6875,12.8125,1.9375],"rotation":0,"texture":"#0","tintindex":0},"west":{"uv":[7.0,10.75,7.25,10.9375],"rotation":0,"texture":"#0","tintindex":0},"up":{"uv":[12.0625,0.5,11.75,0.25],"rotation":0,"texture":"#0","tintindex":0},"down":{"uv":[12.0625,0.5,11.75,0.75],"rotation":0,"texture":"#0","tintindex":0}}}],"display":{"head":{"translation":[0.0,-6.4,0.0],"scale":[4.0,4.0,4.0]}}}