{"textures":{"0":"modelengine:entity/frost_queen_phase_3"},"elements":[{"from":[7.0880213,7.4534206,7.437245],"to":[7.7316074,8.257904,8.3624],"rotation":{"angle":0.0,"axis":"y","origin":[15.81666,9.821146,7.624302]},"faces":{"east":{"uv":[11.5,11.0,11.8125,11.25],"rotation":0,"texture":"#0","tintindex":0},"south":{"uv":[5.75,1.5,5.9375,1.75],"rotation":0,"texture":"#0","tintindex":0},"north":{"uv":[1.0,5.0,1.1875,5.25],"rotation":0,"texture":"#0","tintindex":0},"west":{"uv":[11.5,11.25,11.8125,11.5],"rotation":0,"texture":"#0","tintindex":0},"up":{"uv":[8.1875,9.8125,8.0,9.5],"rotation":0,"texture":"#0","tintindex":0},"down":{"uv":[3.6875,10.25,3.5,10.5625],"rotation":0,"texture":"#0","tintindex":0}}},{"from":[5.881297,7.6545415,7.236124],"to":[7.329366,8.338352,8.56352],"rotation":{"angle":0.0,"axis":"y","origin":[15.81666,9.620026,7.624302]},"faces":{"east":{"uv":[11.5,9.75,11.9375,9.9375],"rotation":0,"texture":"#0","tintindex":0},"south":{"uv":[10.0,11.5,10.4375,11.6875],"rotation":0,"texture":"#0","tintindex":0},"north":{"uv":[11.5,9.5,11.9375,9.6875],"rotation":0,"texture":"#0","tintindex":0},"west":{"uv":[11.5,10.0,11.9375,10.1875],"rotation":0,"texture":"#0","tintindex":0},"up":{"uv":[10.9375,11.1875,10.5,10.75],"rotation":0,"texture":"#0","tintindex":0},"down":{"uv":[0.4375,11.0,0.0,11.4375],"rotation":0,"texture":"#0","tintindex":0}}},{"from":[5.3702097,7.1906443,7.3165727],"to":[6.214917,7.7940063,7.5579176],"rotation":{"angle":45.0,"axis":"z","origin":[5.4908824,7.6934457,7.9098787]},"faces":{"east":{"uv":[0.25,12.0,0.3125,12.1875],"rotation":0,"texture":"#0","tintindex":0},"south":{"uv":[0.75,6.0,1.0,6.1875],"rotation":0,"texture":"#0","tintindex":0},"north":{"uv":[3.0,5.75,3.25,5.9375],"rotation":0,"texture":"#0","tintindex":0},"west":{"uv":[0.5,12.0,0.5625,12.1875],"rotation":0,"texture":"#0","tintindex":0},"up":{"uv":[12.0,8.3125,11.75,8.25],"rotation":0,"texture":"#0","tintindex":0},"down":{"uv":[8.75,11.75,8.5,11.8125],"rotation":0,"texture":"#0","tintindex":0}}},{"from":[5.3702097,7.1906443,7.6383657],"to":[6.214917,7.7940063,7.8797107],"rotation":{"angle":45.0,"axis":"z","origin":[5.4908824,7.6934457,7.9098787]},"faces":{"east":{"uv":[0.75,12.0,0.8125,12.1875],"rotation":0,"texture":"#0","tintindex":0},"south":{"uv":[7.5,3.25,7.75,3.4375],"rotation":0,"texture":"#0","tintindex":0},"north":{"uv":[7.25,6.5,7.5,6.6875],"rotation":0,"texture":"#0","tintindex":0},"west":{"uv":[1.0,12.0,1.0625,12.1875],"rotation":0,"texture":"#0","tintindex":0},"up":{"uv":[12.0,8.5625,11.75,8.5],"rotation":0,"texture":"#0","tintindex":0},"down":{"uv":[9.0,11.75,8.75,11.8125],"rotation":0,"texture":"#0","tintindex":0}}},{"from":[5.3702097,7.1906443,7.960159],"to":[6.214917,7.7940063,8.201504],"rotation":{"angle":45.0,"axis":"z","origin":[5.4908824,7.6934457,7.9098787]},"faces":{"east":{"uv":[1.25,12.0,1.3125,12.1875],"rotation":0,"texture":"#0","tintindex":0},"south":{"uv":[8.75,7.25,9.0,7.4375],"rotation":0,"texture":"#0","tintindex":0},"north":{"uv":[7.75,4.75,8.0,4.9375],"rotation":0,"texture":"#0","tintindex":0},"west":{"uv":[1.5,12.0,1.5625,12.1875],"rotation":0,"texture":"#0","tintindex":0},"up":{"uv":[9.25,11.8125,9.0,11.75],"rotation":0,"texture":"#0","tintindex":0},"down":{"uv":[9.5,11.75,9.25,11.8125],"rotation":0,"texture":"#0","tintindex":0}}},{"from":[5.3702097,7.1906443,8.281952],"to":[6.214917,7.7940063,8.483072],"rotation":{"angle":45.0,"axis":"z","origin":[5.4908824,7.6934457,7.9098787]},"faces":{"east":{"uv":[1.75,12.0,1.8125,12.1875],"rotation":0,"texture":"#0","tintindex":0},"south":{"uv":[9.25,6.25,9.5,6.4375],"rotation":0,"texture":"#0","tintindex":0},"north":{"uv":[9.25,2.25,9.5,2.4375],"rotation":0,"texture":"#0","tintindex":0},"west":{"uv":[12.0,1.75,12.0625,1.9375],"rotation":0,"texture":"#0","tintindex":0},"up":{"uv":[12.0,9.3125,11.75,9.25],"rotation":0,"texture":"#0","tintindex":0},"down":{"uv":[9.75,11.75,9.5,11.8125],"rotation":0,"texture":"#0","tintindex":0}}},{"from":[6.1344686,7.753782,7.0752277],"to":[6.4562616,7.9951267,7.718814],"rotation":{"angle":22.5,"axis":"y","origin":[5.4908824,7.6934457,6.7936587]},"faces":{"east":{"uv":[2.0,12.0,2.1875,12.0625],"rotation":0,"texture":"#0","tintindex":0},"south":{"uv":[12.0,5.75,12.125,5.8125],"rotation":0,"texture":"#0","tintindex":0},"north":{"uv":[5.75,12.0,5.875,12.0625],"rotation":0,"texture":"#0","tintindex":0},"west":{"uv":[12.0,2.0,12.1875,2.0625],"rotation":0,"texture":"#0","tintindex":0},"up":{"uv":[6.375,11.9375,6.25,11.75],"rotation":0,"texture":"#0","tintindex":0},"down":{"uv":[11.875,6.25,11.75,6.4375],"rotation":0,"texture":"#0","tintindex":0}}},{"from":[5.3436155,6.9399576,8.281952],"to":[5.7458563,7.7846646,8.483072],"rotation":{"angle":22.5,"axis":"z","origin":[5.846417,7.7645526,7.9098787]},"faces":{"east":{"uv":[10.25,11.75,10.3125,12.0],"rotation":0,"texture":"#0","tintindex":0},"south":{"uv":[11.75,4.75,11.875,5.0],"rotation":0,"texture":"#0","tintindex":0},"north":{"uv":[11.75,4.5,11.875,4.75],"rotation":0,"texture":"#0","tintindex":0},"west":{"uv":[10.5,11.75,10.5625,12.0],"rotation":0,"texture":"#0","tintindex":0},"up":{"uv":[12.125,7.5625,12.0,7.5],"rotation":0,"texture":"#0","tintindex":0},"down":{"uv":[12.125,7.75,12.0,7.8125],"rotation":0,"texture":"#0","tintindex":0}}},{"from":[5.3436155,6.9399576,7.960159],"to":[5.7458563,7.7846646,8.201504],"rotation":{"angle":22.5,"axis":"z","origin":[5.846417,7.7645526,7.9098787]},"faces":{"east":{"uv":[10.75,11.75,10.8125,12.0],"rotation":0,"texture":"#0","tintindex":0},"south":{"uv":[5.25,11.75,5.375,12.0],"rotation":0,"texture":"#0","tintindex":0},"north":{"uv":[5.0,11.75,5.125,12.0],"rotation":0,"texture":"#0","tintindex":0},"west":{"uv":[11.0,11.75,11.0625,12.0],"rotation":0,"texture":"#0","tintindex":0},"up":{"uv":[12.125,8.0625,12.0,8.0],"rotation":0,"texture":"#0","tintindex":0},"down":{"uv":[12.125,8.25,12.0,8.3125],"rotation":0,"texture":"#0","tintindex":0}}},{"from":[5.3436155,6.9399576,7.6383657],"to":[5.7458563,7.7846646,7.8797107],"rotation":{"angle":22.5,"axis":"z","origin":[5.846417,7.7645526,7.9098787]},"faces":{"east":{"uv":[11.25,11.75,11.3125,12.0],"rotation":0,"texture":"#0","tintindex":0},"south":{"uv":[5.75,11.75,5.875,12.0],"rotation":0,"texture":"#0","tintindex":0},"north":{"uv":[5.5,11.75,5.625,12.0],"rotation":0,"texture":"#0","tintindex":0},"west":{"uv":[11.5,11.75,11.5625,12.0],"rotation":0,"texture":"#0","tintindex":0},"up":{"uv":[8.625,12.0625,8.5,12.0],"rotation":0,"texture":"#0","tintindex":0},"down":{"uv":[12.125,8.5,12.0,8.5625],"rotation":0,"texture":"#0","tintindex":0}}},{"from":[5.3436155,6.9399576,7.3165727],"to":[5.7458563,7.7846646,7.5579176],"rotation":{"angle":22.5,"axis":"z","origin":[5.846417,7.7645526,7.9098787]},"faces":{"east":{"uv":[11.75,11.75,11.8125,12.0],"rotation":0,"texture":"#0","tintindex":0},"south":{"uv":[6.0,11.75,6.125,12.0],"rotation":0,"texture":"#0","tintindex":0},"north":{"uv":[11.75,5.75,11.875,6.0],"rotation":0,"texture":"#0","tintindex":0},"west":{"uv":[0.0,12.0,0.0625,12.25],"rotation":0,"texture":"#0","tintindex":0},"up":{"uv":[8.875,12.0625,8.75,12.0],"rotation":0,"texture":"#0","tintindex":0},"down":{"uv":[12.125,8.75,12.0,8.8125],"rotation":0,"texture":"#0","tintindex":0}}}],"display":{"head":{"translation":[0.0,-6.4,0.0],"scale":[4.0,4.0,4.0]}}}