{"textures":{"0":"modelengine:entity/frost_queen_phase_3"},"elements":[{"from":[5.0314403,7.306586,7.263267],"to":[7.485113,8.51331,8.590664],"rotation":{"angle":0.0,"axis":"y","origin":[13.156717,9.875432,7.651445]},"faces":{"east":{"uv":[11.25,1.0,11.6875,1.375],"rotation":0,"texture":"#0","tintindex":0},"south":{"uv":[10.5,0.5,11.25,0.875],"rotation":0,"texture":"#0","tintindex":0},"north":{"uv":[10.5,0.0,11.25,0.375],"rotation":0,"texture":"#0","tintindex":0},"west":{"uv":[11.25,1.5,11.6875,1.875],"rotation":0,"texture":"#0","tintindex":0},"up":{"uv":[2.25,10.1875,1.5,9.75],"rotation":0,"texture":"#0","tintindex":0},"down":{"uv":[3.0,9.75,2.25,10.1875],"rotation":0,"texture":"#0","tintindex":0}}},{"from":[7.2669415,7.3870344,7.3478875],"to":[8.312769,8.432861,8.474163],"rotation":{"angle":-45.0,"axis":"y","origin":[7.689295,7.909948,7.810465]},"faces":{"east":{"uv":[5.0,11.25,5.375,11.5625],"rotation":0,"texture":"#0","tintindex":0},"south":{"uv":[10.5,11.25,10.8125,11.5625],"rotation":0,"texture":"#0","tintindex":0},"north":{"uv":[9.0,11.25,9.3125,11.5625],"rotation":0,"texture":"#0","tintindex":0},"west":{"uv":[6.0,11.25,6.375,11.5625],"rotation":0,"texture":"#0","tintindex":0},"up":{"uv":[6.8125,11.625,6.5,11.25],"rotation":0,"texture":"#0","tintindex":0},"down":{"uv":[7.8125,11.25,7.5,11.625],"rotation":0,"texture":"#0","tintindex":0}}}],"display":{"head":{"translation":[0.0,-6.4,0.0],"scale":[4.0,4.0,4.0]}}}