{"textures":{"0":"modelengine:entity/blitzcrank"},"elements":[{"from":[7.998857,0.5714283,1.7142854],"to":[7.998857,13.142858,14.285715],"rotation":{"angle":0.0,"axis":"y","origin":[8.571428,-2.8571434,8.0]},"faces":{"east":{"uv":[0.0,7.111111,2.4444444,9.555555],"rotation":0,"texture":"#0","tintindex":0},"south":{"uv":[0.0,0.0,0.0,2.4444444],"rotation":0,"texture":"#0","tintindex":0},"north":{"uv":[0.0,0.0,0.0,2.4444444],"rotation":0,"texture":"#0","tintindex":0},"west":{"uv":[2.4444444,7.111111,0.0,9.555555],"rotation":0,"texture":"#0","tintindex":0},"up":{"uv":[0.0,2.4444444,0.0,0.0],"rotation":0,"texture":"#0","tintindex":0},"down":{"uv":[0.0,0.0,0.0,2.4444444],"rotation":0,"texture":"#0","tintindex":0}}}],"display":{"head":{"translation":[0.0,-6.4,0.0],"scale":[4.0,4.0,4.0]}}}