{"textures":{"0":"modelengine:entity/blitzcrank"},"elements":[{"from":[6.285714,1.1428566,3.4285712],"to":[11.428572,2.8571424,12.0],"rotation":{"angle":0.0,"axis":"y","origin":[13.714286,-8.57143,10.857143]},"faces":{"east":{"uv":[10.555555,13.666667,8.888889,14.0],"rotation":0,"texture":"#0","tintindex":0},"south":{"uv":[15.222222,7.5555553,14.222222,7.888889],"rotation":0,"texture":"#0","tintindex":0},"north":{"uv":[9.222222,4.2222223,8.222222,4.5555553],"rotation":0,"texture":"#0","tintindex":0},"west":{"uv":[6.6666665,13.666667,5.0,14.0],"rotation":0,"texture":"#0","tintindex":0},"up":{"uv":[2.4444444,13.333333,3.4444444,11.666667],"rotation":0,"texture":"#0","tintindex":0},"down":{"uv":[3.4444444,11.666667,4.4444447,13.333333],"rotation":0,"texture":"#0","tintindex":0}}},{"from":[6.857143,2.8571424,5.142857],"to":[10.857143,5.714286,10.285714],"rotation":{"angle":0.0,"axis":"y","origin":[13.714286,-6.8571434,9.142858]},"faces":{"east":{"uv":[14.777778,1.6666666,13.777778,2.2222223],"rotation":0,"texture":"#0","tintindex":0},"south":{"uv":[5.7777777,14.0,5.0,14.555555],"rotation":0,"texture":"#0","tintindex":0},"north":{"uv":[14.777778,3.6666667,14.0,4.2222223],"rotation":0,"texture":"#0","tintindex":0},"west":{"uv":[11.555555,13.666667,10.555555,14.222222],"rotation":0,"texture":"#0","tintindex":0},"up":{"uv":[2.4444444,14.333333,3.2222223,13.333333],"rotation":0,"texture":"#0","tintindex":0},"down":{"uv":[3.2222223,13.333333,4.0,14.333333],"rotation":0,"texture":"#0","tintindex":0}}},{"from":[8.0,5.714286,6.285714],"to":[9.714286,8.571428,9.142858],"rotation":{"angle":0.0,"axis":"y","origin":[13.714286,-4.000001,9.142858]},"faces":{"east":{"uv":[14.777778,8.111111,14.222222,8.666667],"rotation":0,"texture":"#0","tintindex":0},"south":{"uv":[12.555555,2.5555556,12.222222,3.1111112],"rotation":0,"texture":"#0","tintindex":0},"north":{"uv":[11.0,3.2222223,10.666667,3.7777777],"rotation":0,"texture":"#0","tintindex":0},"west":{"uv":[10.555555,1.6666666,10.0,2.2222223],"rotation":0,"texture":"#0","tintindex":0},"up":{"uv":[12.111111,14.888889,12.444445,14.333333],"rotation":0,"texture":"#0","tintindex":0},"down":{"uv":[1.3333334,14.444445,1.6666666,15.0],"rotation":0,"texture":"#0","tintindex":0}}}],"display":{"head":{"translation":[0.0,-6.4,0.0],"scale":[4.0,4.0,4.0]}}}