{"textures":{"0":"modelengine:entity/kraken"},"elements":[{"from":[7.1514287,0.5371423,7.12],"to":[8.594286,8.537143,8.805715],"rotation":{"angle":0.0,"axis":"y","origin":[10.094286,1.9514284,11.962857]},"faces":{"east":{"uv":[0.9375,3.1875,1.125,4.0625],"rotation":0,"texture":"#0","tintindex":0},"south":{"uv":[5.9375,6.4375,6.125,7.3125],"rotation":0,"texture":"#0","tintindex":0},"north":{"uv":[1.125,2.125,1.3125,3.0],"rotation":0,"texture":"#0","tintindex":0},"west":{"uv":[6.125,6.5,6.3125,7.375],"rotation":0,"texture":"#0","tintindex":0},"up":{"uv":[8.25,5.0,8.0625,4.8125],"rotation":0,"texture":"#0","tintindex":0},"down":{"uv":[8.25,5.0,8.0625,5.1875],"rotation":0,"texture":"#0","tintindex":0}}},{"from":[8.208571,0.5371423,8.805715],"to":[8.208571,7.9657145,10.52],"rotation":{"angle":0.0,"axis":"y","origin":[10.094286,1.9514284,11.962857]},"faces":{"east":{"uv":[7.125,0.875,7.3125,1.6875],"rotation":0,"texture":"#0","tintindex":0},"south":{"uv":[0.0,0.0,0.0,0.8125],"rotation":0,"texture":"#0","tintindex":0},"north":{"uv":[0.0,0.0,0.0,0.8125],"rotation":0,"texture":"#0","tintindex":0},"west":{"uv":[1.25,7.125,1.4375,7.9375],"rotation":0,"texture":"#0","tintindex":0},"up":{"uv":[0.0,0.1875,0.0,0.0],"rotation":0,"texture":"#0","tintindex":0},"down":{"uv":[0.0,0.0,0.0,0.1875],"rotation":0,"texture":"#0","tintindex":0}}}],"display":{"head":{"translation":[0.0,-6.4,0.0],"scale":[4.0,4.0,4.0]}}}