{"textures":{"0":"modelengine:entity/elitemobs_craftenmine_sanctum_texture"},"elements":[{"from":[5.3378286,11.428572,6.343543],"to":[10.662171,13.618286,9.984],"rotation":{"angle":0.0,"axis":"y","origin":[8.0,12.418743,8.482743]},"faces":{"east":{"uv":[6.375,1.5,7.15625,1.96875],"rotation":0,"texture":"#0","tintindex":0},"south":{"uv":[4.625,3.0,5.78125,3.46875],"rotation":0,"texture":"#0","tintindex":0},"north":{"uv":[4.625,0.5,5.78125,0.96875],"rotation":0,"texture":"#0","tintindex":0},"west":{"uv":[6.375,2.0,7.15625,2.46875],"rotation":0,"texture":"#0","tintindex":0},"up":{"uv":[1.15625,2.28125,0.0,1.5],"rotation":0,"texture":"#0","tintindex":0},"down":{"uv":[2.40625,1.75,1.25,2.53125],"rotation":0,"texture":"#0","tintindex":0}}},{"from":[5.1821713,8.313909,5.7674637],"to":[10.817829,9.767165,8.242892],"rotation":{"angle":22.5,"axis":"x","origin":[8.0,9.826251,7.005178]},"faces":{"east":{"uv":[8.0,4.25,8.53125,4.5625],"rotation":0,"texture":"#0","tintindex":0},"south":{"uv":[5.875,3.375,7.09375,3.6875],"rotation":0,"texture":"#0","tintindex":0},"north":{"uv":[5.875,3.0,7.09375,3.3125],"rotation":0,"texture":"#0","tintindex":0},"west":{"uv":[8.0,6.0,8.53125,6.3125],"rotation":0,"texture":"#0","tintindex":0},"up":{"uv":[2.71875,4.40625,1.5,3.875],"rotation":0,"texture":"#0","tintindex":0},"down":{"uv":[3.96875,3.875,2.75,4.40625],"rotation":0,"texture":"#0","tintindex":0}}},{"from":[5.239314,8.002289,4.4382124],"to":[10.760686,9.398403,5.7993555],"rotation":{"angle":45.0,"axis":"x","origin":[8.0,9.100346,6.7044983]},"faces":{"east":{"uv":[8.0,8.625,8.3125,8.9375],"rotation":0,"texture":"#0","tintindex":0},"south":{"uv":[5.875,4.125,7.09375,4.4375],"rotation":0,"texture":"#0","tintindex":0},"north":{"uv":[5.875,3.75,7.09375,4.0625],"rotation":0,"texture":"#0","tintindex":0},"west":{"uv":[0.375,8.75,0.6875,9.0625],"rotation":0,"texture":"#0","tintindex":0},"up":{"uv":[7.46875,1.0625,6.25,0.75],"rotation":0,"texture":"#0","tintindex":0},"down":{"uv":[7.46875,1.125,6.25,1.4375],"rotation":0,"texture":"#0","tintindex":0}}},{"from":[5.1250286,9.935547,4.2845774],"to":[10.874971,11.410975,7.394977],"rotation":{"angle":0.0,"axis":"y","origin":[8.0,9.958976,5.239777]},"faces":{"east":{"uv":[7.75,3.25,8.4375,3.5625],"rotation":0,"texture":"#0","tintindex":0},"south":{"uv":[5.75,4.5,7.0,4.8125],"rotation":0,"texture":"#0","tintindex":0},"north":{"uv":[5.125,2.625,6.375,2.9375],"rotation":0,"texture":"#0","tintindex":0},"west":{"uv":[7.75,4.625,8.4375,4.9375],"rotation":0,"texture":"#0","tintindex":0},"up":{"uv":[3.75,3.1875,2.5,2.5],"rotation":0,"texture":"#0","tintindex":0},"down":{"uv":[3.875,0.0,2.625,0.6875],"rotation":0,"texture":"#0","tintindex":0}}},{"from":[5.239314,10.881492,4.8095055],"to":[10.760686,12.814064,6.9199057],"rotation":{"angle":22.5,"axis":"x","origin":[8.0,12.362063,5.736134]},"faces":{"east":{"uv":[3.0,7.75,3.46875,8.1875],"rotation":0,"texture":"#0","tintindex":0},"south":{"uv":[4.625,4.0,5.84375,4.4375],"rotation":0,"texture":"#0","tintindex":0},"north":{"uv":[4.625,3.5,5.84375,3.9375],"rotation":0,"texture":"#0","tintindex":0},"west":{"uv":[0.625,7.875,1.09375,8.3125],"rotation":0,"texture":"#0","tintindex":0},"up":{"uv":[3.34375,4.96875,2.125,4.5],"rotation":0,"texture":"#0","tintindex":0},"down":{"uv":[5.84375,0.0,4.625,0.46875],"rotation":0,"texture":"#0","tintindex":0}}},{"from":[5.3536,10.336314,5.92257],"to":[10.6464,13.075285,7.3408566],"rotation":{"angle":-45.0,"axis":"x","origin":[8.0,11.848657,5.6317134]},"faces":{"east":{"uv":[3.5,8.0,3.8125,8.59375],"rotation":0,"texture":"#0","tintindex":0},"south":{"uv":[1.25,2.625,2.40625,3.21875],"rotation":0,"texture":"#0","tintindex":0},"north":{"uv":[2.625,0.75,3.78125,1.34375],"rotation":0,"texture":"#0","tintindex":0},"west":{"uv":[8.0,3.625,8.3125,4.21875],"rotation":0,"texture":"#0","tintindex":0},"up":{"uv":[7.78125,6.6875,6.625,6.375],"rotation":0,"texture":"#0","tintindex":0},"down":{"uv":[7.78125,6.75,6.625,7.0625],"rotation":0,"texture":"#0","tintindex":0}}},{"from":[5.296457,9.996656,7.4050846],"to":[10.703543,13.414943,10.0012],"rotation":{"angle":22.5,"axis":"x","origin":[8.0,11.848657,5.6317134]},"faces":{"east":{"uv":[5.0,1.0,5.5625,1.75],"rotation":0,"texture":"#0","tintindex":0},"south":{"uv":[2.5,1.75,3.6875,2.5],"rotation":0,"texture":"#0","tintindex":0},"north":{"uv":[0.0,2.375,1.1875,3.125],"rotation":0,"texture":"#0","tintindex":0},"west":{"uv":[2.125,5.0,2.6875,5.75],"rotation":0,"texture":"#0","tintindex":0},"up":{"uv":[3.9375,3.8125,2.75,3.25],"rotation":0,"texture":"#0","tintindex":0},"down":{"uv":[4.9375,1.375,3.75,1.9375],"rotation":0,"texture":"#0","tintindex":0}}},{"from":[5.2553144,12.887339,6.026215],"to":[10.744686,14.620596,9.666673],"rotation":{"angle":-22.5,"axis":"x","origin":[8.0,13.539682,7.8464437]},"faces":{"east":{"uv":[7.75,2.5,8.53125,2.78125],"rotation":0,"texture":"#0","tintindex":0},"south":{"uv":[1.0,7.0,2.1875,7.28125],"rotation":0,"texture":"#0","tintindex":0},"north":{"uv":[4.5,6.875,5.6875,7.15625],"rotation":0,"texture":"#0","tintindex":0},"west":{"uv":[7.75,2.875,8.53125,3.15625],"rotation":0,"texture":"#0","tintindex":0},"up":{"uv":[2.5625,0.78125,1.375,0.0],"rotation":0,"texture":"#0","tintindex":0},"down":{"uv":[2.5625,0.875,1.375,1.65625],"rotation":0,"texture":"#0","tintindex":0}}},{"from":[5.096457,7.9654856,4.5307426],"to":[10.903543,9.298058,9.384],"rotation":{"angle":0.0,"axis":"y","origin":[8.0,11.275886,8.482743]},"faces":{"east":{"uv":[1.625,5.75,2.15625,6.5],"rotation":0,"texture":"#0","tintindex":0},"south":{"uv":[0.0,0.75,1.28125,1.5],"rotation":0,"texture":"#0","tintindex":0},"north":{"uv":[0.0,0.0,1.28125,0.75],"rotation":0,"texture":"#0","tintindex":0},"west":{"uv":[5.75,1.75,6.28125,2.5],"rotation":0,"texture":"#0","tintindex":0},"up":{"uv":[1.28125,3.78125,0.0,3.25],"rotation":0,"texture":"#0","tintindex":0},"down":{"uv":[2.65625,3.25,1.375,3.78125],"rotation":0,"texture":"#0","tintindex":0}}},{"from":[10.895649,5.805714,4.0518856],"to":[10.895649,8.424,9.287543],"rotation":{"angle":0.0,"axis":"y","origin":[10.694927,5.955094,7.2411427]},"faces":{"east":{"uv":[0.5625,11.0625,1.84375,11.8125],"rotation":0,"texture":"#0","tintindex":0},"south":{"uv":[5.75,1.75,6.28125,2.5],"rotation":0,"texture":"#0","tintindex":0},"north":{"uv":[1.625,5.75,2.15625,6.5],"rotation":0,"texture":"#0","tintindex":0},"west":{"uv":[0.5625,11.0625,1.84375,11.8125],"rotation":0,"texture":"#0","tintindex":0},"up":{"uv":[1.28125,3.78125,0.0,3.25],"rotation":270,"texture":"#0","tintindex":0},"down":{"uv":[2.65625,3.25,1.375,3.78125],"rotation":90,"texture":"#0","tintindex":0}}},{"from":[10.922777,3.6290445,4.0518856],"to":[10.922777,5.9616165,9.287543],"rotation":{"angle":0.0,"axis":"y","origin":[10.494206,4.7953305,7.2411427]},"faces":{"east":{"uv":[0.46875,13.5625,1.75,14.3125],"rotation":0,"texture":"#0","tintindex":0},"south":{"uv":[5.75,1.75,6.28125,2.5],"rotation":0,"texture":"#0","tintindex":0},"north":{"uv":[1.625,5.75,2.15625,6.5],"rotation":0,"texture":"#0","tintindex":0},"west":{"uv":[0.46875,13.5625,1.75,14.3125],"rotation":0,"texture":"#0","tintindex":0},"up":{"uv":[1.28125,3.78125,0.0,3.25],"rotation":270,"texture":"#0","tintindex":0},"down":{"uv":[2.65625,3.25,1.375,3.78125],"rotation":90,"texture":"#0","tintindex":0}}},{"from":[5.096457,6.3548374,9.298943],"to":[10.903543,8.11598,9.298943],"rotation":{"angle":0.0,"axis":"y","origin":[8.0,4.9496946,8.727514]},"faces":{"east":{"uv":[1.625,5.75,2.15625,6.5],"rotation":0,"texture":"#0","tintindex":0},"south":{"uv":[4.0625,12.875,5.34375,13.625],"rotation":0,"texture":"#0","tintindex":0},"north":{"uv":[4.0625,12.875,5.34375,13.625],"rotation":0,"texture":"#0","tintindex":0},"west":{"uv":[5.75,1.75,6.28125,2.5],"rotation":0,"texture":"#0","tintindex":0},"up":{"uv":[1.28125,3.78125,0.0,3.25],"rotation":0,"texture":"#0","tintindex":0},"down":{"uv":[2.65625,3.25,1.375,3.78125],"rotation":0,"texture":"#0","tintindex":0}}},{"from":[5.096457,3.4976945,9.298943],