{"textures":{"0":"modelengine:entity/elitemobs_craftenmine_sanctum_texture"},"elements":[{"from":[7.1010284,7.061943,6.8969145],"to":[8.898972,8.938057,9.1030855],"rotation":{"angle":0.0,"axis":"y","origin":[8.754286,8.035429,8.034286]},"faces":{"east":{"uv":[5.0,7.875,5.46875,8.28125],"rotation":0,"texture":"#0","tintindex":0},"south":{"uv":[7.125,4.125,7.90625,4.53125],"rotation":0,"texture":"#0","tintindex":0},"north":{"uv":[7.125,3.625,7.90625,4.03125],"rotation":0,"texture":"#0","tintindex":0},"west":{"uv":[7.875,5.0,8.34375,5.40625],"rotation":0,"texture":"#0","tintindex":0},"up":{"uv":[7.15625,2.96875,6.375,2.5],"rotation":0,"texture":"#0","tintindex":0},"down":{"uv":[7.15625,4.875,6.375,5.34375],"rotation":0,"texture":"#0","tintindex":0}}}],"display":{"head":{"translation":[0.0,-6.4,0.0],"scale":[4.0,4.0,4.0]}}}