{"textures":{"0":"modelengine:entity/elitemobs_craftenmine_sanctum_texture"},"elements":[{"from":[7.2582426,6.814011,6.7540193],"to":[8.779614,9.432297,9.06442],"rotation":{"angle":-22.5,"axis":"x","origin":[8.0117855,7.4764276,8.195625]},"faces":{"east":{"uv":[8.5,0.0,8.0,0.375],"rotation":0,"texture":"#0","tintindex":0},"south":{"uv":[7.96875,8.375,7.625,8.75],"rotation":0,"texture":"#0","tintindex":0},"north":{"uv":[0.96875,5.875,0.625,6.25],"rotation":0,"texture":"#0","tintindex":0},"west":{"uv":[8.375,7.25,7.875,7.625],"rotation":0,"texture":"#0","tintindex":0},"up":{"uv":[8.125,0.875,8.46875,0.375],"rotation":0,"texture":"#0","tintindex":0},"down":{"uv":[8.125,0.875,8.46875,1.375],"rotation":0,"texture":"#0","tintindex":0}}},{"from":[7.029671,6.3777013,7.441118],"to":[8.979614,9.710273,8.951518],"rotation":{"angle":-22.5,"axis":"x","origin":[8.0117855,7.4764276,8.195625]},"faces":{"east":{"uv":[9.09375,6.75,8.75,7.0],"rotation":0,"texture":"#0","tintindex":0},"south":{"uv":[5.9375,8.5,5.5,8.75],"rotation":0,"texture":"#0","tintindex":0},"north":{"uv":[0.4375,7.375,0.0,7.625],"rotation":0,"texture":"#0","tintindex":0},"west":{"uv":[7.09375,8.75,6.75,9.0],"rotation":0,"texture":"#0","tintindex":0},"up":{"uv":[8.0,8.59375,8.4375,8.25],"rotation":0,"texture":"#0","tintindex":0},"down":{"uv":[0.375,8.375,0.8125,8.71875],"rotation":0,"texture":"#0","tintindex":0}}},{"from":[6.6011,5.9716854,4.83632],"to":[9.408186,6.732828,9.432435],"rotation":{"angle":0.0,"axis":"y","origin":[8.0117855,6.848837,7.459139]},"faces":{"east":{"uv":[9.125,7.625,8.125,7.78125],"rotation":0,"texture":"#0","tintindex":0},"south":{"uv":[9.25,7.875,8.625,8.03125],"rotation":0,"texture":"#0","tintindex":0},"north":{"uv":[9.25,6.0,8.625,6.15625],"rotation":0,"texture":"#0","tintindex":0},"west":{"uv":[8.0,8.125,7.0,8.28125],"rotation":0,"texture":"#0","tintindex":0},"up":{"uv":[1.5,5.5,2.125,4.5],"rotation":0,"texture":"#0","tintindex":0},"down":{"uv":[4.5,2.0,5.125,3.0],"rotation":0,"texture":"#0","tintindex":0}}},{"from":[6.886814,6.8626766,5.2499413],"to":[9.122472,7.6523905,8.188912],"rotation":{"angle":-22.5,"axis":"x","origin":[8.0117855,6.848837,7.459139]},"faces":{"east":{"uv":[9.09375,7.25,8.375,7.4375],"rotation":0,"texture":"#0","tintindex":0},"south":{"uv":[9.25,1.25,8.75,1.4375],"rotation":0,"texture":"#0","tintindex":0},"north":{"uv":[9.25,1.0,8.75,1.1875],"rotation":0,"texture":"#0","tintindex":0},"west":{"uv":[9.09375,5.75,8.375,5.9375],"rotation":0,"texture":"#0","tintindex":0},"up":{"uv":[0.5,7.59375,1.0,6.875],"rotation":0,"texture":"#0","tintindex":0},"down":{"uv":[4.0,6.875,4.5,7.59375],"rotation":0,"texture":"#0","tintindex":0}}},{"from":[7.769957,6.029951,5.4552865],"to":[8.156471,6.8493614,6.0737095],"rotation":{"angle":-22.5,"axis":"x","origin":[8.106071,6.4438276,4.4787836]},"faces":{"east":{"uv":[4.5,5.0,4.625,5.1875],"rotation":0,"texture":"#0","tintindex":0},"south":{"uv":[9.25,8.25,9.34375,8.4375],"rotation":0,"texture":"#0","tintindex":0},"north":{"uv":[8.25,9.25,8.34375,9.4375],"rotation":0,"texture":"#0","tintindex":0},"west":{"uv":[4.5,5.25,4.625,5.4375],"rotation":0,"texture":"#0","tintindex":0},"up":{"uv":[5.59375,8.0,5.5,7.875],"rotation":0,"texture":"#0","tintindex":0},"down":{"uv":[8.09375,0.375,8.0,0.5],"rotation":0,"texture":"#0","tintindex":0}}},{"from":[7.5767,6.80298,5.262029],"to":[8.349729,7.235876,6.2669663],"rotation":{"angle":-22.5,"axis":"x","origin":[8.106071,6.4438276,4.4787836]},"faces":{"east":{"uv":[6.0,8.0,6.21875,8.09375],"rotation":0,"texture":"#0","tintindex":0},"south":{"uv":[9.25,3.875,9.40625,3.96875],"rotation":0,"texture":"#0","tintindex":0},"north":{"uv":[9.25,3.0,9.40625,3.09375],"rotation":0,"texture":"#0","tintindex":0},"west":{"uv":[8.125,1.875,8.34375,1.96875],"rotation":0,"texture":"#0","tintindex":0},"up":{"uv":[5.28125,9.34375,5.125,9.125],"rotation":0,"texture":"#0","tintindex":0},"down":{"uv":[9.28125,5.125,9.125,5.34375],"rotation":0,"texture":"#0","tintindex":0}}},{"from":[7.633843,9.99535,8.377201],"to":[8.406872,11.000287,8.810097],"rotation":{"angle":-22.5,"axis":"x","origin":[7.5346427,12.069246,15.446621]},"faces":{"east":{"uv":[6.0,8.0,6.21875,8.09375],"rotation":270,"texture":"#0","tintindex":0},"south":{"uv":[5.28125,9.34375,5.125,9.125],"rotation":0,"texture":"#0","tintindex":0},"north":{"uv":[9.28125,5.125,9.125,5.34375],"rotation":180,"texture":"#0","tintindex":0},"west":{"uv":[8.125,1.875,8.34375,1.96875],"rotation":90,"texture":"#0","tintindex":0},"up":{"uv":[9.25,3.0,9.40625,3.09375],"rotation":180,"texture":"#0","tintindex":0},"down":{"uv":[9.25,3.875,9.40625,3.96875],"rotation":0,"texture":"#0","tintindex":0}}},{"from":[7.8271,10.188606,7.604172],"to":[8.213614,10.80703,8.423582],"rotation":{"angle":-22.5,"axis":"x","origin":[7.5346427,12.069246,15.446621]},"faces":{"east":{"uv":[4.5,5.0,4.625,5.1875],"rotation":270,"texture":"#0","tintindex":0},"south":{"uv":[5.59375,8.0,5.5,7.875],"rotation":0,"texture":"#0","tintindex":0},"north":{"uv":[8.09375,0.375,8.0,0.5],"rotation":180,"texture":"#0","tintindex":0},"west":{"uv":[4.5,5.25,4.625,5.4375],"rotation":90,"texture":"#0","tintindex":0},"up":{"uv":[8.25,9.25,8.34375,9.4375],"rotation":180,"texture":"#0","tintindex":0},"down":{"uv":[9.25,8.25,9.34375,8.4375],"rotation":0,"texture":"#0","tintindex":0}}}],"display":{"head":{"translation":[0.0,-6.4,0.0],"scale":[4.0,4.0,4.0]}}}