{"textures":{"0":"modelengine:entity/elitemobs_craftenmine_sanctum_texture"},"elements":[{"from":[6.667886,7.768792,6.605167],"to":[9.332114,8.529935,10.486996],"rotation":{"angle":-22.5,"axis":"x","origin":[8.0,9.577935,8.831796]},"faces":{"east":{"uv":[9.40625,1.875,8.875,2.03125],"rotation":0,"texture":"#0","tintindex":0},"south":{"uv":[9.403125,1.871875,8.871875,2.028125],"rotation":0,"texture":"#0","tintindex":0},"north":{"uv":[9.40625,1.875,8.875,2.03125],"rotation":0,"texture":"#0","tintindex":0},"west":{"uv":[9.40625,1.875,8.875,2.03125],"rotation":0,"texture":"#0","tintindex":0},"up":{"uv":[2.25,6.59375,2.78125,5.875],"rotation":0,"texture":"#0","tintindex":0},"down":{"uv":[2.875,5.875,3.40625,6.59375],"rotation":0,"texture":"#0","tintindex":0}}},{"from":[6.810743,6.5926867,8.212606],"to":[9.189257,9.210973,11.808721],"rotation":{"angle":-22.5,"axis":"x","origin":[7.992857,5.7663813,9.718118]},"faces":{"east":{"uv":[3.03125,6.625,2.25,7.09375],"rotation":0,"texture":"#0","tintindex":0},"south":{"uv":[8.28125,2.0,7.75,2.46875],"rotation":0,"texture":"#0","tintindex":0},"north":{"uv":[8.03125,7.625,7.5,8.09375],"rotation":0,"texture":"#0","tintindex":0},"west":{"uv":[2.15625,6.5,1.375,6.96875],"rotation":0,"texture":"#0","tintindex":0},"up":{"uv":[5.125,2.53125,5.65625,1.75],"rotation":0,"texture":"#0","tintindex":0},"down":{"uv":[5.125,4.5,5.65625,5.28125],"rotation":0,"texture":"#0","tintindex":0}}}],"display":{"head":{"translation":[0.0,-6.4,0.0],"scale":[4.0,4.0,4.0]}}}