{"textures":{"0":"modelengine:entity/elitemobs_craftenmine_sanctum_texture"},"elements":[{"from":[10.475314,8.140386,7.717418],"to":[10.861829,8.959796,8.335841],"rotation":{"angle":0.0,"axis":"y","origin":[11.097143,8.839976,8.169487]},"faces":{"east":{"uv":[4.625,5.25,4.5,5.4375],"rotation":0,"texture":"#0","tintindex":0},"south":{"uv":[9.34375,8.25,9.25,8.4375],"rotation":0,"texture":"#0","tintindex":0},"north":{"uv":[8.34375,9.25,8.25,9.4375],"rotation":0,"texture":"#0","tintindex":0},"west":{"uv":[4.625,5.0,4.5,5.1875],"rotation":0,"texture":"#0","tintindex":0},"up":{"uv":[5.5,8.0,5.59375,7.875],"rotation":0,"texture":"#0","tintindex":0},"down":{"uv":[8.0,0.375,8.09375,0.5],"rotation":0,"texture":"#0","tintindex":0}}},{"from":[10.282057,8.913414,7.5241613],"to":[11.055086,9.34631,8.5290985],"rotation":{"angle":0.0,"axis":"y","origin":[11.097143,8.839976,8.169487]},"faces":{"east":{"uv":[8.34375,1.875,8.125,1.96875],"rotation":0,"texture":"#0","tintindex":0},"south":{"uv":[9.40625,3.875,9.25,3.96875],"rotation":0,"texture":"#0","tintindex":0},"north":{"uv":[9.40625,3.0,9.25,3.09375],"rotation":0,"texture":"#0","tintindex":0},"west":{"uv":[6.21875,8.0,6.0,8.09375],"rotation":0,"texture":"#0","tintindex":0},"up":{"uv":[5.125,9.34375,5.28125,9.125],"rotation":0,"texture":"#0","tintindex":0},"down":{"uv":[9.125,5.125,9.28125,5.34375],"rotation":0,"texture":"#0","tintindex":0}}},{"from":[10.182457,5.900538,6.441713],"to":[11.123258,8.490938,9.505028],"rotation":{"angle":0.0,"axis":"y","origin":[3.3271427,6.016881,8.721942]},"faces":{"east":{"uv":[4.71875,8.5,4.5,9.0625],"rotation":0,"texture":"#0","tintindex":0},"south":{"uv":[4.71875,8.5,4.5,9.0625],"rotation":0,"texture":"#0","tintindex":0},"north":{"uv":[8.71875,0.5,8.5,1.0625],"rotation":0,"texture":"#0","tintindex":0},"west":{"uv":[4.71875,8.5,4.5,9.0625],"rotation":0,"texture":"#0","tintindex":0},"up":{"uv":[4.5,9.0625,4.71875,8.5],"rotation":0,"texture":"#0","tintindex":0},"down":{"uv":[4.5,8.5,4.71875,9.0625],"rotation":0,"texture":"#0","tintindex":0}}},{"from":[7.7538857,6.043395,6.7274275],"to":[10.551828,8.205224,9.219313],"rotation":{"angle":0.0,"axis":"y","origin":[3.3271427,6.016881,8.721942]},"faces":{"east":{"uv":[8.03125,1.0,7.5,1.46875],"rotation":0,"texture":"#0","tintindex":0},"south":{"uv":[8.0,0.0,7.375,0.46875],"rotation":0,"texture":"#0","tintindex":0},"north":{"uv":[7.875,7.125,7.25,7.59375],"rotation":0,"texture":"#0","tintindex":0},"west":{"uv":[8.03125,0.5,7.5,0.96875],"rotation":0,"texture":"#0","tintindex":0},"up":{"uv":[5.75,7.40625,6.375,6.875],"rotation":0,"texture":"#0","tintindex":0},"down":{"uv":[2.25,7.125,2.875,7.65625],"rotation":0,"texture":"#0","tintindex":0}}}],"display":{"head":{"translation":[0.0,-6.4,0.0],"scale":[4.0,4.0,4.0]}}}