{"textures":{"0":"modelengine:entity/wolf_main","1":"modelengine:entity/wolf_extra"},"elements":[{"from":[7.428571,4.137098,4.882516],"to":[9.142858,6.4228125,9.453945],"rotation":{"angle":-45.0,"axis":"x","origin":[7.428571,5.279955,5.4539447]},"faces":{"east":{"uv":[12.25,4.875,13.25,5.375],"rotation":0,"texture":"#0","tintindex":0},"south":{"uv":[0.5,13.5,0.875,14.0],"rotation":0,"texture":"#0","tintindex":0},"north":{"uv":[10.25,13.375,10.625,13.875],"rotation":0,"texture":"#0","tintindex":0},"west":{"uv":[12.25,5.375,13.25,5.875],"rotation":0,"texture":"#0","tintindex":0},"up":{"uv":[10.25,13.375,9.875,12.375],"rotation":0,"texture":"#0","tintindex":0},"down":{"uv":[4.75,12.625,4.375,13.625],"rotation":0,"texture":"#0","tintindex":0}}},{"from":[6.857143,3.733037,2.7641692],"to":[9.714286,6.018751,5.621312],"rotation":{"angle":0.0,"axis":"y","origin":[7.428571,4.875894,3.9070263]},"faces":{"east":{"uv":[13.0,2.125,13.625,2.625],"rotation":0,"texture":"#0","tintindex":0},"south":{"uv":[13.0,2.625,13.625,3.125],"rotation":0,"texture":"#0","tintindex":0},"north":{"uv":[13.0,1.625,13.625,2.125],"rotation":0,"texture":"#0","tintindex":0},"west":{"uv":[7.875,13.0,8.5,13.5],"rotation":0,"texture":"#0","tintindex":0},"up":{"uv":[13.125,10.0,12.5,9.375],"rotation":0,"texture":"#0","tintindex":0},"down":{"uv":[13.125,10.0,12.5,10.625],"rotation":0,"texture":"#0","tintindex":0}}},{"from":[6.8514285,3.3826795,1.5742311],"to":[9.72,5.668393,3.288517],"rotation":{"angle":-22.5,"axis":"x","origin":[7.428571,4.5255365,2.1456594]},"faces":{"east":{"uv":[0.875,13.5,1.25,14.0],"rotation":0,"texture":"#0","tintindex":0},"south":{"uv":[13.0,12.625,13.625,13.125],"rotation":0,"texture":"#0","tintindex":0},"north":{"uv":[11.625,13.0,12.25,13.5],"rotation":0,"texture":"#0","tintindex":0},"west":{"uv":[1.25,13.5,1.625,14.0],"rotation":0,"texture":"#0","tintindex":0},"up":{"uv":[7.5,10.375,6.875,10.0],"rotation":0,"texture":"#0","tintindex":0},"down":{"uv":[12.25,4.875,11.625,5.25],"rotation":0,"texture":"#0","tintindex":0}}},{"from":[6.857143,3.4285712,0.0],"to":[9.714286,5.142857,0.0],"rotation":{"angle":22.5,"axis":"x","origin":[8.0,2.2857141,1.1428566]},"faces":{"east":{"uv":[0.0,0.0,0.0,0.6],"rotation":0,"texture":"#1","tintindex":0},"south":{"uv":[14.0,8.0,15.0,8.6],"rotation":0,"texture":"#1","tintindex":0},"north":{"uv":[14.0,7.4,15.0,8.0],"rotation":0,"texture":"#1","tintindex":0},"west":{"uv":[0.0,0.0,0.0,0.6],"rotation":0,"texture":"#1","tintindex":0},"up":{"uv":[1.0,0.0,0.0,0.0],"rotation":0,"texture":"#1","tintindex":0},"down":{"uv":[1.0,0.0,0.0,0.0],"rotation":0,"texture":"#1","tintindex":0}}}],"display":{"head":{"translation":[0.0,-6.4,0.0],"scale":[4.0,4.0,4.0]}}}