{"textures":{"0":"modelengine:entity/kraken"},"elements":[{"from":[7.7714286,7.064445,7.762168],"to":[8.242857,7.6358733,9.533597],"rotation":{"angle":-45.0,"axis":"x","origin":[8.042857,6.878731,7.5050254]},"faces":{"east":{"uv":[4.25,1.9375,4.4375,2.0],"rotation":0,"texture":"#0","tintindex":0},"south":{"uv":[0.8125,5.375,0.875,5.4375],"rotation":0,"texture":"#0","tintindex":0},"north":{"uv":[0.75,5.375,0.8125,5.4375],"rotation":0,"texture":"#0","tintindex":0},"west":{"uv":[4.4375,3.9375,4.625,4.0],"rotation":0,"texture":"#0","tintindex":0},"up":{"uv":[7.375,4.3125,7.3125,4.125],"rotation":0,"texture":"#0","tintindex":0},"down":{"uv":[7.375,4.3125,7.3125,4.5],"rotation":0,"texture":"#0","tintindex":0}}}],"display":{"head":{"translation":[0.0,-6.4,0.0],"scale":[4.0,4.0,4.0]}}}