{"textures":{"0":"modelengine:entity/kraken"},"elements":[{"from":[7.1514287,0.5371423,7.12],"to":[8.594286,8.537143,8.805715],"rotation":{"angle":0.0,"axis":"y","origin":[10.094286,1.9514284,11.962857]},"faces":{"east":{"uv":[0.375,6.9375,0.5625,7.8125],"rotation":0,"texture":"#0","tintindex":0},"south":{"uv":[2.75,6.9375,2.9375,7.8125],"rotation":0,"texture":"#0","tintindex":0},"north":{"uv":[0.1875,6.9375,0.375,7.8125],"rotation":0,"texture":"#0","tintindex":0},"west":{"uv":[2.9375,6.9375,3.125,7.8125],"rotation":0,"texture":"#0","tintindex":0},"up":{"uv":[8.3125,6.875,8.125,6.6875],"rotation":0,"texture":"#0","tintindex":0},"down":{"uv":[7.0625,8.125,6.875,8.3125],"rotation":0,"texture":"#0","tintindex":0}}},{"from":[8.437143,0.5371423,8.234285],"to":[10.151428,7.9657145,8.234285],"rotation":{"angle":0.0,"axis":"y","origin":[10.094286,1.9514284,11.962857]},"faces":{"east":{"uv":[0.0,0.0,0.0,0.8125],"rotation":0,"texture":"#0","tintindex":0},"south":{"uv":[7.3125,3.3125,7.5,4.125],"rotation":0,"texture":"#0","tintindex":0},"north":{"uv":[7.3125,0.8125,7.5,1.625],"rotation":0,"texture":"#0","tintindex":0},"west":{"uv":[0.0,0.0,0.0,0.8125],"rotation":0,"texture":"#0","tintindex":0},"up":{"uv":[0.1875,0.0,0.0,0.0],"rotation":0,"texture":"#0","tintindex":0},"down":{"uv":[0.1875,0.0,0.0,0.0],"rotation":0,"texture":"#0","tintindex":0}}}],"display":{"head":{"translation":[0.0,-6.4,0.0],"scale":[4.0,4.0,4.0]}}}