{"textures":{"0":"modelengine:entity/kraken"},"elements":[{"from":[7.3214283,0.057142735,7.295238],"to":[8.464286,8.6285715,8.666667],"rotation":{"angle":0.0,"axis":"y","origin":[10.1214285,9.471429,12.009524]},"faces":{"east":{"uv":[5.25,7.625,5.375,8.5625],"rotation":0,"texture":"#0","tintindex":0},"south":{"uv":[4.5625,7.6875,4.6875,8.625],"rotation":0,"texture":"#0","tintindex":0},"north":{"uv":[0.9375,7.1875,1.0625,8.125],"rotation":0,"texture":"#0","tintindex":0},"west":{"uv":[3.5,7.75,3.625,8.6875],"rotation":0,"texture":"#0","tintindex":0},"up":{"uv":[5.6875,3.1875,5.5625,3.0625],"rotation":0,"texture":"#0","tintindex":0},"down":{"uv":[0.6875,5.9375,0.5625,6.0625],"rotation":0,"texture":"#0","tintindex":0}}},{"from":[8.235714,0.057142735,8.666667],"to":[8.235714,8.057143,10.380953],"rotation":{"angle":0.0,"axis":"y","origin":[10.1214285,9.471429,12.009524]},"faces":{"east":{"uv":[3.75,6.625,3.9375,7.5],"rotation":0,"texture":"#0","tintindex":0},"south":{"uv":[0.0,0.0,0.0,0.875],"rotation":0,"texture":"#0","tintindex":0},"north":{"uv":[0.0,0.0,0.0,0.875],"rotation":0,"texture":"#0","tintindex":0},"west":{"uv":[6.3125,6.625,6.5,7.5],"rotation":0,"texture":"#0","tintindex":0},"up":{"uv":[0.0,0.1875,0.0,0.0],"rotation":0,"texture":"#0","tintindex":0},"down":{"uv":[0.0,0.0,0.0,0.1875],"rotation":0,"texture":"#0","tintindex":0}}}],"display":{"head":{"translation":[0.0,-6.4,0.0],"scale":[4.0,4.0,4.0]}}}