{"textures":{"0":"modelengine:entity/kraken"},"elements":[{"from":[7.0190477,2.2571425,6.778571],"to":[8.733334,8.542857,8.892858],"rotation":{"angle":0.0,"axis":"y","origin":[10.119047,-3.757144,11.835714]},"faces":{"east":{"uv":[0.6875,4.3125,0.9375,5.0],"rotation":0,"texture":"#0","tintindex":0},"south":{"uv":[7.375,4.125,7.5625,4.8125],"rotation":0,"texture":"#0","tintindex":0},"north":{"uv":[7.0625,7.3125,7.25,8.0],"rotation":0,"texture":"#0","tintindex":0},"west":{"uv":[3.75,5.9375,4.0,6.625],"rotation":0,"texture":"#0","tintindex":0},"up":{"uv":[5.625,6.0,5.4375,5.75],"rotation":0,"texture":"#0","tintindex":0},"down":{"uv":[6.875,2.8125,6.6875,3.0625],"rotation":0,"texture":"#0","tintindex":0}}}],"display":{"head":{"translation":[0.0,-6.4,0.0],"scale":[4.0,4.0,4.0]}}}