{"textures":{"0":"modelengine:entity/kraken"},"elements":[{"from":[7.2666664,2.2571425,7.107143],"to":[8.980952,8.542857,9.221429],"rotation":{"angle":0.0,"axis":"y","origin":[5.8809524,-3.757144,4.1642857]},"faces":{"east":{"uv":[5.4375,6.4375,5.6875,7.125],"rotation":0,"texture":"#0","tintindex":0},"south":{"uv":[7.5,3.0,7.6875,3.6875],"rotation":0,"texture":"#0","tintindex":0},"north":{"uv":[7.5,0.6875,7.6875,1.375],"rotation":0,"texture":"#0","tintindex":0},"west":{"uv":[5.6875,6.4375,5.9375,7.125],"rotation":0,"texture":"#0","tintindex":0},"up":{"uv":[8.25,1.6875,8.0625,1.4375],"rotation":0,"texture":"#0","tintindex":0},"down":{"uv":[8.25,3.1875,8.0625,3.4375],"rotation":0,"texture":"#0","tintindex":0}}}],"display":{"head":{"translation":[0.0,-6.4,0.0],"scale":[4.0,4.0,4.0]}}}