{"textures":{"0":"modelengine:entity/kraken"},"elements":[{"from":[7.2666664,2.2571425,6.778571],"to":[8.980952,8.542857,8.892858],"rotation":{"angle":0.0,"axis":"y","origin":[5.8809524,-3.757144,11.835714]},"faces":{"east":{"uv":[0.8125,6.5,1.0625,7.1875],"rotation":0,"texture":"#0","tintindex":0},"south":{"uv":[7.5625,3.6875,7.75,4.375],"rotation":0,"texture":"#0","tintindex":0},"north":{"uv":[6.5,7.5,6.6875,8.1875],"rotation":0,"texture":"#0","tintindex":0},"west":{"uv":[1.625,6.5,1.875,7.1875],"rotation":0,"texture":"#0","tintindex":0},"up":{"uv":[8.25,4.1875,8.0625,3.9375],"rotation":0,"texture":"#0","tintindex":0},"down":{"uv":[8.25,4.1875,8.0625,4.4375],"rotation":0,"texture":"#0","tintindex":0}}}],"display":{"head":{"translation":[0.0,-6.4,0.0],"scale":[4.0,4.0,4.0]}}}