{"textures":{"0":"modelengine:entity/frost_queen_phase_3"},"elements":[{"from":[7.4499073,6.992959,6.9824505],"to":[8.857752,8.722597,8.792537],"rotation":{"angle":-45.0,"axis":"x","origin":[8.15383,7.857778,7.686373]},"faces":{"east":{"uv":[6.0,10.0,6.5625,10.5625],"rotation":0,"texture":"#0","tintindex":0},"south":{"uv":[10.75,1.5,11.1875,2.0625],"rotation":0,"texture":"#0","tintindex":0},"north":{"uv":[10.5,10.0,10.9375,10.5625],"rotation":0,"texture":"#0","tintindex":0},"west":{"uv":[8.0,10.0,8.5625,10.5625],"rotation":0,"texture":"#0","tintindex":0},"up":{"uv":[11.1875,2.8125,10.75,2.25],"rotation":0,"texture":"#0","tintindex":0},"down":{"uv":[11.1875,3.0,10.75,3.5625],"rotation":0,"texture":"#0","tintindex":0}}},{"from":[7.248787,4.8190303,6.8134785],"to":[9.058873,7.7956166,8.824685],"rotation":{"angle":0.0,"axis":"y","origin":[7.1482263,12.622513,8.020203]},"faces":{"east":{"uv":[5.75,6.25,6.375,7.1875],"rotation":0,"texture":"#0","tintindex":0},"south":{"uv":[3.75,7.0,4.3125,7.9375],"rotation":0,"texture":"#0","tintindex":0},"north":{"uv":[3.75,7.0,4.3125,7.9375],"rotation":0,"texture":"#0","tintindex":0},"west":{"uv":[6.5,5.75,7.125,6.6875],"rotation":0,"texture":"#0","tintindex":0},"up":{"uv":[7.8125,10.125,7.25,9.5],"rotation":0,"texture":"#0","tintindex":0},"down":{"uv":[10.3125,0.0,9.75,0.625],"rotation":0,"texture":"#0","tintindex":0}}}],"display":{"head":{"translation":[0.0,-6.4,0.0],"scale":[4.0,4.0,4.0]}}}