{"textures":{"0":"modelengine:entity/frost_queen_phase_3"},"elements":[{"from":[7.746222,7.387009,7.3478713],"to":[8.792049,8.432837,8.474147],"rotation":{"angle":45.0,"axis":"y","origin":[8.369696,7.9099226,7.810449]},"faces":{"east":{"uv":[11.25,7.5,11.625,7.8125],"rotation":0,"texture":"#0","tintindex":0},"south":{"uv":[0.5,11.5,0.8125,11.8125],"rotation":0,"texture":"#0","tintindex":0},"north":{"uv":[0.0,11.5,0.3125,11.8125],"rotation":0,"texture":"#0","tintindex":0},"west":{"uv":[8.0,11.25,8.375,11.5625],"rotation":0,"texture":"#0","tintindex":0},"up":{"uv":[11.5625,8.625,11.25,8.25],"rotation":0,"texture":"#0","tintindex":0},"down":{"uv":[8.8125,11.25,8.5,11.625],"rotation":0,"texture":"#0","tintindex":0}}},{"from":[8.573878,7.3065605,7.2632513],"to":[11.027551,8.513285,8.590648],"rotation":{"angle":0.0,"axis":"y","origin":[2.9022741,9.875406,7.6514287]},"faces":{"east":{"uv":[11.25,2.0,11.6875,2.375],"rotation":0,"texture":"#0","tintindex":0},"south":{"uv":[10.5,1.0,11.25,1.375],"rotation":0,"texture":"#0","tintindex":0},"north":{"uv":[0.75,10.5,1.5,10.875],"rotation":0,"texture":"#0","tintindex":0},"west":{"uv":[11.25,2.5,11.6875,2.875],"rotation":0,"texture":"#0","tintindex":0},"up":{"uv":[5.25,10.1875,4.5,9.75],"rotation":0,"texture":"#0","tintindex":0},"down":{"uv":[10.5,7.25,9.75,7.6875],"rotation":0,"texture":"#0","tintindex":0}}}],"display":{"head":{"translation":[0.0,-6.4,0.0],"scale":[4.0,4.0,4.0]}}}