{"textures":{"0":"modelengine:entity/ender_fly_texture"},"elements":[{"from":[9.683683,2.069398,7.428571],"to":[10.826541,8.355112,8.571428],"rotation":{"angle":45.0,"axis":"z","origin":[9.683683,5.212255,8.0]},"faces":{"east":{"uv":[1.375,9.75,1.625,11.125],"rotation":0,"texture":"#0","tintindex":0},"south":{"uv":[1.625,9.75,1.875,11.125],"rotation":0,"texture":"#0","tintindex":0},"north":{"uv":[1.125,9.75,1.375,11.125],"rotation":0,"texture":"#0","tintindex":0},"west":{"uv":[9.75,1.75,10.0,3.125],"rotation":0,"texture":"#0","tintindex":0},"up":{"uv":[10.125,10.25,9.875,10.0],"rotation":0,"texture":"#0","tintindex":0},"down":{"uv":[2.375,10.125,2.125,10.375],"rotation":0,"texture":"#0","tintindex":0}}},{"from":[11.912255,2.9551125,7.428571],"to":[18.197971,4.0979695,8.571428],"rotation":{"angle":0.0,"axis":"y","origin":[17.626541,6.0979695,8.0]},"faces":{"east":{"uv":[3.375,10.125,3.625,10.375],"rotation":0,"texture":"#0","tintindex":0},"south":{"uv":[9.75,3.375,11.125,3.625],"rotation":0,"texture":"#0","tintindex":0},"north":{"uv":[9.75,3.125,11.125,3.375],"rotation":0,"texture":"#0","tintindex":0},"west":{"uv":[3.625,10.125,3.875,10.375],"rotation":0,"texture":"#0","tintindex":0},"up":{"uv":[11.125,3.875,9.75,3.625],"rotation":0,"texture":"#0","tintindex":0},"down":{"uv":[11.125,6.875,9.75,7.125],"rotation":0,"texture":"#0","tintindex":0}}}],"display":{"head":{"translation":[0.0,-6.4,0.0],"scale":[4.0,4.0,4.0]}}}