{"textures":{"0":"modelengine:entity/ravager_skin"},"elements":[{"from":[-1.1428576,-1.1428576,6.5714283],"to":[17.142857,17.142857,26.57143],"rotation":{"angle":0.0,"axis":"y","origin":[8.0,-17.142859,20.285715]},"faces":{"east":{"uv":[2.25,4.5,4.4375,6.5],"rotation":0,"texture":"#0","tintindex":0},"south":{"uv":[2.25,6.5,4.25,8.5],"rotation":0,"texture":"#0","tintindex":0},"north":{"uv":[6.4375,6.4375,8.4375,8.4375],"rotation":0,"texture":"#0","tintindex":0},"west":{"uv":[4.5,2.25,6.6875,4.25],"rotation":0,"texture":"#0","tintindex":0},"up":{"uv":[6.5,6.4375,4.5,4.25],"rotation":0,"texture":"#0","tintindex":0},"down":{"uv":[6.4375,6.4375,4.4375,8.625],"rotation":0,"texture":"#0","tintindex":0}}},{"from":[-1.1428576,0.0,-7.714287],"to":[17.142857,16.0,6.5714283],"rotation":{"angle":0.0,"axis":"y","origin":[8.0,-17.142859,20.285715]},"faces":{"east":{"uv":[10.4375,10.625,12.0,12.375],"rotation":0,"texture":"#0","tintindex":0},"south":{"uv":[10.4375,5.75,12.4375,7.5],"rotation":0,"texture":"#0","tintindex":0},"north":{"uv":[10.4375,4.0,12.4375,5.75],"rotation":0,"texture":"#0","tintindex":0},"west":{"uv":[10.6875,0.0,12.25,1.75],"rotation":0,"texture":"#0","tintindex":0},"up":{"uv":[12.4375,9.0625,10.4375,7.5],"rotation":0,"texture":"#0","tintindex":0},"down":{"uv":[12.4375,9.0625,10.4375,10.625],"rotation":0,"texture":"#0","tintindex":0}}}],"display":{"head":{"translation":[0.0,-6.4,0.0],"scale":[4.0,4.0,4.0]}}}