{"textures":{"0":"modelengine:entity/ravager_skin"},"elements":[{"from":[4.5714273,-4.873247,4.537341],"to":[7.999999,-1.4446754,16.537342],"rotation":{"angle":-22.5,"axis":"x","origin":[6.285713,-5.1589613,12.537342]},"faces":{"east":{"uv":[9.1875,12.0,9.5625,13.3125],"rotation":0,"texture":"#0","tintindex":0},"south":{"uv":[9.5625,12.0,9.9375,13.3125],"rotation":0,"texture":"#0","tintindex":0},"north":{"uv":[8.8125,12.0,9.1875,13.3125],"rotation":0,"texture":"#0","tintindex":0},"west":{"uv":[9.9375,12.0,10.3125,13.3125],"rotation":0,"texture":"#0","tintindex":0},"up":{"uv":[12.625,1.6875,12.25,1.3125],"rotation":0,"texture":"#0","tintindex":0},"down":{"uv":[12.8125,8.625,12.4375,9.0],"rotation":0,"texture":"#0","tintindex":0}}},{"from":[4.5714273,-1.3311749,9.107946],"to":[7.999999,11.240254,12.536518],"rotation":{"angle":-22.5,"axis":"x","origin":[6.285713,4.9545403,10.822232]},"faces":{"east":{"uv":[6.0,10.0,6.375,11.375],"rotation":0,"texture":"#0","tintindex":0},"south":{"uv":[6.0,11.375,6.375,12.75],"rotation":0,"texture":"#0","tintindex":0},"north":{"uv":[6.0,8.625,6.375,10.0],"rotation":0,"texture":"#0","tintindex":0},"west":{"uv":[8.4375,12.0,8.8125,13.375],"rotation":0,"texture":"#0","tintindex":0},"up":{"uv":[13.0,0.75,12.625,0.375],"rotation":0,"texture":"#0","tintindex":0},"down":{"uv":[13.0,0.75,12.625,1.125],"rotation":0,"texture":"#0","tintindex":0}}},{"from":[4.5714273,3.6061935,-1.8025408],"to":[7.999999,10.463337,1.6260304],"rotation":{"angle":-22.5,"axis":"x","origin":[6.285713,5.8790865,-0.38465023]},"faces":{"east":{"uv":[12.4375,7.0625,12.8125,7.8125],"rotation":0,"texture":"#0","tintindex":0},"south":{"uv":[7.125,12.4375,7.5,13.1875],"rotation":0,"texture":"#0","tintindex":0},"north":{"uv":[6.75,12.4375,7.125,13.1875],"rotation":0,"texture":"#0","tintindex":0},"west":{"uv":[7.5,12.4375,7.875,13.1875],"rotation":0,"texture":"#0","tintindex":0},"up":{"uv":[3.125,12.875,2.75,12.5],"rotation":0,"texture":"#0","tintindex":0},"down":{"uv":[3.5,12.5,3.125,12.875],"rotation":0,"texture":"#0","tintindex":0}}},{"from":[4.5714273,10.4,1.4285712],"to":[7.999999,13.828571,11.142858],"rotation":{"angle":-22.5,"axis":"x","origin":[6.285713,8.0,8.0]},"faces":{"east":{"uv":[8.0625,5.375,8.4375,6.4375],"rotation":0,"texture":"#0","tintindex":0},"south":{"uv":[12.375,10.625,12.75,11.6875],"rotation":0,"texture":"#0","tintindex":0},"north":{"uv":[7.6875,5.375,8.0625,6.4375],"rotation":0,"texture":"#0","tintindex":0},"west":{"uv":[10.6875,12.375,11.0625,13.4375],"rotation":0,"texture":"#0","tintindex":0},"up":{"uv":[12.8125,10.125,12.4375,9.75],"rotation":0,"texture":"#0","tintindex":0},"down":{"uv":[12.8125,10.125,12.4375,10.5],"rotation":0,"texture":"#0","tintindex":0}}},{"from":[28.571428,-4.873247,4.537341],"to":[32.0,-1.4446754,16.537342],"rotation":{"angle":-22.5,"axis":"x","origin":[30.285715,-5.1589613,12.537342]},"faces":{"east":{"uv":[9.1875,12.0,9.5625,13.3125],"rotation":0,"texture":"#0","tintindex":0},"south":{"uv":[9.5625,12.0,9.9375,13.3125],"rotation":0,"texture":"#0","tintindex":0},"north":{"uv":[8.8125,12.0,9.1875,13.3125],"rotation":0,"texture":"#0","tintindex":0},"west":{"uv":[9.9375,12.0,10.3125,13.3125],"rotation":0,"texture":"#0","tintindex":0},"up":{"uv":[12.625,1.6875,12.25,1.3125],"rotation":0,"texture":"#0","tintindex":0},"down":{"uv":[12.8125,8.625,12.4375,9.0],"rotation":0,"texture":"#0","tintindex":0}}},{"from":[28.571428,-1.3311749,9.107946],"to":[32.0,11.240254,12.536518],"rotation":{"angle":-22.5,"axis":"x","origin":[30.285715,4.9545403,10.822232]},"faces":{"east":{"uv":[6.0,10.0,6.375,11.375],"rotation":0,"texture":"#0","tintindex":0},"south":{"uv":[6.0,11.375,6.375,12.75],"rotation":0,"texture":"#0","tintindex":0},"north":{"uv":[6.0,8.625,6.375,10.0],"rotation":0,"texture":"#0","tintindex":0},"west":{"uv":[8.4375,12.0,8.8125,13.375],"rotation":0,"texture":"#0","tintindex":0},"up":{"uv":[13.0,0.75,12.625,0.375],"rotation":0,"texture":"#0","tintindex":0},"down":{"uv":[13.0,0.75,12.625,1.125],"rotation":0,"texture":"#0","tintindex":0}}},{"from":[28.571428,3.6061935,-1.8025408],"to":[32.0,10.463337,1.6260304],"rotation":{"angle":-22.5,"axis":"x","origin":[30.285715,5.8790865,-0.38465023]},"faces":{"east":{"uv":[12.4375,7.0625,12.8125,7.8125],"rotation":0,"texture":"#0","tintindex":0},"south":{"uv":[7.125,12.4375,7.5,13.1875],"rotation":0,"texture":"#0","tintindex":0},"north":{"uv":[6.75,12.4375,7.125,13.1875],"rotation":0,"texture":"#0","tintindex":0},"west":{"uv":[7.5,12.4375,7.875,13.1875],"rotation":0,"texture":"#0","tintindex":0},"up":{"uv":[3.125,12.875,2.75,12.5],"rotation":0,"texture":"#0","tintindex":0},"down":{"uv":[3.5,12.5,3.125,12.875],"rotation":0,"texture":"#0","tintindex":0}}},{"from":[28.571428,10.4,1.4285712],"to":[32.0,13.828571,11.142858],"rotation":{"angle":-22.5,"axis":"x","origin":[30.285715,8.0,8.0]},"faces":{"east":{"uv":[8.0625,5.375,8.4375,6.4375],"rotation":0,"texture":"#0","tintindex":0},"south":{"uv":[12.375,10.625,12.75,11.6875],"rotation":0,"texture":"#0","tintindex":0},"north":{"uv":[7.6875,5.375,8.0625,6.4375],"rotation":0,"texture":"#0","tintindex":0},"west":{"uv":[10.6875,12.375,11.0625,13.4375],"rotation":0,"texture":"#0","tintindex":0},"up":{"uv":[12.8125,10.125,12.4375,9.75],"rotation":0,"texture":"#0","tintindex":0},"down":{"uv":[12.8125,10.125,12.4375,10.5],"rotation":0,"texture":"#0","tintindex":0}}}],"display":{"head":{"translation":[6.857147,-6.4,0.0],"scale":[4.0,4.0,4.0]}}}