{"textures":{"0":"modelengine:entity/elitemobs_craftenmine_sanctum_texture"},"elements":[{"from":[6.7926855,8.150733,6.2130046],"to":[9.2073145,11.031876,8.829005],"rotation":{"angle":0.0,"axis":"y","origin":[8.0,8.691532,8.603176]},"faces":{"east":{"uv":[4.5,5.5,5.0625,6.21875],"rotation":0,"texture":"#0","tintindex":0},"south":{"uv":[5.875,0.0,6.40625,0.71875],"rotation":0,"texture":"#0","tintindex":0},"north":{"uv":[0.0,5.875,0.53125,6.59375],"rotation":0,"texture":"#0","tintindex":0},"west":{"uv":[5.625,1.0,6.1875,1.71875],"rotation":0,"texture":"#0","tintindex":0},"up":{"uv":[5.53125,7.8125,5.0,7.25],"rotation":0,"texture":"#0","tintindex":0},"down":{"uv":[7.78125,5.375,7.25,5.9375],"rotation":0,"texture":"#0","tintindex":0}}},{"from":[7.0098286,6.907761,7.1844335],"to":[8.990171,9.186619,9.046147],"rotation":{"angle":-22.5,"axis":"x","origin":[8.0,8.04719,8.115291]},"faces":{"east":{"uv":[1.125,7.875,1.53125,8.375],"rotation":0,"texture":"#0","tintindex":0},"south":{"uv":[4.0,7.625,4.4375,8.125],"rotation":0,"texture":"#0","tintindex":0},"north":{"uv":[1.0,4.875,1.4375,5.375],"rotation":0,"texture":"#0","tintindex":0},"west":{"uv":[1.625,7.875,2.03125,8.375],"rotation":0,"texture":"#0","tintindex":0},"up":{"uv":[4.9375,8.40625,4.5,8.0],"rotation":0,"texture":"#0","tintindex":0},"down":{"uv":[5.9375,8.0,5.5,8.40625],"rotation":0,"texture":"#0","tintindex":0}}},{"from":[6.7241144,9.753906,5.504649],"to":[7.904457,10.908192,6.4417925],"rotation":{"angle":0.0,"axis":"y","origin":[8.0,10.453906,6.6046495]},"faces":{"east":{"uv":[6.375,6.875,6.59375,7.125],"rotation":0,"texture":"#0","tintindex":0},"south":{"uv":[4.25,5.875,4.5,6.125],"rotation":0,"texture":"#0","tintindex":0},"north":{"uv":[3.75,3.0,4.0,3.25],"rotation":0,"texture":"#0","tintindex":0},"west":{"uv":[7.0,4.625,7.21875,4.875],"rotation":0,"texture":"#0","tintindex":0},"up":{"uv":[0.625,8.34375,0.375,8.125],"rotation":0,"texture":"#0","tintindex":0},"down":{"uv":[6.0,8.75,5.75,8.96875],"rotation":0,"texture":"#0","tintindex":0}}},{"from":[6.575543,9.819304,5.995862],"to":[9.424458,10.738161,8.937576],"rotation":{"angle":0.0,"axis":"y","origin":[8.0,8.691532,8.603176]},"faces":{"east":{"uv":[8.5,0.0,9.15625,0.1875],"rotation":0,"texture":"#0","tintindex":0},"south":{"uv":[8.5,4.625,9.125,4.8125],"rotation":0,"texture":"#0","tintindex":0},"north":{"uv":[8.5,3.25,9.125,3.4375],"rotation":0,"texture":"#0","tintindex":0},"west":{"uv":[8.5,0.25,9.15625,0.4375],"rotation":0,"texture":"#0","tintindex":0},"up":{"uv":[5.75,6.03125,5.125,5.375],"rotation":0,"texture":"#0","tintindex":0},"down":{"uv":[1.625,5.5,1.0,6.15625],"rotation":0,"texture":"#0","tintindex":0}}},{"from":[7.7926855,9.09359,5.641576],"to":[8.2073145,10.031876,6.257576],"rotation":{"angle":22.5,"axis":"x","origin":[8.0,9.062733,6.0210047]},"faces":{"east":{"uv":[3.875,4.5,3.96875,4.75],"rotation":0,"texture":"#0","tintindex":0},"south":{"uv":[3.875,4.75,3.96875,5.0],"rotation":0,"texture":"#0","tintindex":0},"north":{"uv":[1.25,1.5,1.34375,1.75],"rotation":0,"texture":"#0","tintindex":0},"west":{"uv":[5.0,1.75,5.09375,2.0],"rotation":0,"texture":"#0","tintindex":0},"up":{"uv":[9.21875,3.71875,9.125,3.625],"rotation":0,"texture":"#0","tintindex":0},"down":{"uv":[9.21875,5.875,9.125,5.96875],"rotation":0,"texture":"#0","tintindex":0}}},{"from":[6.3359175,8.601749,6.9276547],"to":[6.966035,8.898974,7.403215],"rotation":{"angle":0.0,"axis":"y","origin":[8.0,13.447815,7.893904]},"faces":{"east":{"uv":[3.625,9.375,3.71875,9.4375],"rotation":0,"texture":"#0","tintindex":0},"south":{"uv":[9.125,8.125,9.25,8.1875],"rotation":0,"texture":"#0","tintindex":0},"north":{"uv":[9.125,7.75,9.25,7.8125],"rotation":0,"texture":"#0","tintindex":0},"west":{"uv":[3.75,9.375,3.84375,9.4375],"rotation":0,"texture":"#0","tintindex":0},"up":{"uv":[6.375,7.59375,6.25,7.5],"rotation":0,"texture":"#0","tintindex":0},"down":{"uv":[7.875,5.25,7.75,5.34375],"rotation":0,"texture":"#0","tintindex":0}}},{"from":[6.038692,8.453137,6.7790422],"to":[6.3715844,9.047587,7.5518274],"rotation":{"angle":0.0,"axis":"y","origin":[8.0,13.447815,7.893904]},"faces":{"east":{"uv":[8.625,6.25,8.78125,6.375],"rotation":0,"texture":"#0","tintindex":0},"south":{"uv":[9.375,2.375,9.4375,2.5],"rotation":0,"texture":"#0","tintindex":0},"north":{"uv":[9.375,1.75,9.4375,1.875],"rotation":0,"texture":"#0","tintindex":0},"west":{"uv":[8.625,8.125,8.78125,8.25],"rotation":0,"texture":"#0","tintindex":0},"up":{"uv":[0.0625,9.53125,0.0,9.375],"rotation":0,"texture":"#0","tintindex":0},"down":{"uv":[0.1875,9.375,0.125,9.53125],"rotation":0,"texture":"#0","tintindex":0}}},{"from":[5.0783997,7.9507327,6.155862],"to":[7.978743,9.460447,6.155862],"rotation":{"angle":0.0,"axis":"y","origin":[8.0,8.691532,8.603176]},"faces":{"east":{"uv":[0.0,0.0,0.0,0.34375],"rotation":0,"texture":"#0","tintindex":0},"south":{"uv":[3.28125,1.375,2.65625,1.71875],"rotation":0,"texture":"#0","tintindex":0},"north":{"uv":[2.625,1.375,3.28125,1.71875],"rotation":0,"texture":"#0","tintindex":0},"west":{"uv":[0.0,0.0,0.0,0.34375],"rotation":0,"texture":"#0","tintindex":0},"up":{"uv":[0.65625,0.0,0.0,0.0],"rotation":0,"texture":"#0","tintindex":0},"down":{"uv":[0.65625,0.0,0.0,0.0],"rotation":0,"texture":"#0","tintindex":0}}},{"from":[8.021257,7.9507327,6.155862],"to":[10.9216,9.460447,6.155862],"rotation":{"angle":0.0,"axis":"y","origin":[8.0,8.691532,8.603176]},"faces":{"east":{"uv":[0.0,0.0,0.0,0.34375],"rotation":0,"texture":"#0","tintindex":0},"south":{"uv":[7.90625,6.0,7.25,6.34375],"rotation":0,"texture":"#0","tintindex":0},"north":{"uv":[7.25,6.0,7.90625,6.34375],"rotation":0,"texture":"#0","tintindex":0},"west":{"uv":[0.0,0.0,0.0,0.34375],"rotation":0,"texture":"#0","tintindex":0},"up":{"uv":[0.65625,0.0,0.0,0.0],"rotation":0,"texture":"#0","tintindex":0},"down":{"uv":[0.65625,0.0,0.0,0.0],"rotation":0,"texture":"#0","tintindex":0}}},{"from":[9.033965,8.601749,6.9276547],"to":[9.664083,8.898974,7.403215],"rotation":{"angle":0.0,"axis":"y","origin":[8.0,13.447815,7.893904]},"faces":{"east":{"uv":[9.375,4.5,9.46875,4.5625],"rotation":0,"texture":"#0","tintindex":0},"south":{"uv":[9.375,2.5,9.5,2.5625],"rotation":0,"texture":"#0","tintindex":0},"north":{"uv":[2.5,9.375,2.625,9.4375],"rotation":0,"texture":"#0","tintindex":0},"west":{"uv":[9.375,4.625,9.46875,4.6875],"rotation":0,"texture":"#0","tintindex":0},"up":{"uv":[8.125,8.21875,8.0,8.125],"rotation":0,"texture":"#0","tintindex":0},"down":{"uv":[3.5,8.5,3.375,8.59375],"rotation":0,"texture":"#0","tintindex":0}}},{"from":[9.628416,8.453137,6.7790422],"to":[9.961308,9.047587,7.5518274],"rotation":{"angle":0.0,"axis":"y","origin":[8.0,13.447815,7.893904]},"faces":{"east":{"uv":[8.75,7.5,8.90625,7.625],"rotation":0,"texture":"#0","tintindex":0},"south":{"uv":[9.375,2.625,9.4375,2.75],"rotation":0,"texture":"#0","tintindex":0},"north":{"uv":[2.625,9.375,2.6875,9.5],"rotation":0,"texture":"#0","tintindex":0},"west":{"uv":[8.875,2.125,9.03125,2.25],"rotation":0,"texture":"#0","tintindex":0},"up":{"uv":[9.4375,1.65625,9.375,1.5],"rotation":0,"texture":"#0","tintindex":0},"down":{"uv":[9.4375,2.125,9.375,2.28125],"rotation":0,"texture":"#0","tintindex":0}}},{"from":[6.2898283,10.209019,7.555862],"to":[6.750171,10.426161,7.9032907],"rotation":{"angle":0.0,"axis":"y","origin":[8.0,8.691532,7.460319]},"faces":{"east":{"uv":[9.375,5.75,9.4375,5.8125],"rotation":0,"texture":"#0","tintindex":0},"south":{"uv":[5.125,9.375,5.21875,9.4375],"rotation":0,"texture":"#0","tintindex":0},"north":{"uv":[9.375,4.75,9.46875,4.8125],"rotation":0,"texture":"#0","tintindex":0},"west":{"uv":[5.875,9.375,5.9375,9.4375],"rotation":0,"texture":"#0","tintindex":0},"up":{"uv":[9.46875,5.1875,9.375,5.125],"rotation":0,"texture":"#0","tintindex":0},"down":{"uv":[5.34375,9.375,5.25,9.4375],"rotation":0,"texture":"#0","tintindex":0}}},{"from":[6.0726857,10.100447,7.4472904],"to":[6.3158855,10.534733,8.011862],"rotation":{"angle":0.0,"axis":"y","origin":[8.0,8.691532,7.460319]},