{"textures":{"0":"modelengine:entity/elitemobs_craftenmine_sanctum_texture"},"elements":[{"from":[5.448171,6.043395,6.7274275],"to":[8.246115,8.205224,9.219313],"rotation":{"angle":0.0,"axis":"y","origin":[8.101429,7.159738,7.5790844]},"faces":{"east":{"uv":[7.5,0.5,8.03125,0.96875],"rotation":0,"texture":"#0","tintindex":0},"south":{"uv":[7.375,0.0,8.0,0.46875],"rotation":0,"texture":"#0","tintindex":0},"north":{"uv":[7.25,7.125,7.875,7.59375],"rotation":0,"texture":"#0","tintindex":0},"west":{"uv":[7.5,1.0,8.03125,1.46875],"rotation":0,"texture":"#0","tintindex":0},"up":{"uv":[6.375,7.40625,5.75,6.875],"rotation":0,"texture":"#0","tintindex":0},"down":{"uv":[2.875,7.125,2.25,7.65625],"rotation":0,"texture":"#0","tintindex":0}}},{"from":[4.8767424,5.900538,6.441713],"to":[5.817543,8.490938,9.505028],"rotation":{"angle":0.0,"axis":"y","origin":[12.672857,6.016881,8.721942]},"faces":{"east":{"uv":[4.5,8.5,4.71875,9.0625],"rotation":0,"texture":"#0","tintindex":0},"south":{"uv":[4.5,8.5,4.71875,9.0625],"rotation":0,"texture":"#0","tintindex":0},"north":{"uv":[8.5,0.5,8.71875,1.0625],"rotation":0,"texture":"#0","tintindex":0},"west":{"uv":[4.5,8.5,4.71875,9.0625],"rotation":0,"texture":"#0","tintindex":0},"up":{"uv":[4.71875,9.0625,4.5,8.5],"rotation":0,"texture":"#0","tintindex":0},"down":{"uv":[4.71875,8.5,4.5,9.0625],"rotation":0,"texture":"#0","tintindex":0}}},{"from":[4.9449143,8.913414,7.5241613],"to":[5.7179427,9.34631,8.5290985],"rotation":{"angle":0.0,"axis":"y","origin":[4.902857,8.839976,8.169487]},"faces":{"east":{"uv":[6.0,8.0,6.21875,8.09375],"rotation":0,"texture":"#0","tintindex":0},"south":{"uv":[9.25,3.875,9.40625,3.96875],"rotation":0,"texture":"#0","tintindex":0},"north":{"uv":[9.25,3.0,9.40625,3.09375],"rotation":0,"texture":"#0","tintindex":0},"west":{"uv":[8.125,1.875,8.34375,1.96875],"rotation":0,"texture":"#0","tintindex":0},"up":{"uv":[5.28125,9.34375,5.125,9.125],"rotation":0,"texture":"#0","tintindex":0},"down":{"uv":[9.28125,5.125,9.125,5.34375],"rotation":0,"texture":"#0","tintindex":0}}},{"from":[5.138171,8.140386,7.717418],"to":[5.524686,8.959796,8.335841],"rotation":{"angle":0.0,"axis":"y","origin":[4.902857,8.839976,8.169487]},"faces":{"east":{"uv":[4.5,5.0,4.625,5.1875],"rotation":0,"texture":"#0","tintindex":0},"south":{"uv":[9.25,8.25,9.34375,8.4375],"rotation":0,"texture":"#0","tintindex":0},"north":{"uv":[8.25,9.25,8.34375,9.4375],"rotation":0,"texture":"#0","tintindex":0},"west":{"uv":[4.5,5.25,4.625,5.4375],"rotation":0,"texture":"#0","tintindex":0},"up":{"uv":[5.59375,8.0,5.5,7.875],"rotation":0,"texture":"#0","tintindex":0},"down":{"uv":[8.09375,0.375,8.0,0.5],"rotation":0,"texture":"#0","tintindex":0}}}],"display":{"head":{"translation":[0.0,-6.4,0.0],"scale":[4.0,4.0,4.0]}}}