{"textures":{"0":"modelengine:entity/arcanist_texture"},"elements":[{"from":[4.7761903,4.604762,-7.4285755],"to":[11.290476,11.119048,0.22856808],"rotation":{"angle":0.0,"axis":"y","origin":[8.033334,22.564999,6.5795918]},"faces":{"east":{"uv":[7.8125,6.25,8.625,6.9375],"rotation":0,"texture":"#0","tintindex":0},"south":{"uv":[4.5625,7.9375,5.25,8.625],"rotation":0,"texture":"#0","tintindex":0},"north":{"uv":[7.9375,1.5,8.625,2.1875],"rotation":0,"texture":"#0","tintindex":0},"west":{"uv":[7.875,0.0,8.6875,0.6875],"rotation":0,"texture":"#0","tintindex":0},"up":{"uv":[1.25,8.75,0.5625,7.9375],"rotation":0,"texture":"#0","tintindex":0},"down":{"uv":[8.625,0.6875,7.9375,1.5],"rotation":0,"texture":"#0","tintindex":0}}},{"from":[2.433333,2.1476188,-4.800003],"to":[12.261906,3.5190473,-3.4285755],"rotation":{"angle":0.0,"axis":"y","origin":[7.9761906,8.061905,-4.1142893]},"faces":{"east":{"uv":[2.125,2.8125,2.25,2.9375],"rotation":0,"texture":"#0","tintindex":0},"south":{"uv":[8.625,6.625,9.6875,6.75],"rotation":0,"texture":"#0","tintindex":0},"north":{"uv":[8.625,6.5,9.6875,6.625],"rotation":0,"texture":"#0","tintindex":0},"west":{"uv":[2.125,2.9375,2.25,3.0625],"rotation":0,"texture":"#0","tintindex":0},"up":{"uv":[9.6875,6.875,8.625,6.75],"rotation":0,"texture":"#0","tintindex":0},"down":{"uv":[9.6875,6.875,8.625,7.0],"rotation":0,"texture":"#0","tintindex":0}}},{"from":[2.433333,3.5190473,-4.800003],"to":[3.690476,13.976191,-3.4285755],"rotation":{"angle":0.0,"axis":"y","origin":[7.9761906,8.061905,-4.1142893]},"faces":{"east":{"uv":[2.0,8.625,2.125,9.75],"rotation":0,"texture":"#0","tintindex":0},"south":{"uv":[2.125,8.625,2.25,9.75],"rotation":0,"texture":"#0","tintindex":0},"north":{"uv":[1.875,8.625,2.0,9.75],"rotation":0,"texture":"#0","tintindex":0},"west":{"uv":[2.25,8.625,2.375,9.75],"rotation":0,"texture":"#0","tintindex":0},"up":{"uv":[2.25,3.1875,2.125,3.0625],"rotation":0,"texture":"#0","tintindex":0},"down":{"uv":[1.75,3.125,1.625,3.25],"rotation":0,"texture":"#0","tintindex":0}}},{"from":[3.690476,12.604762,-4.800003],"to":[13.576191,13.976191,-3.4285755],"rotation":{"angle":0.0,"axis":"y","origin":[7.9761906,8.061905,-4.1142893]},"faces":{"east":{"uv":[1.75,3.125,1.875,3.25],"rotation":0,"texture":"#0","tintindex":0},"south":{"uv":[8.625,7.125,9.6875,7.25],"rotation":0,"texture":"#0","tintindex":0},"north":{"uv":[8.625,7.0,9.6875,7.125],"rotation":0,"texture":"#0","tintindex":0},"west":{"uv":[1.875,3.125,2.0,3.25],"rotation":0,"texture":"#0","tintindex":0},"up":{"uv":[9.6875,7.375,8.625,7.25],"rotation":0,"texture":"#0","tintindex":0},"down":{"uv":[9.6875,7.375,8.625,7.5],"rotation":0,"texture":"#0","tintindex":0}}},{"from":[12.2047615,2.1476188,-4.800003],"to":[13.576191,12.661905,-3.4285755],"rotation":{"angle":0.0,"axis":"y","origin":[7.9761906,8.061905,-4.1142893]},"faces":{"east":{"uv":[4.5625,8.625,4.6875,9.75],"rotation":0,"texture":"#0","tintindex":0},"south":{"uv":[4.6875,8.625,4.8125,9.75],"rotation":0,"texture":"#0","tintindex":0},"north":{"uv":[2.375,8.625,2.5,9.75],"rotation":0,"texture":"#0","tintindex":0},"west":{"uv":[4.8125,8.625,4.9375,9.75],"rotation":0,"texture":"#0","tintindex":0},"up":{"uv":[2.125,3.25,2.0,3.125],"rotation":0,"texture":"#0","tintindex":0},"down":{"uv":[4.0,3.0625,3.875,3.1875],"rotation":0,"texture":"#0","tintindex":0}}},{"from":[5.57619,5.404762,-0.34286022],"to":[10.490477,10.319048,32.0],"rotation":{"angle":0.0,"axis":"y","origin":[8.033334,22.564999,6.5795918]},"faces":{"east":{"uv":[3.875,1.9375,7.4375,2.5],"rotation":0,"texture":"#0","tintindex":0},"south":{"uv":[0.0,8.0,0.5625,8.5625],"rotation":0,"texture":"#0","tintindex":0},"north":{"uv":[5.25,7.9375,5.8125,8.5],"rotation":0,"texture":"#0","tintindex":0},"west":{"uv":[3.875,2.5,7.4375,3.0625],"rotation":0,"texture":"#0","tintindex":0},"up":{"uv":[4.9375,6.625,4.375,3.0625],"rotation":0,"texture":"#0","tintindex":0},"down":{"uv":[0.5625,4.4375,0.0,8.0],"rotation":0,"texture":"#0","tintindex":0}}}],"display":{"head":{"translation":[0.0,-6.4,34.81906],"scale":[4.0,4.0,4.0]}}}