{"textures":{"0":"modelengine:entity/elitemobs_craftenmine_sanctum_texture"},"elements":[{"from":[6.604195,6.8031983,7.237808],"to":[7.9735665,8.250741,9.301123],"rotation":{"angle":0.0,"axis":"y","origin":[15.40031,6.2052555,9.089465]},"faces":{"east":{"uv":[8.375,5.0,8.8125,5.3125],"rotation":0,"texture":"#0","tintindex":0},"south":{"uv":[8.625,2.75,8.9375,3.0625],"rotation":0,"texture":"#0","tintindex":0},"north":{"uv":[0.0,8.625,0.3125,8.9375],"rotation":0,"texture":"#0","tintindex":0},"west":{"uv":[8.375,5.375,8.8125,5.6875],"rotation":0,"texture":"#0","tintindex":0},"up":{"uv":[6.3125,8.8125,6.0,8.375],"rotation":0,"texture":"#0","tintindex":0},"down":{"uv":[6.6875,8.375,6.375,8.8125],"rotation":0,"texture":"#0","tintindex":0}}},{"from":[5.461338,6.6603413,7.094951],"to":[6.8307095,7.965027,9.443979],"rotation":{"angle":22.5,"axis":"z","origin":[6.1460238,7.7412553,8.269465]},"faces":{"east":{"uv":[1.625,8.375,2.125,8.65625],"rotation":0,"texture":"#0","tintindex":0},"south":{"uv":[1.625,8.75,1.9375,9.03125],"rotation":0,"texture":"#0","tintindex":0},"north":{"uv":[8.75,1.5,9.0625,1.78125],"rotation":0,"texture":"#0","tintindex":0},"west":{"uv":[8.375,1.875,8.875,2.15625],"rotation":0,"texture":"#0","tintindex":0},"up":{"uv":[8.4375,1.875,8.125,1.375],"rotation":0,"texture":"#0","tintindex":0},"down":{"uv":[2.4375,8.125,2.125,8.625],"rotation":0,"texture":"#0","tintindex":0}}},{"from":[4.6030016,6.519577,7.1806655],"to":[5.829516,7.2528343,7.815408],"rotation":{"angle":45.0,"axis":"z","origin":[5.14483,7.17192,7.35518]},"faces":{"east":{"uv":[0.75,8.75,0.875,8.90625],"rotation":0,"texture":"#0","tintindex":0},"south":{"uv":[2.875,9.0,3.15625,9.15625],"rotation":0,"texture":"#0","tintindex":0},"north":{"uv":[8.875,3.75,9.15625,3.90625],"rotation":0,"texture":"#0","tintindex":0},"west":{"uv":[7.875,8.75,8.0,8.90625],"rotation":0,"texture":"#0","tintindex":0},"up":{"uv":[0.28125,3.25,0.0,3.125],"rotation":0,"texture":"#0","tintindex":0},"down":{"uv":[0.65625,3.125,0.375,3.25],"rotation":0,"texture":"#0","tintindex":0}}},{"from":[4.7450256,5.549997,7.1235228],"to":[5.5354257,6.776511,7.872551],"rotation":{"angle":-22.5,"axis":"z","origin":[5.3973684,7.020397,7.498037]},"faces":{"east":{"uv":[3.25,9.0,3.40625,9.28125],"rotation":0,"texture":"#0","tintindex":0},"south":{"uv":[4.125,8.875,4.3125,9.15625],"rotation":0,"texture":"#0","tintindex":0},"north":{"uv":[3.875,8.875,4.0625,9.15625],"rotation":0,"texture":"#0","tintindex":0},"west":{"uv":[5.75,9.0,5.90625,9.28125],"rotation":0,"texture":"#0","tintindex":0},"up":{"uv":[9.3125,7.40625,9.125,7.25],"rotation":0,"texture":"#0","tintindex":0},"down":{"uv":[9.3125,7.5,9.125,7.65625],"rotation":0,"texture":"#0","tintindex":0}}},{"from":[4.7450256,5.549997,7.9235225],"to":[5.5354257,6.776511,8.672551],"rotation":{"angle":-22.5,"axis":"z","origin":[5.3973684,7.020397,8.298037]},"faces":{"east":{"uv":[6.75,9.0,6.90625,9.28125],"rotation":0,"texture":"#0","tintindex":0},"south":{"uv":[8.875,5.25,9.0625,5.53125],"rotation":0,"texture":"#0","tintindex":0},"north":{"uv":[8.875,4.875,9.0625,5.15625],"rotation":0,"texture":"#0","tintindex":0},"west":{"uv":[7.625,9.0,7.78125,9.28125],"rotation":0,"texture":"#0","tintindex":0},"up":{"uv":[9.4375,0.15625,9.25,0.0],"rotation":0,"texture":"#0","tintindex":0},"down":{"uv":[9.4375,0.25,9.25,0.40625],"rotation":0,"texture":"#0","tintindex":0}}},{"from":[4.6030016,6.519577,7.980665],"to":[5.829516,7.2528343,8.615408],"rotation":{"angle":45.0,"axis":"z","origin":[5.14483,7.17192,8.15518]},"faces":{"east":{"uv":[4.375,8.875,4.5,9.03125],"rotation":0,"texture":"#0","tintindex":0},"south":{"uv":[8.25,9.0,8.53125,9.15625],"rotation":0,"texture":"#0","tintindex":0},"north":{"uv":[7.875,9.0,8.15625,9.15625],"rotation":0,"texture":"#0","tintindex":0},"west":{"uv":[7.0,9.0,7.125,9.15625],"rotation":0,"texture":"#0","tintindex":0},"up":{"uv":[1.03125,3.25,0.75,3.125],"rotation":0,"texture":"#0","tintindex":0},"down":{"uv":[1.28125,5.375,1.0,5.5],"rotation":0,"texture":"#0","tintindex":0}}},{"from":[4.6030016,6.519577,8.752094],"to":[5.829516,7.2528343,9.386837],"rotation":{"angle":45.0,"axis":"z","origin":[5.14483,7.17192,8.926608]},"faces":{"east":{"uv":[5.625,9.125,5.75,9.28125],"rotation":0,"texture":"#0","tintindex":0},"south":{"uv":[9.0,8.75,9.28125,8.90625],"rotation":0,"texture":"#0","tintindex":0},"north":{"uv":[8.625,9.0,8.90625,9.15625],"rotation":0,"texture":"#0","tintindex":0},"west":{"uv":[3.125,9.25,3.25,9.40625],"rotation":0,"texture":"#0","tintindex":0},"up":{"uv":[2.53125,5.875,2.25,5.75],"rotation":0,"texture":"#0","tintindex":0},"down":{"uv":[6.03125,2.5,5.75,2.625],"rotation":0,"texture":"#0","tintindex":0}}},{"from":[4.7450256,5.549997,8.694951],"to":[5.5354257,6.776511,9.443979],"rotation":{"angle":-22.5,"axis":"z","origin":[5.3973684,7.020397,9.069466]},"faces":{"east":{"uv":[9.0,9.0,9.15625,9.28125],"rotation":0,"texture":"#0","tintindex":0},"south":{"uv":[6.25,8.875,6.4375,9.15625],"rotation":0,"texture":"#0","tintindex":0},"north":{"uv":[6.0,8.875,6.1875,9.15625],"rotation":0,"texture":"#0","tintindex":0},"west":{"uv":[0.25,9.125,0.40625,9.40625],"rotation":0,"texture":"#0","tintindex":0},"up":{"uv":[9.4375,0.65625,9.25,0.5],"rotation":0,"texture":"#0","tintindex":0},"down":{"uv":[9.4375,0.75,9.25,0.90625],"rotation":0,"texture":"#0","tintindex":0}}},{"from":[6.0514255,5.872069,6.455101],"to":[6.800454,7.098583,7.102644],"rotation":{"angle":0.0,"axis":"y","origin":[6.42594,6.1996117,6.4931583]},"faces":{"east":{"uv":[0.75,9.125,0.90625,9.40625],"rotation":0,"texture":"#0","tintindex":0},"south":{"uv":[1.0,9.125,1.15625,9.40625],"rotation":0,"texture":"#0","tintindex":0},"north":{"uv":[0.5,9.125,0.65625,9.40625],"rotation":0,"texture":"#0","tintindex":0},"west":{"uv":[1.25,9.125,1.40625,9.40625],"rotation":0,"texture":"#0","tintindex":0},"up":{"uv":[4.28125,9.40625,4.125,9.25],"rotation":0,"texture":"#0","tintindex":0},"down":{"uv":[9.40625,4.25,9.25,4.40625],"rotation":0,"texture":"#0","tintindex":0}}},{"from":[6.113173,6.519577,6.813351],"to":[6.747916,7.2528343,7.3255796],"rotation":{"angle":45.0,"axis":"x","origin":[5.14483,7.17192,7.35518]},"faces":{"east":{"uv":[6.375,9.25,6.5,9.40625],"rotation":0,"texture":"#0","tintindex":0},"south":{"uv":[6.5,9.25,6.625,9.40625],"rotation":0,"texture":"#0","tintindex":0},"north":{"uv":[6.25,9.25,6.375,9.40625],"rotation":0,"texture":"#0","tintindex":0},"west":{"uv":[6.625,9.25,6.75,9.40625],"rotation":0,"texture":"#0","tintindex":0},"up":{"uv":[1.25,3.25,1.125,3.125],"rotation":0,"texture":"#0","tintindex":0},"down":{"uv":[1.5,5.375,1.375,5.5],"rotation":0,"texture":"#0","tintindex":0}}}],"display":{"head":{"translation":[0.0,-6.4,0.0],"scale":[4.0,4.0,4.0]}}}