{"textures":{"1":"modelengine:entity/goblin_treasure_extra"},"elements":[{"from":[5.714286,6.857143,5.714286],"to":[6.285714,8.571428,8.0],"rotation":{"angle":0.0,"axis":"y","origin":[8.571428,7.428571,4.5714283]},"faces":{"east":{"uv":[0.0,11.0,1.3333334,12.0],"rotation":0,"texture":"#1","tintindex":0},"south":{"uv":[5.6666665,8.333333,6.0,9.333333],"rotation":0,"texture":"#1","tintindex":0},"north":{"uv":[5.3333335,8.333333,5.6666665,9.333333],"rotation":0,"texture":"#1","tintindex":0},"west":{"uv":[11.333333,7.6666665,12.666667,8.666667],"rotation":0,"texture":"#1","tintindex":0},"up":{"uv":[0.33333334,13.333333,0.0,12.0],"rotation":0,"texture":"#1","tintindex":0},"down":{"uv":[0.6666667,12.0,0.33333334,13.333333],"rotation":0,"texture":"#1","tintindex":0}}},{"from":[5.142857,5.714286,8.0],"to":[10.857143,8.0,11.428572],"rotation":{"angle":0.0,"axis":"y","origin":[8.0,7.428571,8.0]},"faces":{"east":{"uv":[5.3333335,9.333333,7.3333335,10.666667],"rotation":0,"texture":"#1","tintindex":0},"south":{"uv":[6.6666665,3.0,10.0,4.3333335],"rotation":0,"texture":"#1","tintindex":0},"north":{"uv":[6.6666665,1.6666666,10.0,3.0],"rotation":0,"texture":"#1","tintindex":0},"west":{"uv":[0.0,9.666667,2.0,11.0],"rotation":0,"texture":"#1","tintindex":0},"up":{"uv":[3.3333333,6.6666665,0.0,4.6666665],"rotation":0,"texture":"#1","tintindex":0},"down":{"uv":[6.6666665,4.6666665,3.3333333,6.6666665],"rotation":0,"texture":"#1","tintindex":0}}},{"from":[5.142857,4.5714283,8.0],"to":[10.857143,5.714286,12.0],"rotation":{"angle":0.0,"axis":"y","origin":[8.0,4.0,8.0]},"faces":{"east":{"uv":[10.666667,10.0,13.0,10.666667],"rotation":0,"texture":"#1","tintindex":0},"south":{"uv":[10.0,1.6666666,13.333333,2.3333333],"rotation":0,"texture":"#1","tintindex":0},"north":{"uv":[10.0,1.0,13.333333,1.6666666],"rotation":0,"texture":"#1","tintindex":0},"west":{"uv":[11.333333,5.6666665,13.666667,6.3333335],"rotation":0,"texture":"#1","tintindex":0},"up":{"uv":[3.3333333,2.3333333,0.0,0.0],"rotation":0,"texture":"#1","tintindex":0},"down":{"uv":[3.3333333,2.3333333,0.0,4.6666665],"rotation":0,"texture":"#1","tintindex":0}}},{"from":[4.5714283,5.714286,9.142858],"to":[5.142857,7.428571,10.857143],"rotation":{"angle":0.0,"axis":"y","origin":[2.2857141,7.428571,8.0]},"faces":{"east":{"uv":[3.0,11.666667,4.0,12.666667],"rotation":0,"texture":"#1","tintindex":0},"south":{"uv":[5.0,9.666667,5.3333335,10.666667],"rotation":0,"texture":"#1","tintindex":0},"north":{"uv":[4.6666665,9.666667,5.0,10.666667],"rotation":0,"texture":"#1","tintindex":0},"west":{"uv":[11.666667,6.3333335,12.666667,7.3333335],"rotation":0,"texture":"#1","tintindex":0},"up":{"uv":[9.666667,13.0,9.333333,12.0],"rotation":0,"texture":"#1","tintindex":0},"down":{"uv":[10.0,12.0,9.666667,13.0],"rotation":0,"texture":"#1","tintindex":0}}},{"from":[5.714286,4.0,8.0],"to":[10.285714,4.5714283,10.857143],"rotation":{"angle":0.0,"axis":"y","origin":[8.0,3.4285712,8.0]},"faces":{"east":{"uv":[6.0,12.0,7.6666665,12.333333],"rotation":0,"texture":"#1","tintindex":0},"south":{"uv":[12.0,4.3333335,14.666667,4.6666665],"rotation":0,"texture":"#1","tintindex":0},"north":{"uv":[11.333333,9.666667,14.0,10.0],"rotation":0,"texture":"#1","tintindex":0},"west":{"uv":[7.6666665,12.0,9.333333,12.333333],"rotation":0,"texture":"#1","tintindex":0},"up":{"uv":[6.0,8.333333,3.3333333,6.6666665],"rotation":0,"texture":"#1","tintindex":0},"down":{"uv":[9.333333,4.3333335,6.6666665,6.0],"rotation":0,"texture":"#1","tintindex":0}}},{"from":[9.714286,6.857143,5.714286],"to":[10.285714,8.571428,8.0],"rotation":{"angle":0.0,"axis":"y","origin":[12.571428,7.428571,4.5714283]},"faces":{"east":{"uv":[11.333333,8.666667,12.666667,9.666667],"rotation":0,"texture":"#1","tintindex":0},"south":{"uv":[10.333333,12.0,10.666667,13.0],"rotation":0,"texture":"#1","tintindex":0},"north":{"uv":[10.0,12.0,10.333333,13.0],"rotation":0,"texture":"#1","tintindex":0},"west":{"uv":[11.333333,10.666667,12.666667,11.666667],"rotation":0,"texture":"#1","tintindex":0},"up":{"uv":[1.0,13.333333,0.6666667,12.0],"rotation":0,"texture":"#1","tintindex":0},"down":{"uv":[1.3333334,12.0,1.0,13.333333],"rotation":0,"texture":"#1","tintindex":0}}},{"from":[10.857143,5.714286,9.142858],"to":[11.428572,7.428571,10.857143],"rotation":{"angle":0.0,"axis":"y","origin":[8.571428,7.428571,8.0]},"faces":{"east":{"uv":[11.666667,6.6666665,12.666667,7.6666665],"rotation":0,"texture":"#1","tintindex":0},"south":{"uv":[11.0,12.0,11.333333,13.0],"rotation":0,"texture":"#1","tintindex":0},"north":{"uv":[10.666667,12.0,11.0,13.0],"rotation":0,"texture":"#1","tintindex":0},"west":{"uv":[11.333333,11.666667,12.333333,12.666667],"rotation":0,"texture":"#1","tintindex":0},"up":{"uv":[1.6666666,13.333333,1.3333334,12.333333],"rotation":0,"texture":"#1","tintindex":0},"down":{"uv":[2.0,12.333333,1.6666666,13.333333],"rotation":0,"texture":"#1","tintindex":0}}},{"from":[5.142857,8.0,8.0],"to":[10.857143,9.142858,12.0],"rotation":{"angle":0.0,"axis":"y","origin":[8.0,7.428571,8.0]},"faces":{"east":{"uv":[11.333333,6.3333335,13.666667,7.0],"rotation":0,"texture":"#1","tintindex":0},"south":{"uv":[10.0,3.0,13.333333,3.6666667],"rotation":0,"texture":"#1","tintindex":0},"north":{"uv":[10.0,2.3333333,13.333333,3.0],"rotation":0,"texture":"#1","tintindex":0},"west":{"uv":[11.333333,7.0,13.666667,7.6666665],"rotation":0,"texture":"#1","tintindex":0},"up":{"uv":[6.6666665,2.3333333,3.3333333,0.0],"rotation":0,"texture":"#1","tintindex":0},"down":{"uv":[6.6666665,2.3333333,3.3333333,4.6666665],"rotation":0,"texture":"#1","tintindex":0}}},{"from":[5.714286,5.714286,11.428572],"to":[10.285714,7.428571,12.0],"rotation":{"angle":0.0,"axis":"y","origin":[8.0,8.0,11.428572]},"faces":{"east":{"uv":[2.0,12.333333,2.3333333,13.333333],"rotation":0,"texture":"#1","tintindex":0},"south":{"uv":[10.333333,1.6666666,13.0,2.6666667],"rotation":0,"texture":"#1","tintindex":0},"north":{"uv":[2.0,9.666667,4.6666665,10.666667],"rotation":0,"texture":"#1","tintindex":0},"west":{"uv":[2.3333333,12.333333,2.6666667,13.333333],"rotation":0,"texture":"#1","tintindex":0},"up":{"uv":[14.666667,5.0,12.0,4.6666665],"rotation":0,"texture":"#1","tintindex":0},"down":{"uv":[14.666667,5.0,12.0,5.3333335],"rotation":0,"texture":"#1","tintindex":0}}},{"from":[6.285714,8.571428,10.857143],"to":[9.714286,10.285714,11.428572],"rotation":{"angle":0.0,"axis":"y","origin":[8.0,10.857143,10.857143]},"faces":{"east":{"uv":[2.6666667,12.333333,3.0,13.333333],"rotation":0,"texture":"#1","tintindex":0},"south":{"uv":[10.666667,3.0,12.666667,4.0],"rotation":0,"texture":"#1","tintindex":0},"north":{"uv":[2.0,10.666667,4.0,11.666667],"rotation":0,"texture":"#1","tintindex":0},"west":{"uv":[6.0,12.333333,6.3333335,13.333333],"rotation":0,"texture":"#1","tintindex":0},"up":{"uv":[11.333333,6.0,9.333333,5.6666665],"rotation":0,"texture":"#1","tintindex":0},"down":{"uv":[14.0,5.3333335,12.0,5.6666665],"rotation":0,"texture":"#1","tintindex":0}}},{"from":[5.714286,8.571428,8.571428],"to":[10.285714,10.857143,10.857143],"rotation":{"angle":0.0,"axis":"y","origin":[8.0,10.857143,8.0]},"faces":{"east":{"uv":[6.0,10.666667,7.3333335,12.0],"rotation":0,"texture":"#1","tintindex":0},"south":{"uv":[6.0,8.0,8.666667,9.333333],"rotation":0,"texture":"#1","tintindex":0},"north":{"uv":[6.0,6.6666665,8.666667,8.0],"rotation":0,"texture":"#1","tintindex":0},"west":{"uv":[7.3333335,10.666667,8.666667,12.0],"rotation":0,"texture":"#1","tintindex":0},"up":{"uv":[2.6666667,9.666667,0.0,8.333333],"rotation":0,"texture":"#1","tintindex":0},"down":{"uv":[5.3333335,8.333333,2.6666667,9.666667],"rotation":0,"texture":"#1","tintindex":0}}},{"from":[5.142857,10.857143,8.571428],"to":[10.857143,12.0,11.428572],"rotation":{"angle":0.0,"axis":"y","origin":[8.0,10.285714,8.0]},"faces":{"east":{"uv":[6.6666665,6.0,8.333333,6.6666665],"rotation":0,"texture":"#1","tintindex":0},"south":{"uv":[7.3333335,10.0,10.666667,10.666667],"rotation":0,"texture":"#1","tintindex":0},