{"textures":{"0":"modelengine:entity/arcanist_texture"},"elements":[{"from":[0.68571377,7.885714,0.68571377],"to":[15.314286,8.8,15.314286],"rotation":{"angle":-45.0,"axis":"y","origin":[8.0,8.342857,8.0]},"faces":{"east":{"uv":[8.3125,6.125,9.9375,6.25],"rotation":0,"texture":"#0","tintindex":0},"south":{"uv":[8.625,1.6875,10.25,1.8125],"rotation":0,"texture":"#0","tintindex":0},"north":{"uv":[8.3125,6.0,9.9375,6.125],"rotation":0,"texture":"#0","tintindex":0},"west":{"uv":[8.625,1.8125,10.25,1.9375],"rotation":0,"texture":"#0","tintindex":0},"up":{"uv":[3.875,1.625,2.25,0.0],"rotation":0,"texture":"#0","tintindex":0},"down":{"uv":[3.875,1.625,2.25,3.25],"rotation":0,"texture":"#0","tintindex":0}}},{"from":[0.5714283,7.7714286,0.5714283],"to":[15.428572,8.914286,15.428572],"rotation":{"angle":0.0,"axis":"y","origin":[8.0,4.342857,10.857143]},"faces":{"east":{"uv":[8.625,2.0625,10.25,2.1875],"rotation":0,"texture":"#0","tintindex":0},"south":{"uv":[8.625,6.25,10.25,6.375],"rotation":0,"texture":"#0","tintindex":0},"north":{"uv":[8.625,1.9375,10.25,2.0625],"rotation":0,"texture":"#0","tintindex":0},"west":{"uv":[8.625,6.375,10.25,6.5],"rotation":0,"texture":"#0","tintindex":0},"up":{"uv":[1.625,4.4375,0.0,2.8125],"rotation":0,"texture":"#0","tintindex":0},"down":{"uv":[3.25,3.25,1.625,4.875],"rotation":0,"texture":"#0","tintindex":0}}},{"from":[3.4285712,8.914286,3.4285712],"to":[12.571428,10.057143,12.571428],"rotation":{"angle":-45.0,"axis":"y","origin":[8.0,9.485714,8.0]},"faces":{"east":{"uv":[8.625,7.5,9.625,7.625],"rotation":0,"texture":"#0","tintindex":0},"south":{"uv":[8.625,7.625,9.625,7.75],"rotation":0,"texture":"#0","tintindex":0},"north":{"uv":[5.8125,6.9375,6.8125,7.0625],"rotation":0,"texture":"#0","tintindex":0},"west":{"uv":[8.625,7.75,9.625,7.875],"rotation":0,"texture":"#0","tintindex":0},"up":{"uv":[1.5625,7.9375,0.5625,6.9375],"rotation":0,"texture":"#0","tintindex":0},"down":{"uv":[5.8125,6.9375,4.8125,7.9375],"rotation":0,"texture":"#0","tintindex":0}}},{"from":[4.8,9.942858,4.8],"to":[11.2,14.057143,11.2],"rotation":{"angle":0.0,"axis":"y","origin":[8.0,4.342857,10.857143]},"faces":{"east":{"uv":[8.3125,5.125,9.0,5.5625],"rotation":0,"texture":"#0","tintindex":0},"south":{"uv":[8.3125,5.5625,9.0,6.0],"rotation":0,"texture":"#0","tintindex":0},"north":{"uv":[8.3125,4.6875,9.0,5.125],"rotation":0,"texture":"#0","tintindex":0},"west":{"uv":[6.8125,8.3125,7.5,8.75],"rotation":0,"texture":"#0","tintindex":0},"up":{"uv":[8.625,7.625,7.9375,6.9375],"rotation":0,"texture":"#0","tintindex":0},"down":{"uv":[8.625,7.625,7.9375,8.3125],"rotation":0,"texture":"#0","tintindex":0}}},{"from":[5.714286,14.057143,5.714286],"to":[10.285714,16.914288,10.285714],"rotation":{"angle":-45.0,"axis":"y","origin":[8.0,16.057144,8.0]},"faces":{"east":{"uv":[6.25,1.625,6.75,1.9375],"rotation":0,"texture":"#0","tintindex":0},"south":{"uv":[6.75,1.625,7.25,1.9375],"rotation":0,"texture":"#0","tintindex":0},"north":{"uv":[1.625,2.8125,2.125,3.125],"rotation":0,"texture":"#0","tintindex":0},"west":{"uv":[1.375,8.625,1.875,8.9375],"rotation":0,"texture":"#0","tintindex":0},"up":{"uv":[9.125,1.1875,8.625,0.6875],"rotation":0,"texture":"#0","tintindex":0},"down":{"uv":[9.125,1.1875,8.625,1.6875],"rotation":0,"texture":"#0","tintindex":0}}},{"from":[6.857143,16.914288,6.857143],"to":[9.142858,19.77143,9.142858],"rotation":{"angle":0.0,"axis":"y","origin":[8.0,4.342857,10.857143]},"faces":{"east":{"uv":[7.4375,2.5,7.6875,2.8125],"rotation":0,"texture":"#0","tintindex":0},"south":{"uv":[4.5625,7.625,4.8125,7.9375],"rotation":0,"texture":"#0","tintindex":0},"north":{"uv":[3.5625,7.125,3.8125,7.4375],"rotation":0,"texture":"#0","tintindex":0},"west":{"uv":[7.9375,2.1875,8.1875,2.5],"rotation":0,"texture":"#0","tintindex":0},"up":{"uv":[7.6875,3.0625,7.4375,2.8125],"rotation":0,"texture":"#0","tintindex":0},"down":{"uv":[5.1875,8.625,4.9375,8.875],"rotation":0,"texture":"#0","tintindex":0}}}],"display":{"head":{"translation":[0.0,-6.4,0.0],"scale":[4.0,4.0,4.0]}}}