{"textures":{"0":"modelengine:entity/blood_elemental"},"elements":[{"from":[11.578866,24.592312,6.1480775],"to":[17.134632,32.0,9.851922],"rotation":{"angle":-45.0,"axis":"z","origin":[-19.196648,26.791306,15.537132]},"faces":{"east":{"uv":[4.4355,9.1895,4.3145,9.4355],"rotation":0,"texture":"#0","tintindex":0},"south":{"uv":[7.5605,8.4395,7.377,8.6855],"rotation":0,"texture":"#0","tintindex":0},"north":{"uv":[7.3105,8.4395,7.127,8.6855],"rotation":0,"texture":"#0","tintindex":0},"west":{"uv":[4.248,9.1895,4.127,9.4355],"rotation":0,"texture":"#0","tintindex":0},"up":{"uv":[0.002,9.6855,0.1855,9.5645],"rotation":0,"texture":"#0","tintindex":0},"down":{"uv":[0.252,9.5645,0.4355,9.6855],"rotation":0,"texture":"#0","tintindex":0}}},{"from":[1.6976581,-4.3958635,6.611058],"to":[5.4015036,3.011826,9.388942],"rotation":{"angle":0.0,"axis":"y","origin":[-19.196648,26.791306,15.537132]},"faces":{"east":{"uv":[8.21875,9.502,8.127,9.748],"rotation":0,"texture":"#0","tintindex":0},"south":{"uv":[2.8105,9.1895,2.6895,9.4355],"rotation":0,"texture":"#0","tintindex":0},"north":{"uv":[7.498,9.127,7.377,9.373],"rotation":0,"texture":"#0","tintindex":0},"west":{"uv":[7.78125,9.502,7.6895,9.748],"rotation":0,"texture":"#0","tintindex":0},"up":{"uv":[10.002,1.09375,10.123,1.002],"rotation":0,"texture":"#0","tintindex":0},"down":{"uv":[1.1895,10.002,1.3105,10.09375],"rotation":0,"texture":"#0","tintindex":0}}}],"display":{"head":{"translation":[0.0,0.4392028,0.0],"scale":[4.0,4.0,4.0]}}}