{"textures":{"0":"modelengine:entity/frost_queen_phase_3"},"elements":[{"from":[6.1899137,8.873778,4.7049356],"to":[9.729638,10.884985,4.7049356],"rotation":{"angle":22.5,"axis":"x","origin":[7.959776,10.281623,4.3026943]},"faces":{"east":{"uv":[0.0,0.0,0.0,0.625],"rotation":0,"texture":"#0","tintindex":0},"south":{"uv":[15.125,8.8125,14.0,9.4375],"rotation":0,"texture":"#0","tintindex":0},"north":{"uv":[15.125,8.8125,14.0,9.4375],"rotation":0,"texture":"#0","tintindex":0},"west":{"uv":[0.0,0.0,0.0,0.625],"rotation":0,"texture":"#0","tintindex":0},"up":{"uv":[1.125,0.0,0.0,0.0],"rotation":0,"texture":"#0","tintindex":0},"down":{"uv":[1.125,0.0,0.0,0.0],"rotation":0,"texture":"#0","tintindex":0}}},{"from":[6.2676783,10.276724,4.9027414],"to":[9.68673,11.081206,7.51731],"rotation":{"angle":0.0,"axis":"y","origin":[7.9772043,11.081206,6.310586]},"faces":{"east":{"uv":[10.75,5.75,11.5625,6.0],"rotation":0,"texture":"#0","tintindex":0},"south":{"uv":[10.5,6.25,11.5625,6.5],"rotation":0,"texture":"#0","tintindex":0},"north":{"uv":[10.0,6.0,11.0625,6.25],"rotation":0,"texture":"#0","tintindex":0},"west":{"uv":[10.75,8.0,11.5625,8.25],"rotation":0,"texture":"#0","tintindex":0},"up":{"uv":[5.5625,1.5625,4.5,0.75],"rotation":0,"texture":"#0","tintindex":0},"down":{"uv":[5.8125,1.75,4.75,2.5625],"rotation":0,"texture":"#0","tintindex":0}}},{"from":[6.1899137,8.877821,8.2251625],"to":[9.729638,10.889028,8.2251625],"rotation":{"angle":-45.0,"axis":"x","origin":[7.959776,9.883425,7.9033694]},"faces":{"east":{"uv":[0.0,0.0,0.0,0.625],"rotation":0,"texture":"#0","tintindex":0},"south":{"uv":[14.0,8.8125,15.125,9.4375],"rotation":0,"texture":"#0","tintindex":0},"north":{"uv":[14.0,8.8125,15.125,9.4375],"rotation":0,"texture":"#0","tintindex":0},"west":{"uv":[0.0,0.0,0.0,0.625],"rotation":0,"texture":"#0","tintindex":0},"up":{"uv":[1.125,0.0,0.0,0.0],"rotation":0,"texture":"#0","tintindex":0},"down":{"uv":[1.125,0.0,0.0,0.0],"rotation":0,"texture":"#0","tintindex":0}}}],"display":{"head":{"translation":[0.0,-6.4,0.0],"scale":[4.0,4.0,4.0]}}}