{"textures":{"0":"modelengine:entity/frost_queen_phase_3"},"elements":[{"from":[7.0000997,4.8190384,6.813463],"to":[8.810186,7.7956247,8.82467],"rotation":{"angle":0.0,"axis":"y","origin":[8.910747,12.622522,8.020187]},"faces":{"east":{"uv":[6.75,1.5,7.375,2.4375],"rotation":0,"texture":"#0","tintindex":0},"south":{"uv":[5.25,7.25,5.8125,8.1875],"rotation":0,"texture":"#0","tintindex":0},"north":{"uv":[5.25,7.25,5.8125,8.1875],"rotation":0,"texture":"#0","tintindex":0},"west":{"uv":[6.75,2.5,7.375,3.4375],"rotation":0,"texture":"#0","tintindex":0},"up":{"uv":[1.3125,10.375,0.75,9.75],"rotation":0,"texture":"#0","tintindex":0},"down":{"uv":[10.3125,0.75,9.75,1.375],"rotation":0,"texture":"#0","tintindex":0}}},{"from":[6.798979,5.3653193,6.7224073],"to":[9.011307,5.8882327,8.934735],"rotation":{"angle":0.0,"axis":"y","origin":[7.905143,8.0,7.8285713]},"faces":{"east":{"uv":[5.5,5.0,6.1875,5.1875],"rotation":0,"texture":"#0","tintindex":0},"south":{"uv":[6.0,2.5,6.6875,2.6875],"rotation":0,"texture":"#0","tintindex":0},"north":{"uv":[1.25,3.25,1.9375,3.4375],"rotation":0,"texture":"#0","tintindex":0},"west":{"uv":[11.0,7.25,11.6875,7.4375],"rotation":0,"texture":"#0","tintindex":0},"up":{"uv":[8.4375,3.9375,7.75,3.25],"rotation":0,"texture":"#0","tintindex":0},"down":{"uv":[8.4375,4.0,7.75,4.6875],"rotation":0,"texture":"#0","tintindex":0}}},{"from":[7.2012205,6.992967,6.982435],"to":[8.609065,8.722605,8.792521],"rotation":{"angle":-45.0,"axis":"x","origin":[7.905143,7.857786,7.6863575]},"faces":{"east":{"uv":[8.75,10.0,9.3125,10.5625],"rotation":0,"texture":"#0","tintindex":0},"south":{"uv":[10.75,3.75,11.1875,4.3125],"rotation":0,"texture":"#0","tintindex":0},"north":{"uv":[3.5,10.75,3.9375,11.3125],"rotation":0,"texture":"#0","tintindex":0},"west":{"uv":[0.0,10.25,0.5625,10.8125],"rotation":0,"texture":"#0","tintindex":0},"up":{"uv":[4.4375,11.3125,4.0,10.75],"rotation":0,"texture":"#0","tintindex":0},"down":{"uv":[11.1875,4.5,10.75,5.0625],"rotation":0,"texture":"#0","tintindex":0}}},{"from":[6.4771857,5.5262156,7.486666],"to":[7.4827895,5.807784,8.090029],"rotation":{"angle":0.0,"axis":"y","origin":[7.905143,8.0,7.8285713]},"faces":{"east":{"uv":[10.5,7.5,10.75,7.6875],"rotation":0,"texture":"#0","tintindex":0},"south":{"uv":[11.75,1.25,12.0625,1.4375],"rotation":0,"texture":"#0","tintindex":0},"north":{"uv":[11.75,1.0,12.0625,1.1875],"rotation":0,"texture":"#0","tintindex":0},"west":{"uv":[7.0,10.75,7.25,10.9375],"rotation":0,"texture":"#0","tintindex":0},"up":{"uv":[12.0625,0.5,11.75,0.25],"rotation":0,"texture":"#0","tintindex":0},"down":{"uv":[12.0625,0.5,11.75,0.75],"rotation":0,"texture":"#0","tintindex":0}}}],"display":{"head":{"translation":[0.0,-6.4,0.0],"scale":[4.0,4.0,4.0]}}}