{"textures":{"0":"modelengine:entity/frost_queen_phase_1"},"elements":[{"from":[4.6613283,6.9509673,5.5230913],"to":[7.1072254,10.642396,7.9689884],"rotation":{"angle":-22.5,"axis":"y","origin":[6.7818127,5.9303956,7.242566]},"faces":{"east":{"uv":[0.875,9.125,1.25,9.6875],"rotation":0,"texture":"#0","tintindex":0},"south":{"uv":[1.25,9.125,1.625,9.6875],"rotation":0,"texture":"#0","tintindex":0},"north":{"uv":[8.25,9.0,8.625,9.5625],"rotation":0,"texture":"#0","tintindex":0},"west":{"uv":[1.625,9.125,2.0,9.6875],"rotation":0,"texture":"#0","tintindex":0},"up":{"uv":[10.75,3.25,10.375,2.875],"rotation":0,"texture":"#0","tintindex":0},"down":{"uv":[4.625,10.375,4.25,10.75],"rotation":0,"texture":"#0","tintindex":0}}},{"from":[6.419356,6.6187105,2.937295],"to":[9.999816,12.673191,6.5177546],"rotation":{"angle":-22.5,"axis":"y","origin":[7.3057547,9.049582,6.899762]},"faces":{"east":{"uv":[0.0,4.625,0.5,5.5],"rotation":0,"texture":"#0","tintindex":0},"south":{"uv":[0.5,4.625,1.0,5.5],"rotation":0,"texture":"#0","tintindex":0},"north":{"uv":[4.25,3.0,4.75,3.875],"rotation":0,"texture":"#0","tintindex":0},"west":{"uv":[1.0,4.625,1.5,5.5],"rotation":0,"texture":"#0","tintindex":0},"up":{"uv":[8.5,2.125,8.0,1.625],"rotation":0,"texture":"#0","tintindex":0},"down":{"uv":[3.25,8.0,2.75,8.5],"rotation":0,"texture":"#0","tintindex":0}}},{"from":[5.6420946,6.4404798,4.810617],"to":[9.222555,13.420162,8.391077],"rotation":{"angle":22.5,"axis":"y","origin":[7.3057547,9.049582,6.899762]},"faces":{"east":{"uv":[0.5,3.625,1.0,4.625],"rotation":0,"texture":"#0","tintindex":0},"south":{"uv":[3.75,2.875,4.25,3.875],"rotation":0,"texture":"#0","tintindex":0},"north":{"uv":[0.0,3.625,0.5,4.625],"rotation":0,"texture":"#0","tintindex":0},"west":{"uv":[3.875,0.0,4.375,1.0],"rotation":0,"texture":"#0","tintindex":0},"up":{"uv":[3.75,8.5,3.25,8.0],"rotation":0,"texture":"#0","tintindex":0},"down":{"uv":[4.25,8.0,3.75,8.5],"rotation":0,"texture":"#0","tintindex":0}}},{"from":[5.998556,6.4404798,4.0976934],"to":[9.579017,11.919271,7.6781535],"rotation":{"angle":22.5,"axis":"y","origin":[7.3057547,9.049582,6.899762]},"faces":{"east":{"uv":[2.0,4.875,2.5,5.6875],"rotation":0,"texture":"#0","tintindex":0},"south":{"uv":[2.5,5.25,3.0,6.0625],"rotation":0,"texture":"#0","tintindex":0},"north":{"uv":[1.5,4.875,2.0,5.6875],"rotation":0,"texture":"#0","tintindex":0},"west":{"uv":[3.0,5.25,3.5,6.0625],"rotation":0,"texture":"#0","tintindex":0},"up":{"uv":[4.75,8.5,4.25,8.0],"rotation":0,"texture":"#0","tintindex":0},"down":{"uv":[5.25,8.0,4.75,8.5],"rotation":0,"texture":"#0","tintindex":0}}},{"from":[4.9019566,6.4404798,4.0027623],"to":[8.482417,11.207043,7.583222],"rotation":{"angle":45.0,"axis":"y","origin":[7.3057547,9.049582,6.899762]},"faces":{"east":{"uv":[0.0,6.25,0.5,6.9375],"rotation":0,"texture":"#0","tintindex":0},"south":{"uv":[0.5,6.25,1.0,6.9375],"rotation":0,"texture":"#0","tintindex":0},"north":{"uv":[5.75,6.125,6.25,6.8125],"rotation":0,"texture":"#0","tintindex":0},"west":{"uv":[1.0,6.25,1.5,6.9375],"rotation":0,"texture":"#0","tintindex":0},"up":{"uv":[8.5,5.25,8.0,4.75],"rotation":0,"texture":"#0","tintindex":0},"down":{"uv":[5.75,8.0,5.25,8.5],"rotation":0,"texture":"#0","tintindex":0}}},{"from":[3.93673,6.6187105,7.145768],"to":[7.51719,11.648276,10.231142],"rotation":{"angle":0.0,"axis":"y","origin":[7.3057547,9.049582,6.899762]},"faces":{"east":{"uv":[2.0,6.5,2.4375,7.25],"rotation":0,"texture":"#0","tintindex":0},"south":{"uv":[5.875,1.875,6.375,2.625],"rotation":0,"texture":"#0","tintindex":0},"north":{"uv":[5.75,5.375,6.25,6.125],"rotation":0,"texture":"#0","tintindex":0},"west":{"uv":[6.5,3.75,6.9375,4.5],"rotation":0,"texture":"#0","tintindex":0},"up":{"uv":[5.625,9.3125,5.125,8.875],"rotation":0,"texture":"#0","tintindex":0},"down":{"uv":[6.125,8.875,5.625,9.3125],"rotation":0,"texture":"#0","tintindex":0}}},{"from":[8.480559,6.6187105,5.499216],"to":[12.06102,13.072734,9.079677],"rotation":{"angle":22.5,"axis":"y","origin":[10.27079,9.325882,7.2894464]},"faces":{"east":{"uv":[2.75,4.25,3.25,5.1875],"rotation":0,"texture":"#0","tintindex":0},"south":{"uv":[3.25,4.25,3.75,5.1875],"rotation":0,"texture":"#0","tintindex":0},"north":{"uv":[4.25,2.0,4.75,2.9375],"rotation":0,"texture":"#0","tintindex":0},"west":{"uv":[4.375,0.0,4.875,0.9375],"rotation":0,"texture":"#0","tintindex":0},"up":{"uv":[8.5,5.75,8.0,5.25],"rotation":0,"texture":"#0","tintindex":0},"down":{"uv":[6.25,8.0,5.75,8.5],"rotation":0,"texture":"#0","tintindex":0}}},{"from":[8.008535,6.4404798,5.68417],"to":[11.588995,11.980071,9.264629],"rotation":{"angle":-45.0,"axis":"y","origin":[8.691995,9.049582,8.087968]},"faces":{"east":{"uv":[5.375,2.75,5.875,3.5625],"rotation":0,"texture":"#0","tintindex":0},"south":{"uv":[5.375,3.625,5.875,4.4375],"rotation":0,"texture":"#0","tintindex":0},"north":{"uv":[5.375,1.875,5.875,2.6875],"rotation":0,"texture":"#0","tintindex":0},"west":{"uv":[4.75,5.375,5.25,6.1875],"rotation":0,"texture":"#0","tintindex":0},"up":{"uv":[6.75,8.5,6.25,8.0],"rotation":0,"texture":"#0","tintindex":0},"down":{"uv":[8.5,7.0,8.0,7.5],"rotation":0,"texture":"#0","tintindex":0}}},{"from":[6.775195,6.4404798,6.596653],"to":[10.355655,12.985876,10.424656],"rotation":{"angle":22.5,"axis":"y","origin":[8.691995,9.049582,8.087968]},"faces":{"east":{"uv":[1.0,3.0,1.5625,3.9375],"rotation":0,"texture":"#0","tintindex":0},"south":{"uv":[4.25,4.5,4.75,5.4375],"rotation":0,"texture":"#0","tintindex":0},"north":{"uv":[3.75,4.5,4.25,5.4375],"rotation":0,"texture":"#0","tintindex":0},"west":{"uv":[1.625,3.0,2.1875,3.9375],"rotation":0,"texture":"#0","tintindex":0},"up":{"uv":[8.0,1.6875,7.5,1.125],"rotation":0,"texture":"#0","tintindex":0},"down":{"uv":[8.0,1.75,7.5,2.3125],"rotation":0,"texture":"#0","tintindex":0}}},{"from":[5.9979334,6.6187105,7.9748898],"to":[9.578394,11.458059,11.555349],"rotation":{"angle":-22.5,"axis":"y","origin":[8.691995,9.049582,8.087968]},"faces":{"east":{"uv":[4.0,6.25,4.5,6.9375],"rotation":0,"texture":"#0","tintindex":0},"south":{"uv":[4.5,6.25,5.0,6.9375],"rotation":0,"texture":"#0","tintindex":0},"north":{"uv":[3.5,6.25,4.0,6.9375],"rotation":0,"texture":"#0","tintindex":0},"west":{"uv":[6.25,5.0,6.75,5.6875],"rotation":0,"texture":"#0","tintindex":0},"up":{"uv":[7.875,8.5,7.375,8.0],"rotation":0,"texture":"#0","tintindex":0},"down":{"uv":[8.375,8.0,7.875,8.5],"rotation":0,"texture":"#0","tintindex":0}}},{"from":[3.998373,9.163451,5.2023125],"to":[6.786696,13.37168,7.9906354],"rotation":{"angle":-22.5,"axis":"y","origin":[6.4157257,8.0,7.162514]},"faces":{"east":{"uv":[8.75,6.25,9.125,6.875],"rotation":0,"texture":"#0","tintindex":0},"south":{"uv":[8.75,7.25,9.125,7.875],"rotation":0,"texture":"#0","tintindex":0},"north":{"uv":[0.5,8.75,0.875,9.375],"rotation":0,"texture":"#0","tintindex":0},"west":{"uv":[8.75,8.625,9.125,9.25],"rotation":0,"texture":"#0","tintindex":0},"up":{"uv":[7.25,10.75,6.875,10.375],"rotation":0,"texture":"#0","tintindex":0},"down":{"uv":[10.75,7.0,10.375,7.375],"rotation":0,"texture":"#0","tintindex":0}}},{"from":[5.023259,6.6187105,9.096502],"to":[9.049295,11.817111,11.884825],"rotation":{"angle":-45.0,"axis":"y","origin":[8.0,8.0,9.142858]},"faces":{"east":{"uv":[2.375,7.5,2.75,8.25],"rotation":0,"texture":"#0","tintindex":0},"south":{"uv":[4.875,0.75,5.4375,1.5],"rotation":0,"texture":"#0","tintindex":0},"north":{"uv":[4.875,0.0,5.4375,0.75],"rotation":0,"texture":"#0","tintindex":0},"west":{"uv":[7.5,2.375,7.875,3.125],"rotation":0,"texture":"#0","tintindex":0},"up":{"uv":[9.5625,1.75,9.0,1.375],"rotation":0,"texture":"#0","tintindex":0},"down":{"uv":[9.5625,3.625,9.0,4.0],"rotation":0,"texture":"#0","tintindex":0}}}],"display":{"head":{"translation":[0.0,-6.4,0.0],"scale":[4.0,4.0,4.0]}}}