{"textures":{"0":"modelengine:entity/frost_queen_phase_1"},"elements":[{"from":[5.724229,6.4102855,4.9665146],"to":[7.0270863,7.6697145,5.8350863],"rotation":{"angle":45.0,"axis":"y","origin":[6.285714,7.9085712,6.44]},"faces":{"east":{"uv":[8.375,0.625,8.5,0.8125],"rotation":0,"texture":"#0","tintindex":0},"south":{"uv":[10.375,11.25,10.5625,11.4375],"rotation":0,"texture":"#0","tintindex":0},"north":{"uv":[9.875,11.25,10.0625,11.4375],"rotation":0,"texture":"#0","tintindex":0},"west":{"uv":[8.375,0.875,8.5,1.0625],"rotation":0,"texture":"#0","tintindex":0},"up":{"uv":[6.8125,1.5,6.625,1.375],"rotation":0,"texture":"#0","tintindex":0},"down":{"uv":[7.1875,0.625,7.0,0.75],"rotation":0,"texture":"#0","tintindex":0}}},{"from":[3.1053429,4.503341,6.3314285],"to":[4.625343,7.3261986,8.937143],"rotation":{"angle":0.0,"axis":"y","origin":[4.7339144,5.91477,8.72]},"faces":{"east":{"uv":[9.375,9.875,9.75,10.3125],"rotation":0,"texture":"#0","tintindex":0},"south":{"uv":[7.625,10.75,7.875,11.1875],"rotation":0,"texture":"#0","tintindex":0},"north":{"uv":[10.75,7.375,11.0,7.8125],"rotation":0,"texture":"#0","tintindex":0},"west":{"uv":[9.75,9.875,10.125,10.3125],"rotation":0,"texture":"#0","tintindex":0},"up":{"uv":[2.75,5.25,2.5,4.875],"rotation":0,"texture":"#0","tintindex":0},"down":{"uv":[6.875,7.625,6.625,8.0],"rotation":0,"texture":"#0","tintindex":0}}},{"from":[3.431057,4.2861986,7.96],"to":[6.036772,7.543341,9.48],"rotation":{"angle":0.0,"axis":"y","origin":[6.4710574,5.91477,7.5257144]},"faces":{"east":{"uv":[0.5,10.5,0.75,11.0],"rotation":0,"texture":"#0","tintindex":0},"south":{"uv":[1.625,9.75,2.0,10.25],"rotation":0,"texture":"#0","tintindex":0},"north":{"uv":[1.25,9.75,1.625,10.25],"rotation":0,"texture":"#0","tintindex":0},"west":{"uv":[10.125,10.5,10.375,11.0],"rotation":0,"texture":"#0","tintindex":0},"up":{"uv":[9.5,7.875,9.125,7.625],"rotation":0,"texture":"#0","tintindex":0},"down":{"uv":[9.625,6.0,9.25,6.25],"rotation":0,"texture":"#0","tintindex":0}}},{"from":[4.9510574,4.0690556,7.0914288],"to":[6.6882,7.760484,8.611428],"rotation":{"angle":22.5,"axis":"y","origin":[6.4710574,5.91477,7.5257144]},"faces":{"east":{"uv":[10.25,2.25,10.5,2.8125],"rotation":0,"texture":"#0","tintindex":0},"south":{"uv":[10.375,0.0,10.625,0.5625],"rotation":0,"texture":"#0","tintindex":0},"north":{"uv":[1.75,10.25,2.0,10.8125],"rotation":0,"texture":"#0","tintindex":0},"west":{"uv":[2.0,10.375,2.25,10.9375],"rotation":0,"texture":"#0","tintindex":0},"up":{"uv":[1.5,7.25,1.25,7.0],"rotation":0,"texture":"#0","tintindex":0},"down":{"uv":[7.5,1.125,7.25,1.375],"rotation":0,"texture":"#0","tintindex":0}}},{"from":[6.362486,6.497143,5.58923],"to":[7.231057,7.582857,7.10923],"rotation":{"angle":45.0,"axis":"y","origin":[6.285714,7.9085712,6.44]},"faces":{"east":{"uv":[11.25,8.125,11.5,8.3125],"rotation":0,"texture":"#0","tintindex":0},"south":{"uv":[8.625,9.0,8.75,9.1875],"rotation":0,"texture":"#0","tintindex":0},"north":{"uv":[8.5,5.5,8.625,5.6875],"rotation":0,"texture":"#0","tintindex":0},"west":{"uv":[8.625,11.25,8.875,11.4375],"rotation":0,"texture":"#0","tintindex":0},"up":{"uv":[6.25,5.25,6.125,5.0],"rotation":0,"texture":"#0","tintindex":0},"down":{"uv":[6.375,1.5,6.25,1.75],"rotation":0,"texture":"#0","tintindex":0}}}],"display":{"head":{"translation":[0.0,-6.4,0.0],"scale":[4.0,4.0,4.0]}}}