{"textures":{"0":"modelengine:entity/frost_queen_phase_1"},"elements":[{"from":[4.3085713,3.68008,7.9340467],"to":[8.651428,6.5029373,10.105475],"rotation":{"angle":-22.5,"axis":"y","origin":[6.0457144,5.20008,7.7169037]},"faces":{"east":{"uv":[10.375,9.875,10.6875,10.3125],"rotation":0,"texture":"#0","tintindex":0},"south":{"uv":[7.5,6.5,8.125,6.9375],"rotation":0,"texture":"#0","tintindex":0},"north":{"uv":[7.5,6.0,8.125,6.4375],"rotation":0,"texture":"#0","tintindex":0},"west":{"uv":[10.375,10.375,10.6875,10.8125],"rotation":0,"texture":"#0","tintindex":0},"up":{"uv":[9.75,9.3125,9.125,9.0],"rotation":0,"texture":"#0","tintindex":0},"down":{"uv":[9.875,0.0,9.25,0.3125],"rotation":0,"texture":"#0","tintindex":0}}},{"from":[3.8742857,3.4629374,6.8483324],"to":[8.217143,6.7200804,8.802618],"rotation":{"angle":0.0,"axis":"y","origin":[11.474286,3.0171423,8.297143]},"faces":{"east":{"uv":[10.125,3.375,10.4375,3.875],"rotation":0,"texture":"#0","tintindex":0},"south":{"uv":[1.25,7.25,1.875,7.75],"rotation":0,"texture":"#0","tintindex":0},"north":{"uv":[7.25,0.625,7.875,1.125],"rotation":0,"texture":"#0","tintindex":0},"west":{"uv":[10.125,3.875,10.4375,4.375],"rotation":0,"texture":"#0","tintindex":0},"up":{"uv":[9.875,3.1875,9.25,2.875],"rotation":0,"texture":"#0","tintindex":0},"down":{"uv":[9.875,3.25,9.25,3.5625],"rotation":0,"texture":"#0","tintindex":0}}}],"display":{"head":{"translation":[0.0,-6.4,0.0],"scale":[4.0,4.0,4.0]}}}