{"textures":{"0":"modelengine:entity/frost_queen_phase_1"},"elements":[{"from":[6.5885715,1.7685714,7.3742857],"to":[9.411428,5.568571,10.088572],"rotation":{"angle":-22.5,"axis":"x","origin":[8.0,6.0571427,8.948571]},"faces":{"east":{"uv":[6.5,9.0,6.875,9.5625],"rotation":0,"texture":"#0","tintindex":0},"south":{"uv":[8.375,8.0,8.8125,8.5625],"rotation":0,"texture":"#0","tintindex":0},"north":{"uv":[0.0,8.25,0.4375,8.8125],"rotation":0,"texture":"#0","tintindex":0},"west":{"uv":[7.875,9.0,8.25,9.5625],"rotation":0,"texture":"#0","tintindex":0},"up":{"uv":[10.3125,1.125,9.875,0.75],"rotation":0,"texture":"#0","tintindex":0},"down":{"uv":[10.3125,3.0,9.875,3.375],"rotation":0,"texture":"#0","tintindex":0}}},{"from":[6.805714,5.025714,8.025714],"to":[9.194285,7.0885715,9.8714285],"rotation":{"angle":0.0,"axis":"y","origin":[8.0,5.622857,8.297143]},"faces":{"east":{"uv":[8.375,11.0,8.625,11.3125],"rotation":0,"texture":"#0","tintindex":0},"south":{"uv":[10.625,8.875,11.0,9.1875],"rotation":0,"texture":"#0","tintindex":0},"north":{"uv":[5.875,10.625,6.25,10.9375],"rotation":0,"texture":"#0","tintindex":0},"west":{"uv":[11.0,8.75,11.25,9.0625],"rotation":0,"texture":"#0","tintindex":0},"up":{"uv":[7.375,4.5,7.0,4.25],"rotation":0,"texture":"#0","tintindex":0},"down":{"uv":[8.875,1.875,8.5,2.125],"rotation":0,"texture":"#0","tintindex":0}}}],"display":{"head":{"translation":[0.0,-6.4,0.0],"scale":[4.0,4.0,4.0]}}}