{"textures":{"0":"modelengine:entity/frost_queen_phase_2"},"elements":[{"from":[9.125714,8.484942,4.2754908],"to":[10.565714,10.130657,7.361205],"rotation":{"angle":45.0,"axis":"x","origin":[9.948571,7.8677998,4.686919]},"faces":{"east":{"uv":[9.25,5.5,9.6875,5.9375],"rotation":0,"texture":"#0","tintindex":0},"south":{"uv":[9.25,6.625,9.6875,7.0625],"rotation":0,"texture":"#0","tintindex":0},"north":{"uv":[9.25,5.0,9.6875,5.4375],"rotation":0,"texture":"#0","tintindex":0},"west":{"uv":[6.875,9.25,7.3125,9.6875],"rotation":0,"texture":"#0","tintindex":0},"up":{"uv":[7.8125,9.6875,7.375,9.25],"rotation":0,"texture":"#0","tintindex":0},"down":{"uv":[9.0625,9.25,8.625,9.6875],"rotation":0,"texture":"#0","tintindex":0}}},{"from":[8.714286,9.102085,3.1234908],"to":[11.1828575,11.776371,5.7977767],"rotation":{"angle":0.0,"axis":"y","origin":[9.948571,7.8677998,3.4114904]},"faces":{"east":{"uv":[9.75,6.0,10.125,6.5],"rotation":0,"texture":"#0","tintindex":0},"south":{"uv":[10.125,4.875,10.4375,5.375],"rotation":0,"texture":"#0","tintindex":0},"north":{"uv":[10.125,4.375,10.4375,4.875],"rotation":0,"texture":"#0","tintindex":0},"west":{"uv":[9.75,6.5,10.125,7.0],"rotation":0,"texture":"#0","tintindex":0},"up":{"uv":[11.0625,0.875,10.75,0.5],"rotation":0,"texture":"#0","tintindex":0},"down":{"uv":[11.0625,2.625,10.75,3.0],"rotation":0,"texture":"#0","tintindex":0}}},{"from":[8.714286,10.953514,2.9177766],"to":[9.537143,11.159228,3.3292055],"rotation":{"angle":-22.5,"axis":"z","origin":[9.537143,11.262085,2.5063481]},"faces":{"east":{"uv":[3.375,6.875,3.4375,6.9375],"rotation":0,"texture":"#0","tintindex":0},"south":{"uv":[4.625,4.375,4.75,4.4375],"rotation":0,"texture":"#0","tintindex":0},"north":{"uv":[3.625,3.375,3.75,3.4375],"rotation":0,"texture":"#0","tintindex":0},"west":{"uv":[7.375,6.25,7.4375,6.3125],"rotation":0,"texture":"#0","tintindex":0},"up":{"uv":[5.375,1.9375,5.25,1.875],"rotation":0,"texture":"#0","tintindex":0},"down":{"uv":[6.25,5.25,6.125,5.3125],"rotation":0,"texture":"#0","tintindex":0}}},{"from":[10.360001,10.953514,2.9177766],"to":[11.1828575,11.159228,3.3292055],"rotation":{"angle":22.5,"axis":"z","origin":[10.360001,11.262085,2.5063481]},"faces":{"east":{"uv":[7.5,3.625,7.5625,3.6875],"rotation":0,"texture":"#0","tintindex":0},"south":{"uv":[6.375,4.25,6.5,4.3125],"rotation":0,"texture":"#0","tintindex":0},"north":{"uv":[6.25,1.75,6.375,1.8125],"rotation":0,"texture":"#0","tintindex":0},"west":{"uv":[5.875,7.5,5.9375,7.5625],"rotation":0,"texture":"#0","tintindex":0},"up":{"uv":[6.625,0.8125,6.5,0.75],"rotation":0,"texture":"#0","tintindex":0},"down":{"uv":[6.875,6.375,6.75,6.4375],"rotation":0,"texture":"#0","tintindex":0}}},{"from":[8.097143,11.776371,3.5760622],"to":[11.8,12.187799,5.8389196],"rotation":{"angle":0.0,"axis":"y","origin":[9.948571,7.8677998,3.658348]},"faces":{"east":{"uv":[11.25,2.375,11.8125,2.4375],"rotation":0,"texture":"#0","tintindex":0},"south":{"uv":[11.125,11.25,11.6875,11.3125],"rotation":0,"texture":"#0","tintindex":0},"north":{"uv":[11.0,8.375,11.5625,8.4375],"rotation":0,"texture":"#0","tintindex":0},"west":{"uv":[11.375,3.0,11.9375,3.0625],"rotation":0,"texture":"#0","tintindex":0},"up":{"uv":[7.5625,0.5625,7.0,0.0],"rotation":0,"texture":"#0","tintindex":0},"down":{"uv":[1.1875,7.0,0.625,7.5625],"rotation":0,"texture":"#0","tintindex":0}}},{"from":[8.92,11.159228,3.5069904],"to":[10.977143,14.244943,3.5069904],"rotation":{"angle":-45.0,"axis":"x","origin":[9.948571,12.599229,4.432705]},"faces":{"east":{"uv":[0.0,0.0,0.0,0.4375],"rotation":0,"texture":"#0","tintindex":0},"south":{"uv":[10.8125,3.75,10.5,4.1875],"rotation":0,"texture":"#0","tintindex":0},"north":{"uv":[10.8125,3.75,10.5,4.1875],"rotation":0,"texture":"#0","tintindex":0},"west":{"uv":[0.0,0.0,0.0,0.4375],"rotation":0,"texture":"#0","tintindex":0},"up":{"uv":[0.3125,0.0,0.0,0.0],"rotation":0,"texture":"#0","tintindex":0},"down":{"uv":[0.3125,0.0,0.0,0.0],"rotation":0,"texture":"#0","tintindex":0}}},{"from":[7.2861376,11.6863785,3.512228],"to":[7.2861376,13.5378065,5.5693707],"rotation":{"angle":45.0,"axis":"z","origin":[7.233143,13.067357,7.009371]},"faces":{"east":{"uv":[10.8125,6.125,10.5,6.5625],"rotation":0,"texture":"#0","tintindex":0},"south":{"uv":[0.0,0.0,0.0,0.4375],"rotation":0,"texture":"#0","tintindex":0},"north":{"uv":[0.0,0.0,0.0,0.4375],"rotation":0,"texture":"#0","tintindex":0},"west":{"uv":[10.8125,6.125,10.5,6.5625],"rotation":0,"texture":"#0","tintindex":0},"up":{"uv":[0.0,0.3125,0.0,0.0],"rotation":0,"texture":"#0","tintindex":0},"down":{"uv":[0.0,0.0,0.0,0.3125],"rotation":0,"texture":"#0","tintindex":0}}},{"from":[8.508572,8.329143,4.1196914],"to":[11.388572,11.209143,6.7939773],"rotation":{"angle":0.0,"axis":"y","origin":[9.948571,8.740571,5.5596914]},"faces":{"east":{"uv":[14.1875,13.375,14.625,13.8125],"rotation":270,"texture":"#0","tintindex":0},"south":{"uv":[14.625,13.0625,14.1875,12.625],"rotation":0,"texture":"#0","tintindex":0},"north":{"uv":[14.0,13.0625,12.9375,14.0625],"rotation":180,"texture":"#0","tintindex":0},"west":{"uv":[13.3125,12.3125,13.75,12.75],"rotation":90,"texture":"#0","tintindex":0},"up":{"uv":[14.0625,8.8125,14.5,9.25],"rotation":180,"texture":"#0","tintindex":0},"down":{"uv":[13.375,14.25,13.8125,14.6875],"rotation":0,"texture":"#0","tintindex":0}}},{"from":[8.097143,9.357715,4.53112],"to":[10.154285,11.373714,6.588263],"rotation":{"angle":-22.5,"axis":"y","origin":[9.948571,10.653714,5.456834]},"faces":{"east":{"uv":[14.0,7.8125,14.4375,8.25],"rotation":270,"texture":"#0","tintindex":0},"south":{"uv":[14.625,10.0625,14.1875,9.625],"rotation":0,"texture":"#0","tintindex":0},"north":{"uv":[14.125,6.5625,13.6875,7.0],"rotation":180,"texture":"#0","tintindex":0},"west":{"uv":[14.0625,10.5625,14.5,11.0],"rotation":90,"texture":"#0","tintindex":0},"up":{"uv":[14.0625,8.8125,14.5,9.25],"rotation":180,"texture":"#0","tintindex":0},"down":{"uv":[9.25,6.625,9.6875,7.0625],"rotation":0,"texture":"#0","tintindex":0}}},{"from":[8.714286,9.933714,4.7368345],"to":[11.1828575,11.785143,7.3288345],"rotation":{"angle":0.0,"axis":"y","origin":[9.948571,11.065143,6.279691]},"faces":{"east":{"uv":[14.0,7.8125,14.4375,8.25],"rotation":270,"texture":"#0","tintindex":0},"south":{"uv":[14.625,10.0625,14.1875,9.625],"rotation":0,"texture":"#0","tintindex":0},"north":{"uv":[14.125,6.5625,13.6875,7.0],"rotation":180,"texture":"#0","tintindex":0},"west":{"uv":[14.0625,10.5625,14.5,11.0],"rotation":90,"texture":"#0","tintindex":0},"up":{"uv":[14.0625,8.8125,14.5,9.25],"rotation":180,"texture":"#0","tintindex":0},"down":{"uv":[9.25,6.625,9.6875,7.0625],"rotation":0,"texture":"#0","tintindex":0}}},{"from":[7.8914285,10.098286,4.53112],"to":[10.154285,11.990857,6.588263],"rotation":{"angle":-22.5,"axis":"y","origin":[9.948571,10.653714,5.456834]},"faces":{"east":{"uv":[14.0,7.8125,14.4375,8.25],"rotation":270,"texture":"#0","tintindex":0},"south":{"uv":[14.625,10.0625,14.1875,9.625],"rotation":0,"texture":"#0","tintindex":0},"north":{"uv":[14.125,6.5625,13.6875,7.0],"rotation":180,"texture":"#0","tintindex":0},"west":{"uv":[14.0625,10.5625,14.5,11.0],"rotation":90,"texture":"#0","tintindex":0},"up":{"uv":[14.0625,8.8125,14.5,9.25],"rotation":180,"texture":"#0","tintindex":0},"down":{"uv":[9.25,6.625,9.6875,7.0625],"rotation":0,"texture":"#0","tintindex":0}}},{"from":[9.742857,8.329143,3.7082624],"to":[10.154285,11.620571,4.53112],"rotation":{"angle":22.5,"axis":"x","origin":[9.948571,8.740571,5.5596914]},"faces":{"east":{"uv":[14.0,7.8125,14.4375,8.25],"rotation":270,"texture":"#0","tintindex":0},"south":{"uv":[14.625,10.0625,14.1875,9.625],"rotation":0,"texture":"#0","tintindex":0},"north":{"uv":[15.1875,14.125,14.75,14.5625],"rotation":180,"texture":"#0","tintindex":0},"west":{"uv":[14.9375,14.0625,15.375,14.5],"rotation":90,"texture":"#0","tintindex":0},"up":{"uv":[14.0625,8.8125,14.5,9.25],"rotation":180,"texture":"#0","tintindex":0},"down":{"uv":[15.0,13.875,15.4375,14.3125],"rotation":0,"texture":"#0",