{"textures":{"0":"modelengine:entity/frost_queen_phase_2"},"elements":[{"from":[6.617583,5.647901,5.6053534],"to":[10.731869,8.733616,7.456782],"rotation":{"angle":0.0,"axis":"y","origin":[13.817583,5.2255697,6.977911]},"faces":{"east":{"uv":[10.125,3.375,10.4375,3.875],"rotation":0,"texture":"#0","tintindex":0},"south":{"uv":[1.25,7.25,1.875,7.75],"rotation":0,"texture":"#0","tintindex":0},"north":{"uv":[7.25,0.625,7.875,1.125],"rotation":0,"texture":"#0","tintindex":0},"west":{"uv":[10.125,3.875,10.4375,4.375],"rotation":0,"texture":"#0","tintindex":0},"up":{"uv":[9.875,3.1875,9.25,2.875],"rotation":0,"texture":"#0","tintindex":0},"down":{"uv":[9.875,3.25,9.25,3.5625],"rotation":0,"texture":"#0","tintindex":0}}},{"from":[6.6571426,5.2058115,3.9405713],"to":[6.6571426,6.8515263,7.808],"rotation":{"angle":-22.5,"axis":"x","origin":[6.6571426,5.2058115,6.4914284]},"faces":{"east":{"uv":[10.75,13.6875,10.3125,13.25],"rotation":180,"texture":"#0","tintindex":0},"south":{"uv":[14.5,8.8125,14.0625,9.25],"rotation":0,"texture":"#0","tintindex":0},"north":{"uv":[9.6875,6.625,9.25,7.0625],"rotation":0,"texture":"#0","tintindex":0},"west":{"uv":[10.3125,13.6875,10.75,13.25],"rotation":180,"texture":"#0","tintindex":0},"up":{"uv":[14.1875,10.0625,14.625,9.625],"rotation":180,"texture":"#0","tintindex":0},"down":{"uv":[13.6875,6.5625,14.125,7.0],"rotation":180,"texture":"#0","tintindex":0}}}],"display":{"head":{"translation":[0.0,-6.4,0.0],"scale":[4.0,4.0,4.0]}}}