{"textures":{"0":"modelengine:entity/frost_queen_phase_2"},"elements":[{"from":[8.611428,4.3485713,5.6171427],"to":[11.285714,7.948571,8.188571],"rotation":{"angle":-22.5,"axis":"x","origin":[9.948571,8.411428,7.1085715]},"faces":{"east":{"uv":[6.125,8.875,6.5,9.4375],"rotation":0,"texture":"#0","tintindex":0},"south":{"uv":[8.125,5.75,8.5625,6.3125],"rotation":0,"texture":"#0","tintindex":0},"north":{"uv":[8.125,0.0,8.5625,0.5625],"rotation":0,"texture":"#0","tintindex":0},"west":{"uv":[9.0,0.75,9.375,1.3125],"rotation":0,"texture":"#0","tintindex":0},"up":{"uv":[10.1875,9.375,9.75,9.0],"rotation":0,"texture":"#0","tintindex":0},"down":{"uv":[10.3125,0.0,9.875,0.375],"rotation":0,"texture":"#0","tintindex":0}}},{"from":[8.8171425,7.4342856,6.234286],"to":[11.08,9.388572,7.982857],"rotation":{"angle":0.0,"axis":"y","origin":[9.948571,8.0,6.4914284]},"faces":{"east":{"uv":[11.0,5.625,11.25,5.9375],"rotation":0,"texture":"#0","tintindex":0},"south":{"uv":[10.625,5.625,11.0,5.9375],"rotation":0,"texture":"#0","tintindex":0},"north":{"uv":[10.625,5.25,11.0,5.5625],"rotation":0,"texture":"#0","tintindex":0},"west":{"uv":[8.125,11.0,8.375,11.3125],"rotation":0,"texture":"#0","tintindex":0},"up":{"uv":[2.25,4.25,1.875,4.0],"rotation":0,"texture":"#0","tintindex":0},"down":{"uv":[1.875,4.625,1.5,4.875],"rotation":0,"texture":"#0","tintindex":0}}}],"display":{"head":{"translation":[0.0,-6.4,0.0],"scale":[4.0,4.0,4.0]}}}