{"textures":{"0":"modelengine:entity/blitzcrank"},"elements":[{"from":[4.5714283,1.1428566,3.4285712],"to":[9.714286,2.8571424,12.0],"rotation":{"angle":0.0,"axis":"y","origin":[2.2857141,-8.57143,10.857143]},"faces":{"east":{"uv":[5.0,13.666667,6.6666665,14.0],"rotation":0,"texture":"#0","tintindex":0},"south":{"uv":[14.222222,7.5555553,15.222222,7.888889],"rotation":0,"texture":"#0","tintindex":0},"north":{"uv":[8.222222,4.2222223,9.222222,4.5555553],"rotation":0,"texture":"#0","tintindex":0},"west":{"uv":[8.888889,13.666667,10.555555,14.0],"rotation":0,"texture":"#0","tintindex":0},"up":{"uv":[3.4444444,13.333333,2.4444444,11.666667],"rotation":0,"texture":"#0","tintindex":0},"down":{"uv":[4.4444447,11.666667,3.4444444,13.333333],"rotation":0,"texture":"#0","tintindex":0}}},{"from":[5.142857,2.8571424,5.142857],"to":[9.142858,5.714286,10.285714],"rotation":{"angle":0.0,"axis":"y","origin":[2.2857141,-6.8571434,9.142858]},"faces":{"east":{"uv":[10.555555,13.666667,11.555555,14.222222],"rotation":0,"texture":"#0","tintindex":0},"south":{"uv":[5.0,14.0,5.7777777,14.555555],"rotation":0,"texture":"#0","tintindex":0},"north":{"uv":[14.0,3.6666667,14.777778,4.2222223],"rotation":0,"texture":"#0","tintindex":0},"west":{"uv":[13.777778,1.6666666,14.777778,2.2222223],"rotation":0,"texture":"#0","tintindex":0},"up":{"uv":[3.2222223,14.333333,2.4444444,13.333333],"rotation":0,"texture":"#0","tintindex":0},"down":{"uv":[4.0,13.333333,3.2222223,14.333333],"rotation":0,"texture":"#0","tintindex":0}}},{"from":[6.285714,5.714286,6.285714],"to":[8.0,8.571428,9.142858],"rotation":{"angle":0.0,"axis":"y","origin":[2.2857141,-4.000001,9.142858]},"faces":{"east":{"uv":[10.0,1.6666666,10.555555,2.2222223],"rotation":0,"texture":"#0","tintindex":0},"south":{"uv":[12.222222,2.5555556,12.555555,3.1111112],"rotation":0,"texture":"#0","tintindex":0},"north":{"uv":[10.666667,3.2222223,11.0,3.7777777],"rotation":0,"texture":"#0","tintindex":0},"west":{"uv":[14.222222,8.111111,14.777778,8.666667],"rotation":0,"texture":"#0","tintindex":0},"up":{"uv":[12.444445,14.888889,12.111111,14.333333],"rotation":0,"texture":"#0","tintindex":0},"down":{"uv":[1.6666666,14.444445,1.3333334,15.0],"rotation":0,"texture":"#0","tintindex":0}}}],"display":{"head":{"translation":[0.0,-6.4,0.0],"scale":[4.0,4.0,4.0]}}}