{"textures":{"0":"modelengine:entity/blitzcrank"},"elements":[{"from":[0.15680075,5.638026,4.0],"to":[8.156801,10.2094555,12.0],"rotation":{"angle":0.0,"axis":"y","origin":[0.72822905,-4.0762596,8.0]},"faces":{"east":{"uv":[11.777778,10.555555,13.333333,11.444445],"rotation":0,"texture":"#0","tintindex":0},"south":{"uv":[12.222222,1.6666666,13.777778,2.5555556],"rotation":0,"texture":"#0","tintindex":0},"north":{"uv":[11.777778,9.666667,13.333333,10.555555],"rotation":0,"texture":"#0","tintindex":0},"west":{"uv":[12.333333,4.7777777,13.888889,5.6666665],"rotation":0,"texture":"#0","tintindex":0},"up":{"uv":[12.222222,3.2222223,10.666667,1.6666666],"rotation":0,"texture":"#0","tintindex":0},"down":{"uv":[12.555555,3.2222223,11.0,4.7777777],"rotation":0,"texture":"#0","tintindex":0}}},{"from":[2.442515,-0.07625961,6.285714],"to":[5.299658,5.638026,9.714286],"rotation":{"angle":0.0,"axis":"y","origin":[0.15680075,-8.647688,8.0]},"faces":{"east":{"uv":[6.888889,13.333333,7.5555553,14.444445],"rotation":0,"texture":"#0","tintindex":0},"south":{"uv":[13.555555,0.0,14.111111,1.1111112],"rotation":0,"texture":"#0","tintindex":0},"north":{"uv":[13.444445,5.6666665,14.0,6.7777777],"rotation":0,"texture":"#0","tintindex":0},"west":{"uv":[7.5555553,13.333333,8.222222,14.444445],"rotation":0,"texture":"#0","tintindex":0},"up":{"uv":[14.444445,14.666667,13.888889,14.0],"rotation":0,"texture":"#0","tintindex":0},"down":{"uv":[14.666667,0.0,14.111111,0.6666667],"rotation":0,"texture":"#0","tintindex":0}}},{"from":[0.15622902,1.066597,1.7142854],"to":[0.15622902,13.638026,14.285715],"rotation":{"angle":0.0,"axis":"y","origin":[0.72822905,-2.3619738,8.0]},"faces":{"east":{"uv":[0.0,7.111111,2.4444444,9.555555],"rotation":0,"texture":"#0","tintindex":0},"south":{"uv":[0.0,0.0,0.0,2.4444444],"rotation":0,"texture":"#0","tintindex":0},"north":{"uv":[0.0,0.0,0.0,2.4444444],"rotation":0,"texture":"#0","tintindex":0},"west":{"uv":[2.4444444,7.111111,0.0,9.555555],"rotation":0,"texture":"#0","tintindex":0},"up":{"uv":[0.0,2.4444444,0.0,0.0],"rotation":0,"texture":"#0","tintindex":0},"down":{"uv":[0.0,0.0,0.0,2.4444444],"rotation":0,"texture":"#0","tintindex":0}}}],"display":{"head":{"translation":[0.0,-6.4,0.0],"scale":[4.0,4.0,4.0]}}}