{"textures":{"0":"modelengine:entity/blood_elemental"},"elements":[{"from":[-16.0,-14.148077,5.6850967],"to":[-9.5182705,-10.444233,10.314903],"rotation":{"angle":45.0,"axis":"z","origin":[-24.796207,32.986633,9.981365]},"faces":{"east":{"uv":[1.502,9.8145,1.65625,9.9355],"rotation":0,"texture":"#0","tintindex":0},"south":{"uv":[9.377,2.127,9.59375,2.248],"rotation":0,"texture":"#0","tintindex":0},"north":{"uv":[9.377,1.9395,9.59375,2.0605],"rotation":0,"texture":"#0","tintindex":0},"west":{"uv":[3.0645,9.8145,3.21875,9.9355],"rotation":0,"texture":"#0","tintindex":0},"up":{"uv":[6.53125,9.21875,6.3145,9.0645],"rotation":0,"texture":"#0","tintindex":0},"down":{"uv":[7.84375,9.0645,7.627,9.21875],"rotation":0,"texture":"#0","tintindex":0}}},{"from":[-15.537018,-16.0,6.1480775],"to":[-9.981251,-6.740389,9.851922],"rotation":{"angle":45.0,"axis":"z","origin":[-24.796207,32.986633,9.981365]},"faces":{"east":{"uv":[8.8145,0.5645,8.9355,0.873],"rotation":0,"texture":"#0","tintindex":0},"south":{"uv":[4.127,8.127,4.3105,8.4355],"rotation":0,"texture":"#0","tintindex":0},"north":{"uv":[2.6895,8.127,2.873,8.4355],"rotation":0,"texture":"#0","tintindex":0},"west":{"uv":[0.752,8.8145,0.873,9.123],"rotation":0,"texture":"#0","tintindex":0},"up":{"uv":[2.1855,9.873,2.002,9.752],"rotation":0,"texture":"#0","tintindex":0},"down":{"uv":[2.8105,9.752,2.627,9.873],"rotation":0,"texture":"#0","tintindex":0}}},{"from":[16.006264,-0.9784174,6.611058],"to":[19.71011,8.281194,9.388942],"rotation":{"angle":0.0,"axis":"y","origin":[-24.796207,32.986633,9.981365]},"faces":{"east":{"uv":[5.752,9.3145,5.84375,9.623],"rotation":0,"texture":"#0","tintindex":0},"south":{"uv":[1.877,8.8145,1.998,9.123],"rotation":0,"texture":"#0","tintindex":0},"north":{"uv":[0.9395,8.8145,1.0605,9.123],"rotation":0,"texture":"#0","tintindex":0},"west":{"uv":[5.9395,9.3145,6.03125,9.623],"rotation":0,"texture":"#0","tintindex":0},"up":{"uv":[10.123,1.46875,10.002,1.377],"rotation":0,"texture":"#0","tintindex":0},"down":{"uv":[1.6855,10.002,1.5645,10.09375],"rotation":0,"texture":"#0","tintindex":0}}}],"display":{"head":{"translation":[-19.183777,-23.702871,0.0],"scale":[4.0,4.0,4.0]}}}