{"textures":{"0":"modelengine:entity/blitzcrank"},"elements":[{"from":[3.4285712,13.714286,5.142857],"to":[12.571428,16.57143,10.285714],"rotation":{"angle":0.0,"axis":"y","origin":[8.0,0.5714283,8.0]},"faces":{"east":{"uv":[13.888889,1.1111112,14.888889,1.6666666],"rotation":0,"texture":"#0","tintindex":0},"south":{"uv":[7.111111,12.777778,8.888889,13.333333],"rotation":0,"texture":"#0","tintindex":0},"north":{"uv":[12.333333,6.888889,14.111111,7.4444447],"rotation":0,"texture":"#0","tintindex":0},"west":{"uv":[1.3333334,13.888889,2.3333333,14.444445],"rotation":0,"texture":"#0","tintindex":0},"up":{"uv":[12.777778,8.666667,11.0,7.6666665],"rotation":0,"texture":"#0","tintindex":0},"down":{"uv":[12.777778,8.666667,11.0,9.666667],"rotation":0,"texture":"#0","tintindex":0}}}],"display":{"head":{"translation":[0.0,-6.4,0.0],"scale":[4.0,4.0,4.0]}}}