{"textures":{"0":"modelengine:entity/blitzcrank"},"elements":[{"from":[5.142857,8.0,4.0],"to":[11.428572,9.714286,8.0],"rotation":{"angle":0.0,"axis":"y","origin":[3.4285712,-1.7142859,10.285714]},"faces":{"east":{"uv":[4.888889,2.2222223,5.6666665,2.5555556],"rotation":0,"texture":"#0","tintindex":0},"south":{"uv":[13.888889,5.3333335,15.111111,5.6666665],"rotation":0,"texture":"#0","tintindex":0},"north":{"uv":[13.777778,2.2222223,15.0,2.5555556],"rotation":0,"texture":"#0","tintindex":0},"west":{"uv":[11.0,9.666667,11.777778,10.0],"rotation":0,"texture":"#0","tintindex":0},"up":{"uv":[6.888889,13.666667,5.6666665,12.888889],"rotation":0,"texture":"#0","tintindex":0},"down":{"uv":[10.111111,12.888889,8.888889,13.666667],"rotation":0,"texture":"#0","tintindex":0}}}],"display":{"head":{"translation":[0.0,-6.4,0.0],"scale":[4.0,4.0,4.0]}}}