{"textures":{"0":"modelengine:entity/blitzcrank"},"elements":[{"from":[7.8431993,5.638026,4.0],"to":[15.843199,10.2094555,12.0],"rotation":{"angle":0.0,"axis":"y","origin":[15.2717705,-4.0762596,8.0]},"faces":{"east":{"uv":[13.888889,4.7777777,12.333333,5.6666665],"rotation":0,"texture":"#0","tintindex":0},"south":{"uv":[13.777778,1.6666666,12.222222,2.5555556],"rotation":0,"texture":"#0","tintindex":0},"north":{"uv":[13.333333,9.666667,11.777778,10.555555],"rotation":0,"texture":"#0","tintindex":0},"west":{"uv":[13.333333,10.555555,11.777778,11.444445],"rotation":0,"texture":"#0","tintindex":0},"up":{"uv":[10.666667,3.2222223,12.222222,1.6666666],"rotation":0,"texture":"#0","tintindex":0},"down":{"uv":[11.0,3.2222223,12.555555,4.7777777],"rotation":0,"texture":"#0","tintindex":0}}},{"from":[15.843771,1.066597,1.7142854],"to":[15.843771,13.638026,14.285715],"rotation":{"angle":0.0,"axis":"y","origin":[15.2717705,-2.3619738,8.0]},"faces":{"east":{"uv":[0.0,7.111111,2.4444444,9.555555],"rotation":0,"texture":"#0","tintindex":0},"south":{"uv":[0.0,0.0,0.0,2.4444444],"rotation":0,"texture":"#0","tintindex":0},"north":{"uv":[0.0,0.0,0.0,2.4444444],"rotation":0,"texture":"#0","tintindex":0},"west":{"uv":[2.4444444,7.111111,0.0,9.555555],"rotation":0,"texture":"#0","tintindex":0},"up":{"uv":[0.0,2.4444444,0.0,0.0],"rotation":0,"texture":"#0","tintindex":0},"down":{"uv":[0.0,0.0,0.0,2.4444444],"rotation":0,"texture":"#0","tintindex":0}}},{"from":[10.700342,-0.07625961,6.285714],"to":[13.557486,5.638026,9.714286],"rotation":{"angle":0.0,"axis":"y","origin":[15.843199,-8.647688,8.0]},"faces":{"east":{"uv":[8.222222,13.333333,7.5555553,14.444445],"rotation":0,"texture":"#0","tintindex":0},"south":{"uv":[14.111111,0.0,13.555555,1.1111112],"rotation":0,"texture":"#0","tintindex":0},"north":{"uv":[14.0,5.6666665,13.444445,6.7777777],"rotation":0,"texture":"#0","tintindex":0},"west":{"uv":[7.5555553,13.333333,6.888889,14.444445],"rotation":0,"texture":"#0","tintindex":0},"up":{"uv":[13.888889,14.666667,14.444445,14.0],"rotation":0,"texture":"#0","tintindex":0},"down":{"uv":[14.111111,0.0,14.666667,0.6666667],"rotation":0,"texture":"#0","tintindex":0}}}],"display":{"head":{"translation":[0.0,-6.4,0.0],"scale":[4.0,4.0,4.0]}}}