{"textures":{"0":"modelengine:entity/blitzcrank"},"elements":[{"from":[0.5714283,9.714286,2.2857141],"to":[15.428572,21.142857,13.714286],"rotation":{"angle":0.0,"axis":"y","origin":[8.0,6.857143,8.0]},"faces":{"east":{"uv":[7.7777777,0.0,10.0,2.2222223],"rotation":0,"texture":"#0","tintindex":0},"south":{"uv":[2.8888888,2.6666667,5.7777777,4.888889],"rotation":0,"texture":"#0","tintindex":0},"north":{"uv":[0.0,2.6666667,2.8888888,4.888889],"rotation":0,"texture":"#0","tintindex":0},"west":{"uv":[2.4444444,7.7777777,4.6666665,10.0],"rotation":0,"texture":"#0","tintindex":0},"up":{"uv":[2.8888888,7.111111,0.0,4.888889],"rotation":0,"texture":"#0","tintindex":0},"down":{"uv":[7.7777777,0.0,4.888889,2.2222223],"rotation":0,"texture":"#0","tintindex":0}}},{"from":[2.2857141,8.0,4.0],"to":[13.714286,22.857143,12.571428],"rotation":{"angle":0.0,"axis":"y","origin":[8.0,6.857143,8.0]},"faces":{"east":{"uv":[9.333333,4.2222223,11.0,7.111111],"rotation":0,"texture":"#0","tintindex":0},"south":{"uv":[5.111111,4.888889,7.3333335,7.7777777],"rotation":0,"texture":"#0","tintindex":0},"north":{"uv":[2.8888888,4.888889,5.111111,7.7777777],"rotation":0,"texture":"#0","tintindex":0},"west":{"uv":[9.333333,7.111111,11.0,10.0],"rotation":0,"texture":"#0","tintindex":0},"up":{"uv":[4.6666665,11.666667,2.4444444,10.0],"rotation":0,"texture":"#0","tintindex":0},"down":{"uv":[11.777778,10.0,9.555555,11.666667],"rotation":0,"texture":"#0","tintindex":0}}},{"from":[1.7142854,8.571428,2.8571424],"to":[14.285715,22.285715,13.142858],"rotation":{"angle":0.0,"axis":"y","origin":[8.0,6.857143,8.0]},"faces":{"east":{"uv":[7.3333335,4.6666665,9.333333,7.3333335],"rotation":0,"texture":"#0","tintindex":0},"south":{"uv":[2.4444444,0.0,4.888889,2.6666667],"rotation":0,"texture":"#0","tintindex":0},"north":{"uv":[0.0,0.0,2.4444444,2.6666667],"rotation":0,"texture":"#0","tintindex":0},"west":{"uv":[7.3333335,7.3333335,9.333333,10.0],"rotation":0,"texture":"#0","tintindex":0},"up":{"uv":[7.111111,9.777778,4.6666665,7.7777777],"rotation":0,"texture":"#0","tintindex":0},"down":{"uv":[10.666667,2.2222223,8.222222,4.2222223],"rotation":0,"texture":"#0","tintindex":0}}},{"from":[2.8571424,18.857143,2.8571424],"to":[2.8571424,24.57143,10.285714],"rotation":{"angle":-45.0,"axis":"y","origin":[8.571428,17.142857,6.285714]},"faces":{"east":{"uv":[10.0,11.666667,8.555555,12.777778],"rotation":0,"texture":"#0","tintindex":0},"south":{"uv":[0.0,0.0,0.0,1.1111112],"rotation":0,"texture":"#0","tintindex":0},"north":{"uv":[0.0,0.0,0.0,1.1111112],"rotation":0,"texture":"#0","tintindex":0},"west":{"uv":[8.555555,11.666667,10.0,12.777778],"rotation":0,"texture":"#0","tintindex":0},"up":{"uv":[0.0,1.4444444,0.0,0.0],"rotation":0,"texture":"#0","tintindex":0},"down":{"uv":[0.0,0.0,0.0,1.4444444],"rotation":0,"texture":"#0","tintindex":0}}},{"from":[13.142858,18.857143,2.8571424],"to":[13.142858,24.57143,10.285714],"rotation":{"angle":45.0,"axis":"y","origin":[7.428571,17.142857,6.285714]},"faces":{"east":{"uv":[10.0,11.666667,8.555555,12.777778],"rotation":0,"texture":"#0","tintindex":0},"south":{"uv":[0.0,0.0,0.0,1.1111112],"rotation":0,"texture":"#0","tintindex":0},"north":{"uv":[0.0,0.0,0.0,1.1111112],"rotation":0,"texture":"#0","tintindex":0},"west":{"uv":[8.555555,11.666667,10.0,12.777778],"rotation":0,"texture":"#0","tintindex":0},"up":{"uv":[0.0,1.4444444,0.0,0.0],"rotation":0,"texture":"#0","tintindex":0},"down":{"uv":[0.0,0.0,0.0,1.4444444],"rotation":0,"texture":"#0","tintindex":0}}},{"from":[1.1428566,21.142857,4.5714283],"to":[3.4285712,25.714287,12.0],"rotation":{"angle":0.0,"axis":"y","origin":[8.0,18.285715,8.0]},"faces":{"east":{"uv":[12.555555,3.7777777,14.0,4.6666665],"rotation":0,"texture":"#0","tintindex":0},"south":{"uv":[14.0,11.111111,14.444445,12.0],"rotation":0,"texture":"#0","tintindex":0},"north":{"uv":[9.777778,14.0,10.222222,14.888889],"rotation":0,"texture":"#0","tintindex":0},"west":{"uv":[0.0,12.666667,1.4444444,13.555555],"rotation":0,"texture":"#0","tintindex":0},"up":{"uv":[1.3333334,15.0,0.8888889,13.555555],"rotation":0,"texture":"#0","tintindex":0},"down":{"uv":[14.0,11.111111,13.555555,12.555555],"rotation":0,"texture":"#0","tintindex":0}}},{"from":[4.5714283,22.857143,4.5714283],"to":[11.428572,24.0,12.0],"rotation":{"angle":0.0,"axis":"y","origin":[8.0,21.714287,8.0]},"faces":{"east":{"uv":[14.222222,3.4444444,15.666667,3.6666667],"rotation":0,"texture":"#0","tintindex":0},"south":{"uv":[14.222222,12.444445,15.555555,12.666667],"rotation":0,"texture":"#0","tintindex":0},"north":{"uv":[10.222222,14.222222,11.555555,14.444445],"rotation":0,"texture":"#0","tintindex":0},"west":{"uv":[14.222222,7.888889,15.666667,8.111111],"rotation":0,"texture":"#0","tintindex":0},"up":{"uv":[12.333333,6.2222223,11.0,4.7777777],"rotation":0,"texture":"#0","tintindex":0},"down":{"uv":[12.333333,6.2222223,11.0,7.6666665],"rotation":0,"texture":"#0","tintindex":0}}},{"from":[12.571428,21.142857,4.5714283],"to":[14.857143,25.714287,12.0],"rotation":{"angle":0.0,"axis":"y","origin":[8.0,18.285715,8.0]},"faces":{"east":{"uv":[1.4444444,12.666667,0.0,13.555555],"rotation":0,"texture":"#0","tintindex":0},"south":{"uv":[14.444445,11.111111,14.0,12.0],"rotation":0,"texture":"#0","tintindex":0},"north":{"uv":[10.222222,14.0,9.777778,14.888889],"rotation":0,"texture":"#0","tintindex":0},"west":{"uv":[14.0,3.7777777,12.555555,4.6666665],"rotation":0,"texture":"#0","tintindex":0},"up":{"uv":[0.8888889,15.0,1.3333334,13.555555],"rotation":0,"texture":"#0","tintindex":0},"down":{"uv":[13.555555,11.111111,14.0,12.555555],"rotation":0,"texture":"#0","tintindex":0}}},{"from":[4.0,10.857143,1.1428566],"to":[12.0,12.0,2.2857141],"rotation":{"angle":0.0,"axis":"y","origin":[8.0,6.857143,-3.4285717]},"faces":{"east":{"uv":[12.555555,7.4444447,12.777778,7.6666665],"rotation":0,"texture":"#0","tintindex":0},"south":{"uv":[14.111111,0.6666667,15.666667,0.8888889],"rotation":0,"texture":"#0","tintindex":0},"north":{"uv":[14.0,12.222222,15.555555,12.444445],"rotation":0,"texture":"#0","tintindex":0},"west":{"uv":[6.888889,12.888889,7.111111,13.111111],"rotation":0,"texture":"#0","tintindex":0},"up":{"uv":[15.666667,1.1111112,14.111111,0.8888889],"rotation":0,"texture":"#0","tintindex":0},"down":{"uv":[15.777778,3.2222223,14.222222,3.4444444],"rotation":0,"texture":"#0","tintindex":0}}},{"from":[10.857143,12.0,1.1428566],"to":[12.0,17.714287,2.2857141],"rotation":{"angle":0.0,"axis":"y","origin":[8.0,6.857143,-3.4285717]},"faces":{"east":{"uv":[7.111111,8.888889,7.3333335,10.0],"rotation":0,"texture":"#0","tintindex":0},"south":{"uv":[4.4444447,11.666667,4.6666665,12.777778],"rotation":0,"texture":"#0","tintindex":0},"north":{"uv":[7.111111,7.7777777,7.3333335,8.888889],"rotation":0,"texture":"#0","tintindex":0},"west":{"uv":[11.888889,13.666667,12.111111,14.777778],"rotation":0,"texture":"#0","tintindex":0},"up":{"uv":[12.0,11.666667,11.777778,11.444445],"rotation":0,"texture":"#0","tintindex":0},"down":{"uv":[12.222222,11.444445,12.0,11.666667],"rotation":0,"texture":"#0","tintindex":0}}},{"from":[4.0,12.0,1.1428566],"to":[5.142857,17.714287,2.2857141],"rotation":{"angle":0.0,"axis":"y","origin":[1.1428566,6.857143,-3.4285717]},"faces":{"east":{"uv":[2.3333333,14.333333,2.5555556,15.444445],"rotation":0,"texture":"#0","tintindex":0},"south":{"uv":[2.5555556,14.333333,2.7777777,15.444445],"rotation":0,"texture":"#0","tintindex":0},"north":{"uv":[14.222222,12.666667,14.444445,13.777778],"rotation":0,"texture":"#0","tintindex":0},"west":{"uv":[2.7777777,14.333333,3.0,15.444445],"rotation":0,"texture":"#0","tintindex":0},"up":{"uv":[12.444445,11.666667,12.222222,11.444445],"rotation":0,"texture":"#0","tintindex":0},"down":{"uv":[12.555555,7.4444447,12.333333,7.6666665],"rotation":0,"texture":"#0","tintindex":0}}},{"from":[4.0,17.714287,1.1428566],"to":[12.0,18.857143,2.2857141],"rotation":{"angle":0.0,"axis":"y","origin":[8.0,6.857143,-3.4285717]},"faces":{"east":{"uv":[10.666667,3.7777777,10.888889,4.0],