{"textures":{"0":"modelengine:entity/wolf_main","1":"modelengine:entity/wolf_extra"},"elements":[{"from":[6.857143,4.137098,4.882516],"to":[9.142858,6.4228125,9.453945],"rotation":{"angle":-45.0,"axis":"x","origin":[7.428571,5.279955,5.4539447]},"faces":{"east":{"uv":[12.25,3.375,13.25,3.875],"rotation":0,"texture":"#0","tintindex":0},"south":{"uv":[0.0,13.25,0.5,13.75],"rotation":0,"texture":"#0","tintindex":0},"north":{"uv":[12.75,13.125,13.25,13.625],"rotation":0,"texture":"#0","tintindex":0},"west":{"uv":[12.25,3.875,13.25,4.375],"rotation":0,"texture":"#0","tintindex":0},"up":{"uv":[9.0,13.0,8.5,12.0],"rotation":0,"texture":"#0","tintindex":0},"down":{"uv":[11.625,12.125,11.125,13.125],"rotation":0,"texture":"#0","tintindex":0}}},{"from":[6.285714,3.733037,3.9070263],"to":[9.714286,6.018751,5.621312],"rotation":{"angle":0.0,"axis":"y","origin":[7.428571,4.875894,3.9070263]},"faces":{"east":{"uv":[6.625,13.375,7.0,13.875],"rotation":0,"texture":"#0","tintindex":0},"south":{"uv":[12.625,5.875,13.375,6.375],"rotation":0,"texture":"#0","tintindex":0},"north":{"uv":[5.875,12.625,6.625,13.125],"rotation":0,"texture":"#0","tintindex":0},"west":{"uv":[13.375,6.625,13.75,7.125],"rotation":0,"texture":"#0","tintindex":0},"up":{"uv":[2.875,13.5,2.125,13.125],"rotation":0,"texture":"#0","tintindex":0},"down":{"uv":[3.625,13.125,2.875,13.5],"rotation":0,"texture":"#0","tintindex":0}}},{"from":[6.2799997,3.3826795,2.7170882],"to":[9.72,5.668393,4.4313736],"rotation":{"angle":-22.5,"axis":"x","origin":[7.428571,4.5255365,3.288517]},"faces":{"east":{"uv":[9.0,13.375,9.375,13.875],"rotation":0,"texture":"#0","tintindex":0},"south":{"uv":[12.625,6.875,13.375,7.375],"rotation":0,"texture":"#0","tintindex":0},"north":{"uv":[12.625,6.375,13.375,6.875],"rotation":0,"texture":"#0","tintindex":0},"west":{"uv":[9.875,13.375,10.25,13.875],"rotation":0,"texture":"#0","tintindex":0},"up":{"uv":[4.375,13.5,3.625,13.125],"rotation":0,"texture":"#0","tintindex":0},"down":{"uv":[6.125,13.125,5.375,13.5],"rotation":0,"texture":"#0","tintindex":0}}},{"from":[6.285714,3.4285712,1.1428566],"to":[9.714286,5.142857,1.1428566],"rotation":{"angle":22.5,"axis":"x","origin":[7.428571,2.2857141,2.2857141]},"faces":{"east":{"uv":[0.0,0.0,0.0,0.6],"rotation":0,"texture":"#1","tintindex":0},"south":{"uv":[14.0,2.0,15.2,2.6],"rotation":0,"texture":"#1","tintindex":0},"north":{"uv":[8.4,11.4,9.6,12.0],"rotation":0,"texture":"#1","tintindex":0},"west":{"uv":[0.0,0.0,0.0,0.6],"rotation":0,"texture":"#1","tintindex":0},"up":{"uv":[1.2,0.0,0.0,0.0],"rotation":0,"texture":"#1","tintindex":0},"down":{"uv":[1.2,0.0,0.0,0.0],"rotation":0,"texture":"#1","tintindex":0}}}],"display":{"head":{"translation":[0.0,-6.4,0.0],"scale":[4.0,4.0,4.0]}}}