{"textures":{"0":"modelengine:entity/wolf_main"},"elements":[{"from":[6.285714,6.285714,8.0],"to":[9.714286,9.714286,13.714286],"rotation":{"angle":0.0,"axis":"y","origin":[4.5714283,8.571428,8.0]},"faces":{"east":{"uv":[10.375,3.5,11.625,4.25],"rotation":0,"texture":"#0","tintindex":0},"south":{"uv":[3.375,11.875,4.125,12.625],"rotation":0,"texture":"#0","tintindex":0},"north":{"uv":[7.25,11.75,8.0,12.5],"rotation":0,"texture":"#0","tintindex":0},"west":{"uv":[10.5,0.75,11.75,1.5],"rotation":0,"texture":"#0","tintindex":0},"up":{"uv":[3.375,8.125,2.625,6.875],"rotation":0,"texture":"#0","tintindex":0},"down":{"uv":[11.25,1.5,10.5,2.75],"rotation":0,"texture":"#0","tintindex":0}}},{"from":[6.857143,6.857143,13.714286],"to":[9.142858,9.142858,15.428572],"rotation":{"angle":0.0,"axis":"y","origin":[4.5714283,8.571428,13.714286]},"faces":{"east":{"uv":[13.25,13.125,13.625,13.625],"rotation":0,"texture":"#0","tintindex":0},"south":{"uv":[12.25,13.125,12.75,13.625],"rotation":0,"texture":"#0","tintindex":0},"north":{"uv":[10.875,13.125,11.375,13.625],"rotation":0,"texture":"#0","tintindex":0},"west":{"uv":[13.375,0.625,13.75,1.125],"rotation":0,"texture":"#0","tintindex":0},"up":{"uv":[10.5,7.5,10.0,7.125],"rotation":0,"texture":"#0","tintindex":0},"down":{"uv":[11.875,7.75,11.375,8.125],"rotation":0,"texture":"#0","tintindex":0}}}],"display":{"head":{"translation":[0.0,-6.4,0.0],"scale":[4.0,4.0,4.0]}}}