{"textures":{"0":"modelengine:entity/frost_queen_phase_2"},"elements":[{"from":[6.04,10.741729,2.9833822],"to":[14.474286,14.856014,6.2748113],"rotation":{"angle":22.5,"axis":"x","origin":[9.948571,11.291429,5.6685715]},"faces":{"east":{"uv":[8.5,4.5,8.875,5.125],"rotation":0,"texture":"#0","tintindex":0},"south":{"uv":[0.0,0.625,1.375,1.25],"rotation":0,"texture":"#0","tintindex":0},"north":{"uv":[0.0,0.0,1.375,0.625],"rotation":0,"texture":"#0","tintindex":0},"west":{"uv":[4.75,8.5,5.125,9.125],"rotation":0,"texture":"#0","tintindex":0},"up":{"uv":[3.625,3.5,2.25,3.125],"rotation":0,"texture":"#0","tintindex":0},"down":{"uv":[4.625,1.0,3.25,1.375],"rotation":0,"texture":"#0","tintindex":0}}},{"from":[6.6571426,10.118139,4.470692],"to":[13.651429,13.409569,8.276406],"rotation":{"angle":-22.5,"axis":"x","origin":[9.948571,11.291429,5.6685715]},"faces":{"east":{"uv":[6.875,3.25,7.5,3.75],"rotation":0,"texture":"#0","tintindex":0},"south":{"uv":[1.375,2.5,2.5,3.0],"rotation":0,"texture":"#0","tintindex":0},"north":{"uv":[2.5,0.5,3.625,1.0],"rotation":0,"texture":"#0","tintindex":0},"west":{"uv":[2.5,7.0,3.125,7.5],"rotation":0,"texture":"#0","tintindex":0},"up":{"uv":[1.125,1.875,0.0,1.25],"rotation":0,"texture":"#0","tintindex":0},"down":{"uv":[2.25,1.25,1.125,1.875],"rotation":0,"texture":"#0","tintindex":0}}},{"from":[6.862857,7.8035216,5.085517],"to":[13.0342865,11.81495,8.274089],"rotation":{"angle":0.0,"axis":"y","origin":[9.948571,11.291429,5.6685715]},"faces":{"east":{"uv":[5.875,4.375,6.5,4.9375],"rotation":0,"texture":"#0","tintindex":0},"south":{"uv":[0.0,3.0,0.9375,3.5625],"rotation":0,"texture":"#0","tintindex":0},"north":{"uv":[2.5,2.5,3.4375,3.0625],"rotation":0,"texture":"#0","tintindex":0},"west":{"uv":[6.0,0.875,6.625,1.4375],"rotation":0,"texture":"#0","tintindex":0},"up":{"uv":[3.1875,1.875,2.25,1.25],"rotation":0,"texture":"#0","tintindex":0},"down":{"uv":[3.1875,1.875,2.25,2.5],"rotation":0,"texture":"#0","tintindex":0}}},{"from":[12.67275,10.140243,2.2446675],"to":[12.67275,11.374528,5.9063816],"rotation":{"angle":-22.5,"axis":"x","origin":[-2.9615364,10.551671,5.515525]},"faces":{"east":{"uv":[10.75,13.6875,10.3125,13.25],"rotation":180,"texture":"#0","tintindex":0},"south":{"uv":[14.5,8.8125,14.0625,9.25],"rotation":0,"texture":"#0","tintindex":0},"north":{"uv":[9.6875,6.625,9.25,7.0625],"rotation":0,"texture":"#0","tintindex":0},"west":{"uv":[10.3125,13.6875,10.75,13.25],"rotation":180,"texture":"#0","tintindex":0},"up":{"uv":[14.1875,10.0625,14.625,9.625],"rotation":180,"texture":"#0","tintindex":0},"down":{"uv":[13.6875,6.5625,14.125,7.0],"rotation":180,"texture":"#0","tintindex":0}}}],"display":{"head":{"translation":[0.0,-6.4,0.0],"scale":[4.0,4.0,4.0]}}}