{"textures":{"0":"modelengine:entity/frost_queen_phase_2"},"elements":[{"from":[10.606857,7.2799997,3.076571],"to":[12.252571,8.72,4.310857],"rotation":{"angle":0.0,"axis":"y","origin":[10.401143,7.4857144,3.9817142]},"faces":{"east":{"uv":[10.125,5.375,10.625,5.6875],"rotation":0,"texture":"#0","tintindex":0},"south":{"uv":[9.75,8.625,10.3125,8.9375],"rotation":0,"texture":"#0","tintindex":0},"north":{"uv":[8.375,9.75,8.9375,10.0625],"rotation":0,"texture":"#0","tintindex":0},"west":{"uv":[10.125,5.75,10.625,6.0625],"rotation":0,"texture":"#0","tintindex":0},"up":{"uv":[7.9375,5.5,7.375,5.0],"rotation":0,"texture":"#0","tintindex":0},"down":{"uv":[7.9375,5.5,7.375,6.0],"rotation":0,"texture":"#0","tintindex":0}}},{"from":[12.046858,7.2799997,2.9119997],"to":[12.787429,9.131429,6.7794285],"rotation":{"angle":0.0,"axis":"y","origin":[10.401143,7.4857144,3.9817142]},"faces":{"east":{"uv":[10.5,1.375,10.9375,1.6875],"rotation":0,"texture":"#0","tintindex":0},"south":{"uv":[7.625,11.25,7.8125,11.5625],"rotation":0,"texture":"#0","tintindex":0},"north":{"uv":[7.375,11.25,7.5625,11.5625],"rotation":0,"texture":"#0","tintindex":0},"west":{"uv":[10.5,1.75,10.9375,2.0625],"rotation":0,"texture":"#0","tintindex":0},"up":{"uv":[11.1875,7.8125,11.0,7.375],"rotation":0,"texture":"#0","tintindex":0},"down":{"uv":[11.1875,7.875,11.0,8.3125],"rotation":0,"texture":"#0","tintindex":0}}},{"from":[11.841143,7.897143,2.7062855],"to":[12.581715,9.748571,3.2822857],"rotation":{"angle":-22.5,"axis":"x","origin":[12.417143,9.645715,3.1999998]},"faces":{"east":{"uv":[10.5,1.375,10.9375,1.6875],"rotation":0,"texture":"#0","tintindex":0},"south":{"uv":[7.625,11.25,7.8125,11.5625],"rotation":0,"texture":"#0","tintindex":0},"north":{"uv":[7.375,11.25,7.5625,11.5625],"rotation":0,"texture":"#0","tintindex":0},"west":{"uv":[10.5,1.75,10.9375,2.0625],"rotation":0,"texture":"#0","tintindex":0},"up":{"uv":[11.1875,7.8125,11.0,7.375],"rotation":0,"texture":"#0","tintindex":0},"down":{"uv":[11.1875,7.875,11.0,8.3125],"rotation":0,"texture":"#0","tintindex":0}}}],"display":{"head":{"translation":[0.0,-6.4,0.0],"scale":[4.0,4.0,4.0]}}}