{"textures":{"0":"modelengine:entity/frost_queen_phase_2"},"elements":[{"from":[10.282051,6.8992205,5.6054335],"to":[13.57348,8.7506485,7.4568624],"rotation":{"angle":0.0,"axis":"y","origin":[11.207766,7.8249345,7.045434]},"faces":{"east":{"uv":[10.3125,14.8125,10.625,15.125],"rotation":0,"texture":"#0","tintindex":0},"south":{"uv":[7.6875,14.875,8.0,15.1875],"rotation":0,"texture":"#0","tintindex":0},"north":{"uv":[8.375,13.6875,8.6875,14.0],"rotation":0,"texture":"#0","tintindex":0},"west":{"uv":[0.0,10.875,0.3125,11.1875],"rotation":0,"texture":"#0","tintindex":0},"up":{"uv":[7.8125,13.875,7.5,13.5625],"rotation":0,"texture":"#0","tintindex":0},"down":{"uv":[8.9375,14.9375,8.625,15.25],"rotation":0,"texture":"#0","tintindex":0}}},{"from":[11.644151,6.4877915,5.271905],"to":[15.758436,9.162077,7.7404766],"rotation":{"angle":0.0,"axis":"y","origin":[8.558436,5.8597455,6.4387484]},"faces":{"east":{"uv":[0.875,8.0,1.25,8.5],"rotation":0,"texture":"#0","tintindex":0},"south":{"uv":[4.375,7.0,5.0,7.5],"rotation":0,"texture":"#0","tintindex":0},"north":{"uv":[7.0,3.75,7.625,4.25],"rotation":0,"texture":"#0","tintindex":0},"west":{"uv":[0.5,9.375,0.875,9.875],"rotation":0,"texture":"#0","tintindex":0},"up":{"uv":[9.25,6.25,8.625,5.875],"rotation":0,"texture":"#0","tintindex":0},"down":{"uv":[7.125,8.625,6.5,9.0],"rotation":0,"texture":"#0","tintindex":0}}}],"display":{"head":{"translation":[0.0,-6.4,0.0],"scale":[4.0,4.0,4.0]}}}