{"textures":{"0":"modelengine:entity/elitemobs_craftenmine_sanctum_texture"},"elements":[{"from":[7.1010284,7.061943,6.8969145],"to":[8.898972,8.938057,9.1030855],"rotation":{"angle":0.0,"axis":"y","origin":[4.3885713,6.8925714,8.748571]},"faces":{"east":{"uv":[8.34375,5.0,7.875,5.40625],"rotation":0,"texture":"#0","tintindex":0},"south":{"uv":[7.90625,4.125,7.125,4.53125],"rotation":0,"texture":"#0","tintindex":0},"north":{"uv":[7.90625,3.625,7.125,4.03125],"rotation":0,"texture":"#0","tintindex":0},"west":{"uv":[5.46875,7.875,5.0,8.28125],"rotation":0,"texture":"#0","tintindex":0},"up":{"uv":[6.375,2.96875,7.15625,2.5],"rotation":0,"texture":"#0","tintindex":0},"down":{"uv":[6.375,4.875,7.15625,5.34375],"rotation":0,"texture":"#0","tintindex":0}}}],"display":{"head":{"translation":[0.0,-6.4,0.0],"scale":[4.0,4.0,4.0]}}}